ISO-10303-21;
HEADER;
/* Generated by software containing ST-Developer
 * from STEP Tools, Inc. (www.steptools.com) 
 */

FILE_DESCRIPTION(
/* description */ (''),
/* implementation_level */ '2;1');

FILE_NAME(
/* name */ 'arm_part2.step',
/* time_stamp */ '2026-08-20T17:24:42+05:30',
/* author */ (''),
/* organization */ (''),
/* preprocessor_version */ 'ST-DEVELOPER v20.1',
/* originating_system */ 'Autodesk Translation Framework v15.8.0.0',
/* authorisation */ '');

FILE_SCHEMA (('AUTOMOTIVE_DESIGN { 1 0 10303 214 3 1 1 }'));
ENDSEC;

DATA;
#10=MECHANICAL_DESIGN_GEOMETRIC_PRESENTATION_REPRESENTATION('',(#13),#2096);
#11=SHAPE_REPRESENTATION_RELATIONSHIP('SRR','None',#2103,#12);
#12=ADVANCED_BREP_SHAPE_REPRESENTATION('',(#14),#2095);
#13=STYLED_ITEM('',(#2112),#14);
#14=MANIFOLD_SOLID_BREP('Body1',#1260);
#15=B_SPLINE_CURVE_WITH_KNOTS('',3,(#1930,#1931,#1932,#1933),
 .UNSPECIFIED.,.F.,.F.,(4,4),(0.,0.704985562728887),.UNSPECIFIED.);
#16=B_SPLINE_CURVE_WITH_KNOTS('',3,(#1950,#1951,#1952,#1953),
 .UNSPECIFIED.,.F.,.F.,(4,4),(0.,0.691621352864477),.UNSPECIFIED.);
#17=B_SPLINE_CURVE_WITH_KNOTS('',3,(#1963,#1964,#1965,#1966),
 .UNSPECIFIED.,.F.,.F.,(4,4),(0.,0.690897277946133),.UNSPECIFIED.);
#18=B_SPLINE_CURVE_WITH_KNOTS('',3,(#1986,#1987,#1988,#1989),
 .UNSPECIFIED.,.F.,.F.,(4,4),(0.,0.706890854366627),.UNSPECIFIED.);
#19=B_SPLINE_CURVE_WITH_KNOTS('',3,(#2021,#2022,#2023,#2024),
 .UNSPECIFIED.,.F.,.F.,(4,4),(0.,0.704985562726163),.UNSPECIFIED.);
#20=B_SPLINE_CURVE_WITH_KNOTS('',3,(#2038,#2039,#2040,#2041),
 .UNSPECIFIED.,.F.,.F.,(4,4),(0.,0.690897277945702),.UNSPECIFIED.);
#21=B_SPLINE_CURVE_WITH_KNOTS('',3,(#2047,#2048,#2049,#2050),
 .UNSPECIFIED.,.F.,.F.,(4,4),(0.,0.691621352864242),.UNSPECIFIED.);
#22=B_SPLINE_CURVE_WITH_KNOTS('',3,(#2053,#2054,#2055,#2056),
 .UNSPECIFIED.,.F.,.F.,(4,4),(0.,0.707096507303485),.UNSPECIFIED.);
#23=ELLIPSE('',#1298,6.23593522516457,4.40947208475395);
#24=ELLIPSE('',#1300,6.23593522516454,4.40947208475395);
#25=ELLIPSE('',#1306,6.23593522516462,4.40947208475395);
#26=ELLIPSE('',#1311,6.23593522516461,4.40947208475395);
#27=(
BOUNDED_CURVE()
B_SPLINE_CURVE(2,(#1762,#1763,#1764),.UNSPECIFIED.,.F.,.F.)
B_SPLINE_CURVE_WITH_KNOTS((3,3),(0.,0.0418176248511101),.UNSPECIFIED.)
CURVE()
GEOMETRIC_REPRESENTATION_ITEM()
RATIONAL_B_SPLINE_CURVE((1.,1.,1.))
REPRESENTATION_ITEM('')
);
#28=(
BOUNDED_CURVE()
B_SPLINE_CURVE(2,(#1768,#1769,#1770),.UNSPECIFIED.,.F.,.F.)
B_SPLINE_CURVE_WITH_KNOTS((3,3),(0.,0.0196856093038829),.UNSPECIFIED.)
CURVE()
GEOMETRIC_REPRESENTATION_ITEM()
RATIONAL_B_SPLINE_CURVE((1.,1.,1.))
REPRESENTATION_ITEM('')
);
#29=CONICAL_SURFACE('',#1294,4.39947208475396,0.78539816339671);
#30=CONICAL_SURFACE('',#1335,8.57649548254229,0.785398163397446);
#31=CONICAL_SURFACE('',#1341,17.0502002215549,0.785398163397448);
#32=CONICAL_SURFACE('',#1352,8.57649548254228,0.785398163397448);
#33=CONICAL_SURFACE('',#1356,17.0502002215549,0.785398163397448);
#34=FACE_BOUND('',#163,.T.);
#35=FACE_BOUND('',#169,.T.);
#36=FACE_BOUND('',#205,.T.);
#37=FACE_BOUND('',#220,.T.);
#38=FACE_BOUND('',#221,.T.);
#39=FACE_BOUND('',#225,.T.);
#40=FACE_BOUND('',#226,.T.);
#41=FACE_BOUND('',#229,.T.);
#42=PLANE('',#1277);
#43=PLANE('',#1281);
#44=PLANE('',#1282);
#45=PLANE('',#1287);
#46=PLANE('',#1291);
#47=PLANE('',#1292);
#48=PLANE('',#1301);
#49=PLANE('',#1302);
#50=PLANE('',#1303);
#51=PLANE('',#1304);
#52=PLANE('',#1305);
#53=PLANE('',#1307);
#54=PLANE('',#1308);
#55=PLANE('',#1309);
#56=PLANE('',#1310);
#57=PLANE('',#1312);
#58=PLANE('',#1313);
#59=PLANE('',#1314);
#60=PLANE('',#1315);
#61=PLANE('',#1319);
#62=PLANE('',#1323);
#63=PLANE('',#1324);
#64=PLANE('',#1325);
#65=PLANE('',#1326);
#66=PLANE('',#1327);
#67=PLANE('',#1328);
#68=PLANE('',#1330);
#69=PLANE('',#1332);
#70=PLANE('',#1333);
#71=PLANE('',#1334);
#72=PLANE('',#1338);
#73=PLANE('',#1339);
#74=PLANE('',#1340);
#75=PLANE('',#1344);
#76=PLANE('',#1345);
#77=PLANE('',#1348);
#78=PLANE('',#1349);
#79=PLANE('',#1350);
#80=PLANE('',#1351);
#81=PLANE('',#1355);
#82=PLANE('',#1358);
#83=PLANE('',#1359);
#84=PLANE('',#1361);
#85=PLANE('',#1362);
#86=PLANE('',#1363);
#87=PLANE('',#1364);
#88=PLANE('',#1365);
#89=PLANE('',#1368);
#90=PLANE('',#1369);
#91=PLANE('',#1370);
#92=FACE_OUTER_BOUND('',#158,.T.);
#93=FACE_OUTER_BOUND('',#159,.T.);
#94=FACE_OUTER_BOUND('',#160,.T.);
#95=FACE_OUTER_BOUND('',#161,.T.);
#96=FACE_OUTER_BOUND('',#162,.T.);
#97=FACE_OUTER_BOUND('',#164,.T.);
#98=FACE_OUTER_BOUND('',#165,.T.);
#99=FACE_OUTER_BOUND('',#166,.T.);
#100=FACE_OUTER_BOUND('',#167,.T.);
#101=FACE_OUTER_BOUND('',#168,.T.);
#102=FACE_OUTER_BOUND('',#170,.T.);
#103=FACE_OUTER_BOUND('',#171,.T.);
#104=FACE_OUTER_BOUND('',#172,.T.);
#105=FACE_OUTER_BOUND('',#173,.T.);
#106=FACE_OUTER_BOUND('',#174,.T.);
#107=FACE_OUTER_BOUND('',#175,.T.);
#108=FACE_OUTER_BOUND('',#176,.T.);
#109=FACE_OUTER_BOUND('',#177,.T.);
#110=FACE_OUTER_BOUND('',#178,.T.);
#111=FACE_OUTER_BOUND('',#179,.T.);
#112=FACE_OUTER_BOUND('',#180,.T.);
#113=FACE_OUTER_BOUND('',#181,.T.);
#114=FACE_OUTER_BOUND('',#182,.T.);
#115=FACE_OUTER_BOUND('',#183,.T.);
#116=FACE_OUTER_BOUND('',#184,.T.);
#117=FACE_OUTER_BOUND('',#185,.T.);
#118=FACE_OUTER_BOUND('',#186,.T.);
#119=FACE_OUTER_BOUND('',#187,.T.);
#120=FACE_OUTER_BOUND('',#188,.T.);
#121=FACE_OUTER_BOUND('',#189,.T.);
#122=FACE_OUTER_BOUND('',#190,.T.);
#123=FACE_OUTER_BOUND('',#191,.T.);
#124=FACE_OUTER_BOUND('',#192,.T.);
#125=FACE_OUTER_BOUND('',#193,.T.);
#126=FACE_OUTER_BOUND('',#194,.T.);
#127=FACE_OUTER_BOUND('',#195,.T.);
#128=FACE_OUTER_BOUND('',#196,.T.);
#129=FACE_OUTER_BOUND('',#197,.T.);
#130=FACE_OUTER_BOUND('',#198,.T.);
#131=FACE_OUTER_BOUND('',#199,.T.);
#132=FACE_OUTER_BOUND('',#200,.T.);
#133=FACE_OUTER_BOUND('',#201,.T.);
#134=FACE_OUTER_BOUND('',#202,.T.);
#135=FACE_OUTER_BOUND('',#203,.T.);
#136=FACE_OUTER_BOUND('',#204,.T.);
#137=FACE_OUTER_BOUND('',#206,.T.);
#138=FACE_OUTER_BOUND('',#207,.T.);
#139=FACE_OUTER_BOUND('',#208,.T.);
#140=FACE_OUTER_BOUND('',#209,.T.);
#141=FACE_OUTER_BOUND('',#210,.T.);
#142=FACE_OUTER_BOUND('',#211,.T.);
#143=FACE_OUTER_BOUND('',#212,.T.);
#144=FACE_OUTER_BOUND('',#213,.T.);
#145=FACE_OUTER_BOUND('',#214,.T.);
#146=FACE_OUTER_BOUND('',#215,.T.);
#147=FACE_OUTER_BOUND('',#216,.T.);
#148=FACE_OUTER_BOUND('',#217,.T.);
#149=FACE_OUTER_BOUND('',#218,.T.);
#150=FACE_OUTER_BOUND('',#219,.T.);
#151=FACE_OUTER_BOUND('',#222,.T.);
#152=FACE_OUTER_BOUND('',#223,.T.);
#153=FACE_OUTER_BOUND('',#224,.T.);
#154=FACE_OUTER_BOUND('',#227,.T.);
#155=FACE_OUTER_BOUND('',#228,.T.);
#156=FACE_OUTER_BOUND('',#230,.T.);
#157=FACE_OUTER_BOUND('',#231,.T.);
#158=EDGE_LOOP('',(#827,#828,#829,#830));
#159=EDGE_LOOP('',(#831,#832,#833,#834));
#160=EDGE_LOOP('',(#835,#836,#837,#838));
#161=EDGE_LOOP('',(#839,#840,#841,#842));
#162=EDGE_LOOP('',(#843,#844,#845,#846));
#163=EDGE_LOOP('',(#847));
#164=EDGE_LOOP('',(#848,#849,#850,#851));
#165=EDGE_LOOP('',(#852,#853,#854,#855));
#166=EDGE_LOOP('',(#856,#857,#858,#859));
#167=EDGE_LOOP('',(#860,#861,#862,#863));
#168=EDGE_LOOP('',(#864,#865,#866,#867));
#169=EDGE_LOOP('',(#868));
#170=EDGE_LOOP('',(#869,#870,#871,#872));
#171=EDGE_LOOP('',(#873,#874,#875,#876,#877,#878));
#172=EDGE_LOOP('',(#879,#880,#881,#882,#883,#884));
#173=EDGE_LOOP('',(#885,#886,#887,#888));
#174=EDGE_LOOP('',(#889,#890,#891,#892,#893,#894));
#175=EDGE_LOOP('',(#895,#896,#897,#898));
#176=EDGE_LOOP('',(#899,#900,#901,#902));
#177=EDGE_LOOP('',(#903,#904,#905,#906,#907));
#178=EDGE_LOOP('',(#908,#909,#910,#911,#912));
#179=EDGE_LOOP('',(#913,#914,#915,#916,#917));
#180=EDGE_LOOP('',(#918,#919,#920,#921));
#181=EDGE_LOOP('',(#922,#923,#924,#925,#926));
#182=EDGE_LOOP('',(#927,#928,#929,#930,#931));
#183=EDGE_LOOP('',(#932,#933,#934,#935,#936));
#184=EDGE_LOOP('',(#937,#938,#939,#940));
#185=EDGE_LOOP('',(#941,#942,#943,#944,#945,#946));
#186=EDGE_LOOP('',(#947,#948,#949,#950));
#187=EDGE_LOOP('',(#951,#952,#953,#954));
#188=EDGE_LOOP('',(#955,#956,#957,#958,#959,#960,#961));
#189=EDGE_LOOP('',(#962,#963,#964,#965));
#190=EDGE_LOOP('',(#966,#967,#968,#969));
#191=EDGE_LOOP('',(#970,#971,#972,#973));
#192=EDGE_LOOP('',(#974,#975,#976,#977,#978,#979,#980));
#193=EDGE_LOOP('',(#981,#982,#983,#984,#985,#986,#987,#988,#989));
#194=EDGE_LOOP('',(#990,#991,#992,#993,#994,#995,#996,#997));
#195=EDGE_LOOP('',(#998,#999,#1000,#1001));
#196=EDGE_LOOP('',(#1002,#1003,#1004,#1005));
#197=EDGE_LOOP('',(#1006,#1007,#1008,#1009,#1010,#1011));
#198=EDGE_LOOP('',(#1012,#1013,#1014,#1015,#1016));
#199=EDGE_LOOP('',(#1017,#1018,#1019,#1020));
#200=EDGE_LOOP('',(#1021,#1022,#1023,#1024,#1025));
#201=EDGE_LOOP('',(#1026,#1027,#1028,#1029));
#202=EDGE_LOOP('',(#1030,#1031,#1032,#1033,#1034));
#203=EDGE_LOOP('',(#1035,#1036,#1037,#1038));
#204=EDGE_LOOP('',(#1039,#1040,#1041,#1042,#1043));
#205=EDGE_LOOP('',(#1044));
#206=EDGE_LOOP('',(#1045,#1046,#1047,#1048,#1049,#1050,#1051));
#207=EDGE_LOOP('',(#1052,#1053,#1054,#1055));
#208=EDGE_LOOP('',(#1056,#1057,#1058,#1059,#1060,#1061,#1062,#1063,#1064,
#1065,#1066,#1067));
#209=EDGE_LOOP('',(#1068,#1069,#1070,#1071));
#210=EDGE_LOOP('',(#1072,#1073,#1074,#1075,#1076,#1077));
#211=EDGE_LOOP('',(#1078,#1079,#1080,#1081,#1082));
#212=EDGE_LOOP('',(#1083,#1084,#1085,#1086));
#213=EDGE_LOOP('',(#1087,#1088,#1089,#1090,#1091));
#214=EDGE_LOOP('',(#1092,#1093,#1094,#1095));
#215=EDGE_LOOP('',(#1096,#1097,#1098,#1099));
#216=EDGE_LOOP('',(#1100,#1101,#1102,#1103,#1104));
#217=EDGE_LOOP('',(#1105,#1106,#1107,#1108));
#218=EDGE_LOOP('',(#1109,#1110,#1111,#1112,#1113,#1114,#1115,#1116,#1117,
#1118,#1119));
#219=EDGE_LOOP('',(#1120,#1121,#1122,#1123));
#220=EDGE_LOOP('',(#1124,#1125,#1126,#1127));
#221=EDGE_LOOP('',(#1128,#1129,#1130,#1131));
#222=EDGE_LOOP('',(#1132,#1133,#1134,#1135,#1136,#1137,#1138,#1139,#1140,
#1141));
#223=EDGE_LOOP('',(#1142,#1143,#1144,#1145,#1146));
#224=EDGE_LOOP('',(#1147,#1148,#1149,#1150));
#225=EDGE_LOOP('',(#1151,#1152,#1153,#1154));
#226=EDGE_LOOP('',(#1155,#1156,#1157,#1158));
#227=EDGE_LOOP('',(#1159,#1160,#1161,#1162));
#228=EDGE_LOOP('',(#1163,#1164,#1165,#1166,#1167));
#229=EDGE_LOOP('',(#1168));
#230=EDGE_LOOP('',(#1169,#1170,#1171,#1172,#1173,#1174,#1175,#1176,#1177));
#231=EDGE_LOOP('',(#1178,#1179,#1180,#1181,#1182));
#232=LINE('',#1710,#369);
#233=LINE('',#1713,#370);
#234=LINE('',#1716,#371);
#235=LINE('',#1718,#372);
#236=LINE('',#1719,#373);
#237=LINE('',#1725,#374);
#238=LINE('',#1727,#375);
#239=LINE('',#1728,#376);
#240=LINE('',#1737,#377);
#241=LINE('',#1740,#378);
#242=LINE('',#1743,#379);
#243=LINE('',#1745,#380);
#244=LINE('',#1746,#381);
#245=LINE('',#1752,#382);
#246=LINE('',#1754,#383);
#247=LINE('',#1755,#384);
#248=LINE('',#1776,#385);
#249=LINE('',#1780,#386);
#250=LINE('',#1785,#387);
#251=LINE('',#1787,#388);
#252=LINE('',#1789,#389);
#253=LINE('',#1791,#390);
#254=LINE('',#1793,#391);
#255=LINE('',#1794,#392);
#256=LINE('',#1797,#393);
#257=LINE('',#1799,#394);
#258=LINE('',#1800,#395);
#259=LINE('',#1804,#396);
#260=LINE('',#1806,#397);
#261=LINE('',#1808,#398);
#262=LINE('',#1810,#399);
#263=LINE('',#1812,#400);
#264=LINE('',#1813,#401);
#265=LINE('',#1816,#402);
#266=LINE('',#1818,#403);
#267=LINE('',#1819,#404);
#268=LINE('',#1822,#405);
#269=LINE('',#1825,#406);
#270=LINE('',#1828,#407);
#271=LINE('',#1829,#408);
#272=LINE('',#1831,#409);
#273=LINE('',#1832,#410);
#274=LINE('',#1834,#411);
#275=LINE('',#1839,#412);
#276=LINE('',#1840,#413);
#277=LINE('',#1843,#414);
#278=LINE('',#1844,#415);
#279=LINE('',#1846,#416);
#280=LINE('',#1847,#417);
#281=LINE('',#1849,#418);
#282=LINE('',#1859,#419);
#283=LINE('',#1864,#420);
#284=LINE('',#1866,#421);
#285=LINE('',#1868,#422);
#286=LINE('',#1870,#423);
#287=LINE('',#1872,#424);
#288=LINE('',#1874,#425);
#289=LINE('',#1875,#426);
#290=LINE('',#1878,#427);
#291=LINE('',#1880,#428);
#292=LINE('',#1881,#429);
#293=LINE('',#1884,#430);
#294=LINE('',#1886,#431);
#295=LINE('',#1887,#432);
#296=LINE('',#1890,#433);
#297=LINE('',#1891,#434);
#298=LINE('',#1894,#435);
#299=LINE('',#1895,#436);
#300=LINE('',#1897,#437);
#301=LINE('',#1898,#438);
#302=LINE('',#1901,#439);
#303=LINE('',#1903,#440);
#304=LINE('',#1905,#441);
#305=LINE('',#1909,#442);
#306=LINE('',#1910,#443);
#307=LINE('',#1913,#444);
#308=LINE('',#1915,#445);
#309=LINE('',#1917,#446);
#310=LINE('',#1919,#447);
#311=LINE('',#1920,#448);
#312=LINE('',#1922,#449);
#313=LINE('',#1926,#450);
#314=LINE('',#1928,#451);
#315=LINE('',#1934,#452);
#316=LINE('',#1937,#453);
#317=LINE('',#1939,#454);
#318=LINE('',#1941,#455);
#319=LINE('',#1943,#456);
#320=LINE('',#1944,#457);
#321=LINE('',#1948,#458);
#322=LINE('',#1955,#459);
#323=LINE('',#1957,#460);
#324=LINE('',#1958,#461);
#325=LINE('',#1969,#462);
#326=LINE('',#1971,#463);
#327=LINE('',#1972,#464);
#328=LINE('',#1975,#465);
#329=LINE('',#1977,#466);
#330=LINE('',#1978,#467);
#331=LINE('',#1982,#468);
#332=LINE('',#1983,#469);
#333=LINE('',#1985,#470);
#334=LINE('',#1994,#471);
#335=LINE('',#1996,#472);
#336=LINE('',#1999,#473);
#337=LINE('',#2002,#474);
#338=LINE('',#2005,#475);
#339=LINE('',#2007,#476);
#340=LINE('',#2009,#477);
#341=LINE('',#2011,#478);
#342=LINE('',#2013,#479);
#343=LINE('',#2014,#480);
#344=LINE('',#2015,#481);
#345=LINE('',#2018,#482);
#346=LINE('',#2020,#483);
#347=LINE('',#2027,#484);
#348=LINE('',#2029,#485);
#349=LINE('',#2031,#486);
#350=LINE('',#2032,#487);
#351=LINE('',#2036,#488);
#352=LINE('',#2042,#489);
#353=LINE('',#2043,#490);
#354=LINE('',#2058,#491);
#355=LINE('',#2059,#492);
#356=LINE('',#2064,#493);
#357=LINE('',#2065,#494);
#358=LINE('',#2068,#495);
#359=LINE('',#2069,#496);
#360=LINE('',#2071,#497);
#361=LINE('',#2073,#498);
#362=LINE('',#2077,#499);
#363=LINE('',#2078,#500);
#364=LINE('',#2080,#501);
#365=LINE('',#2081,#502);
#366=LINE('',#2084,#503);
#367=LINE('',#2085,#504);
#368=LINE('',#2090,#505);
#369=VECTOR('',#1377,10.);
#370=VECTOR('',#1380,10.);
#371=VECTOR('',#1383,10.);
#372=VECTOR('',#1384,10.);
#373=VECTOR('',#1385,10.);
#374=VECTOR('',#1392,10.);
#375=VECTOR('',#1395,10.);
#376=VECTOR('',#1396,10.);
#377=VECTOR('',#1405,10.);
#378=VECTOR('',#1408,10.);
#379=VECTOR('',#1411,10.);
#380=VECTOR('',#1412,10.);
#381=VECTOR('',#1413,10.);
#382=VECTOR('',#1420,10.);
#383=VECTOR('',#1423,10.);
#384=VECTOR('',#1424,10.);
#385=VECTOR('',#1439,10.);
#386=VECTOR('',#1442,10.);
#387=VECTOR('',#1447,10.);
#388=VECTOR('',#1448,10.);
#389=VECTOR('',#1449,10.);
#390=VECTOR('',#1450,10.);
#391=VECTOR('',#1451,10.);
#392=VECTOR('',#1452,10.);
#393=VECTOR('',#1455,10.);
#394=VECTOR('',#1456,10.);
#395=VECTOR('',#1457,10.);
#396=VECTOR('',#1460,10.);
#397=VECTOR('',#1461,10.);
#398=VECTOR('',#1462,10.);
#399=VECTOR('',#1463,10.);
#400=VECTOR('',#1464,10.);
#401=VECTOR('',#1465,10.);
#402=VECTOR('',#1468,10.);
#403=VECTOR('',#1469,10.);
#404=VECTOR('',#1470,10.);
#405=VECTOR('',#1473,10.);
#406=VECTOR('',#1476,10.);
#407=VECTOR('',#1479,10.);
#408=VECTOR('',#1480,10.);
#409=VECTOR('',#1483,10.);
#410=VECTOR('',#1484,10.);
#411=VECTOR('',#1487,10.);
#412=VECTOR('',#1492,10.);
#413=VECTOR('',#1493,10.);
#414=VECTOR('',#1496,10.);
#415=VECTOR('',#1497,10.);
#416=VECTOR('',#1500,10.);
#417=VECTOR('',#1501,10.);
#418=VECTOR('',#1504,10.);
#419=VECTOR('',#1519,5.);
#420=VECTOR('',#1524,10.);
#421=VECTOR('',#1525,10.);
#422=VECTOR('',#1526,10.);
#423=VECTOR('',#1527,10.);
#424=VECTOR('',#1528,10.);
#425=VECTOR('',#1529,10.);
#426=VECTOR('',#1530,10.);
#427=VECTOR('',#1533,10.);
#428=VECTOR('',#1534,10.);
#429=VECTOR('',#1535,10.);
#430=VECTOR('',#1538,10.);
#431=VECTOR('',#1539,10.);
#432=VECTOR('',#1540,10.);
#433=VECTOR('',#1543,10.);
#434=VECTOR('',#1544,10.);
#435=VECTOR('',#1547,10.);
#436=VECTOR('',#1548,10.);
#437=VECTOR('',#1549,10.);
#438=VECTOR('',#1550,10.);
#439=VECTOR('',#1553,10.);
#440=VECTOR('',#1554,10.);
#441=VECTOR('',#1555,10.);
#442=VECTOR('',#1558,10.);
#443=VECTOR('',#1559,10.);
#444=VECTOR('',#1562,10.);
#445=VECTOR('',#1563,10.);
#446=VECTOR('',#1564,10.);
#447=VECTOR('',#1565,10.);
#448=VECTOR('',#1566,10.);
#449=VECTOR('',#1569,4.);
#450=VECTOR('',#1572,10.);
#451=VECTOR('',#1573,10.);
#452=VECTOR('',#1574,10.);
#453=VECTOR('',#1577,10.);
#454=VECTOR('',#1578,10.);
#455=VECTOR('',#1579,10.);
#456=VECTOR('',#1580,10.);
#457=VECTOR('',#1581,10.);
#458=VECTOR('',#1584,10.);
#459=VECTOR('',#1585,10.);
#460=VECTOR('',#1586,10.);
#461=VECTOR('',#1587,10.);
#462=VECTOR('',#1596,10.);
#463=VECTOR('',#1597,10.);
#464=VECTOR('',#1598,10.);
#465=VECTOR('',#1601,10.);
#466=VECTOR('',#1602,10.);
#467=VECTOR('',#1603,10.);
#468=VECTOR('',#1606,10.);
#469=VECTOR('',#1607,10.);
#470=VECTOR('',#1608,10.);
#471=VECTOR('',#1617,10.);
#472=VECTOR('',#1620,10.);
#473=VECTOR('',#1623,10.);
#474=VECTOR('',#1626,10.);
#475=VECTOR('',#1629,10.);
#476=VECTOR('',#1630,10.);
#477=VECTOR('',#1631,10.);
#478=VECTOR('',#1632,10.);
#479=VECTOR('',#1633,10.);
#480=VECTOR('',#1634,10.);
#481=VECTOR('',#1635,10.);
#482=VECTOR('',#1638,10.);
#483=VECTOR('',#1639,10.);
#484=VECTOR('',#1642,10.);
#485=VECTOR('',#1643,10.);
#486=VECTOR('',#1644,10.);
#487=VECTOR('',#1645,10.);
#488=VECTOR('',#1648,10.);
#489=VECTOR('',#1649,10.);
#490=VECTOR('',#1650,10.);
#491=VECTOR('',#1659,10.);
#492=VECTOR('',#1660,10.);
#493=VECTOR('',#1667,10.);
#494=VECTOR('',#1668,10.);
#495=VECTOR('',#1671,10.);
#496=VECTOR('',#1672,10.);
#497=VECTOR('',#1675,10.);
#498=VECTOR('',#1678,10.);
#499=VECTOR('',#1683,10.);
#500=VECTOR('',#1684,10.);
#501=VECTOR('',#1685,10.);
#502=VECTOR('',#1686,10.);
#503=VECTOR('',#1689,10.);
#504=VECTOR('',#1690,10.);
#505=VECTOR('',#1699,10.);
#506=CIRCLE('',#1275,2.44031011978924);
#507=CIRCLE('',#1276,2.44031011978924);
#508=CIRCLE('',#1279,5.16143633149522);
#509=CIRCLE('',#1280,5.16143633149522);
#510=CIRCLE('',#1283,4.);
#511=CIRCLE('',#1285,5.16143633149522);
#512=CIRCLE('',#1286,5.16143633149522);
#513=CIRCLE('',#1289,2.44031011978924);
#514=CIRCLE('',#1290,2.44031011978924);
#515=CIRCLE('',#1293,4.);
#516=CIRCLE('',#1295,4.40947208475395);
#517=CIRCLE('',#1296,4.38947208475397);
#518=CIRCLE('',#1299,4.40947208475395);
#519=CIRCLE('',#1317,4.40947208475395);
#520=CIRCLE('',#1318,4.40947208475395);
#521=CIRCLE('',#1321,5.);
#522=CIRCLE('',#1322,5.);
#523=CIRCLE('',#1329,14.5502002215549);
#524=CIRCLE('',#1336,6.0764954825423);
#525=CIRCLE('',#1337,11.0764954825423);
#526=CIRCLE('',#1342,14.5502002215549);
#527=CIRCLE('',#1343,19.5502002215549);
#528=CIRCLE('',#1347,19.5502002215549);
#529=CIRCLE('',#1353,6.07649548254229);
#530=CIRCLE('',#1354,11.0764954825423);
#531=CIRCLE('',#1357,19.5502002215549);
#532=CIRCLE('',#1367,19.5502002215549);
#533=VERTEX_POINT('',#1706);
#534=VERTEX_POINT('',#1707);
#535=VERTEX_POINT('',#1709);
#536=VERTEX_POINT('',#1711);
#537=VERTEX_POINT('',#1715);
#538=VERTEX_POINT('',#1717);
#539=VERTEX_POINT('',#1721);
#540=VERTEX_POINT('',#1723);
#541=VERTEX_POINT('',#1730);
#542=VERTEX_POINT('',#1733);
#543=VERTEX_POINT('',#1734);
#544=VERTEX_POINT('',#1736);
#545=VERTEX_POINT('',#1738);
#546=VERTEX_POINT('',#1742);
#547=VERTEX_POINT('',#1744);
#548=VERTEX_POINT('',#1748);
#549=VERTEX_POINT('',#1750);
#550=VERTEX_POINT('',#1757);
#551=VERTEX_POINT('',#1760);
#552=VERTEX_POINT('',#1761);
#553=VERTEX_POINT('',#1765);
#554=VERTEX_POINT('',#1767);
#555=VERTEX_POINT('',#1773);
#556=VERTEX_POINT('',#1775);
#557=VERTEX_POINT('',#1777);
#558=VERTEX_POINT('',#1779);
#559=VERTEX_POINT('',#1783);
#560=VERTEX_POINT('',#1784);
#561=VERTEX_POINT('',#1786);
#562=VERTEX_POINT('',#1788);
#563=VERTEX_POINT('',#1790);
#564=VERTEX_POINT('',#1792);
#565=VERTEX_POINT('',#1796);
#566=VERTEX_POINT('',#1798);
#567=VERTEX_POINT('',#1802);
#568=VERTEX_POINT('',#1803);
#569=VERTEX_POINT('',#1805);
#570=VERTEX_POINT('',#1807);
#571=VERTEX_POINT('',#1809);
#572=VERTEX_POINT('',#1811);
#573=VERTEX_POINT('',#1815);
#574=VERTEX_POINT('',#1817);
#575=VERTEX_POINT('',#1821);
#576=VERTEX_POINT('',#1823);
#577=VERTEX_POINT('',#1827);
#578=VERTEX_POINT('',#1836);
#579=VERTEX_POINT('',#1837);
#580=VERTEX_POINT('',#1842);
#581=VERTEX_POINT('',#1856);
#582=VERTEX_POINT('',#1858);
#583=VERTEX_POINT('',#1862);
#584=VERTEX_POINT('',#1863);
#585=VERTEX_POINT('',#1865);
#586=VERTEX_POINT('',#1867);
#587=VERTEX_POINT('',#1869);
#588=VERTEX_POINT('',#1871);
#589=VERTEX_POINT('',#1873);
#590=VERTEX_POINT('',#1877);
#591=VERTEX_POINT('',#1879);
#592=VERTEX_POINT('',#1883);
#593=VERTEX_POINT('',#1885);
#594=VERTEX_POINT('',#1889);
#595=VERTEX_POINT('',#1893);
#596=VERTEX_POINT('',#1896);
#597=VERTEX_POINT('',#1900);
#598=VERTEX_POINT('',#1902);
#599=VERTEX_POINT('',#1904);
#600=VERTEX_POINT('',#1906);
#601=VERTEX_POINT('',#1908);
#602=VERTEX_POINT('',#1912);
#603=VERTEX_POINT('',#1914);
#604=VERTEX_POINT('',#1916);
#605=VERTEX_POINT('',#1918);
#606=VERTEX_POINT('',#1924);
#607=VERTEX_POINT('',#1925);
#608=VERTEX_POINT('',#1927);
#609=VERTEX_POINT('',#1929);
#610=VERTEX_POINT('',#1936);
#611=VERTEX_POINT('',#1938);
#612=VERTEX_POINT('',#1940);
#613=VERTEX_POINT('',#1942);
#614=VERTEX_POINT('',#1946);
#615=VERTEX_POINT('',#1947);
#616=VERTEX_POINT('',#1949);
#617=VERTEX_POINT('',#1954);
#618=VERTEX_POINT('',#1956);
#619=VERTEX_POINT('',#1960);
#620=VERTEX_POINT('',#1962);
#621=VERTEX_POINT('',#1970);
#622=VERTEX_POINT('',#1974);
#623=VERTEX_POINT('',#1976);
#624=VERTEX_POINT('',#1980);
#625=VERTEX_POINT('',#1981);
#626=VERTEX_POINT('',#1984);
#627=VERTEX_POINT('',#1998);
#628=VERTEX_POINT('',#2000);
#629=VERTEX_POINT('',#2004);
#630=VERTEX_POINT('',#2006);
#631=VERTEX_POINT('',#2008);
#632=VERTEX_POINT('',#2010);
#633=VERTEX_POINT('',#2012);
#634=VERTEX_POINT('',#2017);
#635=VERTEX_POINT('',#2019);
#636=VERTEX_POINT('',#2026);
#637=VERTEX_POINT('',#2028);
#638=VERTEX_POINT('',#2030);
#639=VERTEX_POINT('',#2034);
#640=VERTEX_POINT('',#2035);
#641=VERTEX_POINT('',#2037);
#642=VERTEX_POINT('',#2045);
#643=VERTEX_POINT('',#2057);
#644=VERTEX_POINT('',#2063);
#645=VERTEX_POINT('',#2067);
#646=VERTEX_POINT('',#2076);
#647=VERTEX_POINT('',#2079);
#648=VERTEX_POINT('',#2083);
#649=EDGE_CURVE('',#533,#534,#506,.T.);
#650=EDGE_CURVE('',#533,#535,#232,.T.);
#651=EDGE_CURVE('',#535,#536,#507,.T.);
#652=EDGE_CURVE('',#534,#536,#233,.T.);
#653=EDGE_CURVE('',#534,#537,#234,.T.);
#654=EDGE_CURVE('',#536,#538,#235,.T.);
#655=EDGE_CURVE('',#537,#538,#236,.T.);
#656=EDGE_CURVE('',#537,#539,#508,.T.);
#657=EDGE_CURVE('',#538,#540,#509,.T.);
#658=EDGE_CURVE('',#539,#540,#237,.T.);
#659=EDGE_CURVE('',#539,#533,#238,.T.);
#660=EDGE_CURVE('',#540,#535,#239,.T.);
#661=EDGE_CURVE('',#541,#541,#510,.T.);
#662=EDGE_CURVE('',#542,#543,#511,.T.);
#663=EDGE_CURVE('',#542,#544,#240,.T.);
#664=EDGE_CURVE('',#544,#545,#512,.T.);
#665=EDGE_CURVE('',#543,#545,#241,.T.);
#666=EDGE_CURVE('',#543,#546,#242,.T.);
#667=EDGE_CURVE('',#545,#547,#243,.T.);
#668=EDGE_CURVE('',#546,#547,#244,.T.);
#669=EDGE_CURVE('',#546,#548,#513,.T.);
#670=EDGE_CURVE('',#547,#549,#514,.T.);
#671=EDGE_CURVE('',#548,#549,#245,.T.);
#672=EDGE_CURVE('',#548,#542,#246,.T.);
#673=EDGE_CURVE('',#549,#544,#247,.T.);
#674=EDGE_CURVE('',#550,#550,#515,.T.);
#675=EDGE_CURVE('',#551,#552,#27,.F.);
#676=EDGE_CURVE('',#552,#553,#516,.T.);
#677=EDGE_CURVE('',#553,#554,#28,.F.);
#678=EDGE_CURVE('',#554,#551,#517,.T.);
#679=EDGE_CURVE('',#555,#552,#23,.F.);
#680=EDGE_CURVE('',#555,#556,#248,.T.);
#681=EDGE_CURVE('',#556,#557,#518,.T.);
#682=EDGE_CURVE('',#558,#557,#249,.T.);
#683=EDGE_CURVE('',#553,#558,#24,.F.);
#684=EDGE_CURVE('',#559,#560,#250,.T.);
#685=EDGE_CURVE('',#559,#561,#251,.T.);
#686=EDGE_CURVE('',#561,#562,#252,.F.);
#687=EDGE_CURVE('',#562,#563,#253,.F.);
#688=EDGE_CURVE('',#563,#564,#254,.T.);
#689=EDGE_CURVE('',#560,#564,#255,.T.);
#690=EDGE_CURVE('',#563,#565,#256,.T.);
#691=EDGE_CURVE('',#565,#566,#257,.T.);
#692=EDGE_CURVE('',#564,#566,#258,.T.);
#693=EDGE_CURVE('',#567,#568,#259,.T.);
#694=EDGE_CURVE('',#567,#569,#260,.T.);
#695=EDGE_CURVE('',#569,#570,#261,.F.);
#696=EDGE_CURVE('',#570,#571,#262,.F.);
#697=EDGE_CURVE('',#571,#572,#263,.T.);
#698=EDGE_CURVE('',#568,#572,#264,.T.);
#699=EDGE_CURVE('',#571,#573,#265,.T.);
#700=EDGE_CURVE('',#573,#574,#266,.T.);
#701=EDGE_CURVE('',#572,#574,#267,.T.);
#702=EDGE_CURVE('',#560,#575,#268,.F.);
#703=EDGE_CURVE('',#575,#576,#25,.F.);
#704=EDGE_CURVE('',#576,#559,#269,.T.);
#705=EDGE_CURVE('',#566,#577,#270,.T.);
#706=EDGE_CURVE('',#575,#577,#271,.T.);
#707=EDGE_CURVE('',#558,#570,#272,.T.);
#708=EDGE_CURVE('',#569,#554,#273,.T.);
#709=EDGE_CURVE('',#557,#573,#274,.T.);
#710=EDGE_CURVE('',#578,#579,#26,.F.);
#711=EDGE_CURVE('',#579,#562,#275,.T.);
#712=EDGE_CURVE('',#561,#578,#276,.T.);
#713=EDGE_CURVE('',#579,#580,#277,.T.);
#714=EDGE_CURVE('',#580,#565,#278,.T.);
#715=EDGE_CURVE('',#568,#555,#279,.F.);
#716=EDGE_CURVE('',#551,#567,#280,.T.);
#717=EDGE_CURVE('',#574,#556,#281,.T.);
#718=EDGE_CURVE('',#576,#578,#519,.T.);
#719=EDGE_CURVE('',#577,#580,#520,.T.);
#720=EDGE_CURVE('',#581,#581,#521,.T.);
#721=EDGE_CURVE('',#581,#582,#282,.T.);
#722=EDGE_CURVE('',#582,#582,#522,.T.);
#723=EDGE_CURVE('',#583,#584,#283,.T.);
#724=EDGE_CURVE('',#583,#585,#284,.T.);
#725=EDGE_CURVE('',#585,#586,#285,.T.);
#726=EDGE_CURVE('',#587,#586,#286,.T.);
#727=EDGE_CURVE('',#588,#587,#287,.T.);
#728=EDGE_CURVE('',#589,#588,#288,.T.);
#729=EDGE_CURVE('',#584,#589,#289,.T.);
#730=EDGE_CURVE('',#586,#590,#290,.T.);
#731=EDGE_CURVE('',#591,#585,#291,.T.);
#732=EDGE_CURVE('',#590,#591,#292,.T.);
#733=EDGE_CURVE('',#589,#592,#293,.T.);
#734=EDGE_CURVE('',#593,#588,#294,.T.);
#735=EDGE_CURVE('',#592,#593,#295,.T.);
#736=EDGE_CURVE('',#594,#583,#296,.T.);
#737=EDGE_CURVE('',#594,#591,#297,.T.);
#738=EDGE_CURVE('',#595,#594,#298,.T.);
#739=EDGE_CURVE('',#592,#595,#299,.T.);
#740=EDGE_CURVE('',#596,#593,#300,.T.);
#741=EDGE_CURVE('',#590,#596,#301,.T.);
#742=EDGE_CURVE('',#595,#597,#302,.T.);
#743=EDGE_CURVE('',#598,#597,#303,.T.);
#744=EDGE_CURVE('',#599,#598,#304,.T.);
#745=EDGE_CURVE('',#600,#599,#523,.T.);
#746=EDGE_CURVE('',#601,#600,#305,.T.);
#747=EDGE_CURVE('',#601,#584,#306,.T.);
#748=EDGE_CURVE('',#596,#602,#307,.T.);
#749=EDGE_CURVE('',#602,#603,#308,.T.);
#750=EDGE_CURVE('',#604,#603,#309,.T.);
#751=EDGE_CURVE('',#604,#605,#310,.T.);
#752=EDGE_CURVE('',#605,#587,#311,.T.);
#753=EDGE_CURVE('',#550,#541,#312,.T.);
#754=EDGE_CURVE('',#606,#607,#313,.T.);
#755=EDGE_CURVE('',#606,#608,#314,.T.);
#756=EDGE_CURVE('',#609,#608,#15,.T.);
#757=EDGE_CURVE('',#609,#607,#315,.T.);
#758=EDGE_CURVE('',#607,#610,#316,.T.);
#759=EDGE_CURVE('',#610,#611,#317,.T.);
#760=EDGE_CURVE('',#611,#612,#318,.T.);
#761=EDGE_CURVE('',#612,#613,#319,.T.);
#762=EDGE_CURVE('',#613,#606,#320,.T.);
#763=EDGE_CURVE('',#614,#615,#321,.T.);
#764=EDGE_CURVE('',#615,#616,#16,.T.);
#765=EDGE_CURVE('',#616,#617,#322,.T.);
#766=EDGE_CURVE('',#617,#618,#323,.T.);
#767=EDGE_CURVE('',#618,#614,#324,.T.);
#768=EDGE_CURVE('',#615,#619,#524,.T.);
#769=EDGE_CURVE('',#619,#620,#17,.T.);
#770=EDGE_CURVE('',#620,#616,#525,.T.);
#771=EDGE_CURVE('',#611,#620,#325,.T.);
#772=EDGE_CURVE('',#619,#621,#326,.T.);
#773=EDGE_CURVE('',#621,#612,#327,.T.);
#774=EDGE_CURVE('',#622,#618,#328,.T.);
#775=EDGE_CURVE('',#617,#623,#329,.T.);
#776=EDGE_CURVE('',#623,#622,#330,.T.);
#777=EDGE_CURVE('',#624,#625,#331,.T.);
#778=EDGE_CURVE('',#625,#622,#332,.T.);
#779=EDGE_CURVE('',#623,#626,#333,.T.);
#780=EDGE_CURVE('',#626,#624,#18,.T.);
#781=EDGE_CURVE('',#608,#624,#526,.T.);
#782=EDGE_CURVE('',#626,#609,#527,.T.);
#783=EDGE_CURVE('',#625,#613,#334,.T.);
#784=EDGE_CURVE('',#614,#621,#335,.T.);
#785=EDGE_CURVE('',#627,#626,#336,.T.);
#786=EDGE_CURVE('',#628,#627,#528,.T.);
#787=EDGE_CURVE('',#609,#628,#337,.T.);
#788=EDGE_CURVE('',#616,#629,#338,.T.);
#789=EDGE_CURVE('',#630,#629,#339,.T.);
#790=EDGE_CURVE('',#631,#630,#340,.T.);
#791=EDGE_CURVE('',#632,#631,#341,.T.);
#792=EDGE_CURVE('',#632,#633,#342,.T.);
#793=EDGE_CURVE('',#605,#633,#343,.T.);
#794=EDGE_CURVE('',#627,#604,#344,.T.);
#795=EDGE_CURVE('',#634,#598,#345,.T.);
#796=EDGE_CURVE('',#634,#635,#346,.T.);
#797=EDGE_CURVE('',#635,#599,#19,.T.);
#798=EDGE_CURVE('',#597,#636,#347,.T.);
#799=EDGE_CURVE('',#636,#637,#348,.T.);
#800=EDGE_CURVE('',#637,#638,#349,.T.);
#801=EDGE_CURVE('',#638,#634,#350,.T.);
#802=EDGE_CURVE('',#639,#640,#351,.T.);
#803=EDGE_CURVE('',#640,#641,#20,.T.);
#804=EDGE_CURVE('',#641,#637,#352,.T.);
#805=EDGE_CURVE('',#636,#639,#353,.T.);
#806=EDGE_CURVE('',#640,#642,#529,.T.);
#807=EDGE_CURVE('',#642,#629,#21,.T.);
#808=EDGE_CURVE('',#629,#641,#530,.T.);
#809=EDGE_CURVE('',#600,#632,#22,.T.);
#810=EDGE_CURVE('',#631,#643,#354,.T.);
#811=EDGE_CURVE('',#643,#601,#355,.T.);
#812=EDGE_CURVE('',#635,#632,#531,.T.);
#813=EDGE_CURVE('',#644,#643,#356,.T.);
#814=EDGE_CURVE('',#630,#644,#357,.T.);
#815=EDGE_CURVE('',#642,#645,#358,.T.);
#816=EDGE_CURVE('',#645,#644,#359,.T.);
#817=EDGE_CURVE('',#641,#620,#360,.T.);
#818=EDGE_CURVE('',#645,#639,#361,.T.);
#819=EDGE_CURVE('',#646,#610,#362,.T.);
#820=EDGE_CURVE('',#603,#646,#363,.T.);
#821=EDGE_CURVE('',#647,#602,#364,.T.);
#822=EDGE_CURVE('',#638,#647,#365,.T.);
#823=EDGE_CURVE('',#647,#648,#366,.T.);
#824=EDGE_CURVE('',#648,#635,#367,.T.);
#825=EDGE_CURVE('',#633,#648,#532,.T.);
#826=EDGE_CURVE('',#628,#646,#368,.T.);
#827=ORIENTED_EDGE('',*,*,#649,.F.);
#828=ORIENTED_EDGE('',*,*,#650,.T.);
#829=ORIENTED_EDGE('',*,*,#651,.T.);
#830=ORIENTED_EDGE('',*,*,#652,.F.);
#831=ORIENTED_EDGE('',*,*,#653,.F.);
#832=ORIENTED_EDGE('',*,*,#652,.T.);
#833=ORIENTED_EDGE('',*,*,#654,.T.);
#834=ORIENTED_EDGE('',*,*,#655,.F.);
#835=ORIENTED_EDGE('',*,*,#656,.F.);
#836=ORIENTED_EDGE('',*,*,#655,.T.);
#837=ORIENTED_EDGE('',*,*,#657,.T.);
#838=ORIENTED_EDGE('',*,*,#658,.F.);
#839=ORIENTED_EDGE('',*,*,#659,.F.);
#840=ORIENTED_EDGE('',*,*,#658,.T.);
#841=ORIENTED_EDGE('',*,*,#660,.T.);
#842=ORIENTED_EDGE('',*,*,#650,.F.);
#843=ORIENTED_EDGE('',*,*,#660,.F.);
#844=ORIENTED_EDGE('',*,*,#657,.F.);
#845=ORIENTED_EDGE('',*,*,#654,.F.);
#846=ORIENTED_EDGE('',*,*,#651,.F.);
#847=ORIENTED_EDGE('',*,*,#661,.F.);
#848=ORIENTED_EDGE('',*,*,#662,.F.);
#849=ORIENTED_EDGE('',*,*,#663,.T.);
#850=ORIENTED_EDGE('',*,*,#664,.T.);
#851=ORIENTED_EDGE('',*,*,#665,.F.);
#852=ORIENTED_EDGE('',*,*,#666,.F.);
#853=ORIENTED_EDGE('',*,*,#665,.T.);
#854=ORIENTED_EDGE('',*,*,#667,.T.);
#855=ORIENTED_EDGE('',*,*,#668,.F.);
#856=ORIENTED_EDGE('',*,*,#669,.F.);
#857=ORIENTED_EDGE('',*,*,#668,.T.);
#858=ORIENTED_EDGE('',*,*,#670,.T.);
#859=ORIENTED_EDGE('',*,*,#671,.F.);
#860=ORIENTED_EDGE('',*,*,#672,.F.);
#861=ORIENTED_EDGE('',*,*,#671,.T.);
#862=ORIENTED_EDGE('',*,*,#673,.T.);
#863=ORIENTED_EDGE('',*,*,#663,.F.);
#864=ORIENTED_EDGE('',*,*,#673,.F.);
#865=ORIENTED_EDGE('',*,*,#670,.F.);
#866=ORIENTED_EDGE('',*,*,#667,.F.);
#867=ORIENTED_EDGE('',*,*,#664,.F.);
#868=ORIENTED_EDGE('',*,*,#674,.F.);
#869=ORIENTED_EDGE('',*,*,#675,.T.);
#870=ORIENTED_EDGE('',*,*,#676,.T.);
#871=ORIENTED_EDGE('',*,*,#677,.T.);
#872=ORIENTED_EDGE('',*,*,#678,.T.);
#873=ORIENTED_EDGE('',*,*,#676,.F.);
#874=ORIENTED_EDGE('',*,*,#679,.F.);
#875=ORIENTED_EDGE('',*,*,#680,.T.);
#876=ORIENTED_EDGE('',*,*,#681,.T.);
#877=ORIENTED_EDGE('',*,*,#682,.F.);
#878=ORIENTED_EDGE('',*,*,#683,.F.);
#879=ORIENTED_EDGE('',*,*,#684,.F.);
#880=ORIENTED_EDGE('',*,*,#685,.T.);
#881=ORIENTED_EDGE('',*,*,#686,.T.);
#882=ORIENTED_EDGE('',*,*,#687,.T.);
#883=ORIENTED_EDGE('',*,*,#688,.T.);
#884=ORIENTED_EDGE('',*,*,#689,.F.);
#885=ORIENTED_EDGE('',*,*,#688,.F.);
#886=ORIENTED_EDGE('',*,*,#690,.T.);
#887=ORIENTED_EDGE('',*,*,#691,.T.);
#888=ORIENTED_EDGE('',*,*,#692,.F.);
#889=ORIENTED_EDGE('',*,*,#693,.F.);
#890=ORIENTED_EDGE('',*,*,#694,.T.);
#891=ORIENTED_EDGE('',*,*,#695,.T.);
#892=ORIENTED_EDGE('',*,*,#696,.T.);
#893=ORIENTED_EDGE('',*,*,#697,.T.);
#894=ORIENTED_EDGE('',*,*,#698,.F.);
#895=ORIENTED_EDGE('',*,*,#697,.F.);
#896=ORIENTED_EDGE('',*,*,#699,.T.);
#897=ORIENTED_EDGE('',*,*,#700,.T.);
#898=ORIENTED_EDGE('',*,*,#701,.F.);
#899=ORIENTED_EDGE('',*,*,#702,.T.);
#900=ORIENTED_EDGE('',*,*,#703,.T.);
#901=ORIENTED_EDGE('',*,*,#704,.T.);
#902=ORIENTED_EDGE('',*,*,#684,.T.);
#903=ORIENTED_EDGE('',*,*,#702,.F.);
#904=ORIENTED_EDGE('',*,*,#689,.T.);
#905=ORIENTED_EDGE('',*,*,#692,.T.);
#906=ORIENTED_EDGE('',*,*,#705,.T.);
#907=ORIENTED_EDGE('',*,*,#706,.F.);
#908=ORIENTED_EDGE('',*,*,#683,.T.);
#909=ORIENTED_EDGE('',*,*,#707,.T.);
#910=ORIENTED_EDGE('',*,*,#695,.F.);
#911=ORIENTED_EDGE('',*,*,#708,.T.);
#912=ORIENTED_EDGE('',*,*,#677,.F.);
#913=ORIENTED_EDGE('',*,*,#707,.F.);
#914=ORIENTED_EDGE('',*,*,#682,.T.);
#915=ORIENTED_EDGE('',*,*,#709,.T.);
#916=ORIENTED_EDGE('',*,*,#699,.F.);
#917=ORIENTED_EDGE('',*,*,#696,.F.);
#918=ORIENTED_EDGE('',*,*,#710,.T.);
#919=ORIENTED_EDGE('',*,*,#711,.T.);
#920=ORIENTED_EDGE('',*,*,#686,.F.);
#921=ORIENTED_EDGE('',*,*,#712,.T.);
#922=ORIENTED_EDGE('',*,*,#711,.F.);
#923=ORIENTED_EDGE('',*,*,#713,.T.);
#924=ORIENTED_EDGE('',*,*,#714,.T.);
#925=ORIENTED_EDGE('',*,*,#690,.F.);
#926=ORIENTED_EDGE('',*,*,#687,.F.);
#927=ORIENTED_EDGE('',*,*,#715,.T.);
#928=ORIENTED_EDGE('',*,*,#679,.T.);
#929=ORIENTED_EDGE('',*,*,#675,.F.);
#930=ORIENTED_EDGE('',*,*,#716,.T.);
#931=ORIENTED_EDGE('',*,*,#693,.T.);
#932=ORIENTED_EDGE('',*,*,#715,.F.);
#933=ORIENTED_EDGE('',*,*,#698,.T.);
#934=ORIENTED_EDGE('',*,*,#701,.T.);
#935=ORIENTED_EDGE('',*,*,#717,.T.);
#936=ORIENTED_EDGE('',*,*,#680,.F.);
#937=ORIENTED_EDGE('',*,*,#717,.F.);
#938=ORIENTED_EDGE('',*,*,#700,.F.);
#939=ORIENTED_EDGE('',*,*,#709,.F.);
#940=ORIENTED_EDGE('',*,*,#681,.F.);
#941=ORIENTED_EDGE('',*,*,#718,.F.);
#942=ORIENTED_EDGE('',*,*,#703,.F.);
#943=ORIENTED_EDGE('',*,*,#706,.T.);
#944=ORIENTED_EDGE('',*,*,#719,.T.);
#945=ORIENTED_EDGE('',*,*,#713,.F.);
#946=ORIENTED_EDGE('',*,*,#710,.F.);
#947=ORIENTED_EDGE('',*,*,#714,.F.);
#948=ORIENTED_EDGE('',*,*,#719,.F.);
#949=ORIENTED_EDGE('',*,*,#705,.F.);
#950=ORIENTED_EDGE('',*,*,#691,.F.);
#951=ORIENTED_EDGE('',*,*,#720,.F.);
#952=ORIENTED_EDGE('',*,*,#721,.T.);
#953=ORIENTED_EDGE('',*,*,#722,.F.);
#954=ORIENTED_EDGE('',*,*,#721,.F.);
#955=ORIENTED_EDGE('',*,*,#723,.F.);
#956=ORIENTED_EDGE('',*,*,#724,.T.);
#957=ORIENTED_EDGE('',*,*,#725,.T.);
#958=ORIENTED_EDGE('',*,*,#726,.F.);
#959=ORIENTED_EDGE('',*,*,#727,.F.);
#960=ORIENTED_EDGE('',*,*,#728,.F.);
#961=ORIENTED_EDGE('',*,*,#729,.F.);
#962=ORIENTED_EDGE('',*,*,#730,.F.);
#963=ORIENTED_EDGE('',*,*,#725,.F.);
#964=ORIENTED_EDGE('',*,*,#731,.F.);
#965=ORIENTED_EDGE('',*,*,#732,.F.);
#966=ORIENTED_EDGE('',*,*,#733,.F.);
#967=ORIENTED_EDGE('',*,*,#728,.T.);
#968=ORIENTED_EDGE('',*,*,#734,.F.);
#969=ORIENTED_EDGE('',*,*,#735,.F.);
#970=ORIENTED_EDGE('',*,*,#736,.F.);
#971=ORIENTED_EDGE('',*,*,#737,.T.);
#972=ORIENTED_EDGE('',*,*,#731,.T.);
#973=ORIENTED_EDGE('',*,*,#724,.F.);
#974=ORIENTED_EDGE('',*,*,#738,.F.);
#975=ORIENTED_EDGE('',*,*,#739,.F.);
#976=ORIENTED_EDGE('',*,*,#735,.T.);
#977=ORIENTED_EDGE('',*,*,#740,.F.);
#978=ORIENTED_EDGE('',*,*,#741,.F.);
#979=ORIENTED_EDGE('',*,*,#732,.T.);
#980=ORIENTED_EDGE('',*,*,#737,.F.);
#981=ORIENTED_EDGE('',*,*,#729,.T.);
#982=ORIENTED_EDGE('',*,*,#733,.T.);
#983=ORIENTED_EDGE('',*,*,#739,.T.);
#984=ORIENTED_EDGE('',*,*,#742,.T.);
#985=ORIENTED_EDGE('',*,*,#743,.F.);
#986=ORIENTED_EDGE('',*,*,#744,.F.);
#987=ORIENTED_EDGE('',*,*,#745,.F.);
#988=ORIENTED_EDGE('',*,*,#746,.F.);
#989=ORIENTED_EDGE('',*,*,#747,.T.);
#990=ORIENTED_EDGE('',*,*,#726,.T.);
#991=ORIENTED_EDGE('',*,*,#730,.T.);
#992=ORIENTED_EDGE('',*,*,#741,.T.);
#993=ORIENTED_EDGE('',*,*,#748,.T.);
#994=ORIENTED_EDGE('',*,*,#749,.T.);
#995=ORIENTED_EDGE('',*,*,#750,.F.);
#996=ORIENTED_EDGE('',*,*,#751,.T.);
#997=ORIENTED_EDGE('',*,*,#752,.T.);
#998=ORIENTED_EDGE('',*,*,#674,.T.);
#999=ORIENTED_EDGE('',*,*,#753,.T.);
#1000=ORIENTED_EDGE('',*,*,#661,.T.);
#1001=ORIENTED_EDGE('',*,*,#753,.F.);
#1002=ORIENTED_EDGE('',*,*,#754,.F.);
#1003=ORIENTED_EDGE('',*,*,#755,.T.);
#1004=ORIENTED_EDGE('',*,*,#756,.F.);
#1005=ORIENTED_EDGE('',*,*,#757,.T.);
#1006=ORIENTED_EDGE('',*,*,#754,.T.);
#1007=ORIENTED_EDGE('',*,*,#758,.T.);
#1008=ORIENTED_EDGE('',*,*,#759,.T.);
#1009=ORIENTED_EDGE('',*,*,#760,.T.);
#1010=ORIENTED_EDGE('',*,*,#761,.T.);
#1011=ORIENTED_EDGE('',*,*,#762,.T.);
#1012=ORIENTED_EDGE('',*,*,#763,.T.);
#1013=ORIENTED_EDGE('',*,*,#764,.T.);
#1014=ORIENTED_EDGE('',*,*,#765,.T.);
#1015=ORIENTED_EDGE('',*,*,#766,.T.);
#1016=ORIENTED_EDGE('',*,*,#767,.T.);
#1017=ORIENTED_EDGE('',*,*,#768,.T.);
#1018=ORIENTED_EDGE('',*,*,#769,.T.);
#1019=ORIENTED_EDGE('',*,*,#770,.T.);
#1020=ORIENTED_EDGE('',*,*,#764,.F.);
#1021=ORIENTED_EDGE('',*,*,#771,.T.);
#1022=ORIENTED_EDGE('',*,*,#769,.F.);
#1023=ORIENTED_EDGE('',*,*,#772,.T.);
#1024=ORIENTED_EDGE('',*,*,#773,.T.);
#1025=ORIENTED_EDGE('',*,*,#760,.F.);
#1026=ORIENTED_EDGE('',*,*,#774,.T.);
#1027=ORIENTED_EDGE('',*,*,#766,.F.);
#1028=ORIENTED_EDGE('',*,*,#775,.T.);
#1029=ORIENTED_EDGE('',*,*,#776,.T.);
#1030=ORIENTED_EDGE('',*,*,#777,.T.);
#1031=ORIENTED_EDGE('',*,*,#778,.T.);
#1032=ORIENTED_EDGE('',*,*,#776,.F.);
#1033=ORIENTED_EDGE('',*,*,#779,.T.);
#1034=ORIENTED_EDGE('',*,*,#780,.T.);
#1035=ORIENTED_EDGE('',*,*,#781,.T.);
#1036=ORIENTED_EDGE('',*,*,#780,.F.);
#1037=ORIENTED_EDGE('',*,*,#782,.T.);
#1038=ORIENTED_EDGE('',*,*,#756,.T.);
#1039=ORIENTED_EDGE('',*,*,#777,.F.);
#1040=ORIENTED_EDGE('',*,*,#781,.F.);
#1041=ORIENTED_EDGE('',*,*,#755,.F.);
#1042=ORIENTED_EDGE('',*,*,#762,.F.);
#1043=ORIENTED_EDGE('',*,*,#783,.F.);
#1044=ORIENTED_EDGE('',*,*,#720,.T.);
#1045=ORIENTED_EDGE('',*,*,#774,.F.);
#1046=ORIENTED_EDGE('',*,*,#778,.F.);
#1047=ORIENTED_EDGE('',*,*,#783,.T.);
#1048=ORIENTED_EDGE('',*,*,#761,.F.);
#1049=ORIENTED_EDGE('',*,*,#773,.F.);
#1050=ORIENTED_EDGE('',*,*,#784,.F.);
#1051=ORIENTED_EDGE('',*,*,#767,.F.);
#1052=ORIENTED_EDGE('',*,*,#782,.F.);
#1053=ORIENTED_EDGE('',*,*,#785,.F.);
#1054=ORIENTED_EDGE('',*,*,#786,.F.);
#1055=ORIENTED_EDGE('',*,*,#787,.F.);
#1056=ORIENTED_EDGE('',*,*,#779,.F.);
#1057=ORIENTED_EDGE('',*,*,#775,.F.);
#1058=ORIENTED_EDGE('',*,*,#765,.F.);
#1059=ORIENTED_EDGE('',*,*,#788,.T.);
#1060=ORIENTED_EDGE('',*,*,#789,.F.);
#1061=ORIENTED_EDGE('',*,*,#790,.F.);
#1062=ORIENTED_EDGE('',*,*,#791,.F.);
#1063=ORIENTED_EDGE('',*,*,#792,.T.);
#1064=ORIENTED_EDGE('',*,*,#793,.F.);
#1065=ORIENTED_EDGE('',*,*,#751,.F.);
#1066=ORIENTED_EDGE('',*,*,#794,.F.);
#1067=ORIENTED_EDGE('',*,*,#785,.T.);
#1068=ORIENTED_EDGE('',*,*,#795,.F.);
#1069=ORIENTED_EDGE('',*,*,#796,.T.);
#1070=ORIENTED_EDGE('',*,*,#797,.T.);
#1071=ORIENTED_EDGE('',*,*,#744,.T.);
#1072=ORIENTED_EDGE('',*,*,#795,.T.);
#1073=ORIENTED_EDGE('',*,*,#743,.T.);
#1074=ORIENTED_EDGE('',*,*,#798,.T.);
#1075=ORIENTED_EDGE('',*,*,#799,.T.);
#1076=ORIENTED_EDGE('',*,*,#800,.T.);
#1077=ORIENTED_EDGE('',*,*,#801,.T.);
#1078=ORIENTED_EDGE('',*,*,#802,.T.);
#1079=ORIENTED_EDGE('',*,*,#803,.T.);
#1080=ORIENTED_EDGE('',*,*,#804,.T.);
#1081=ORIENTED_EDGE('',*,*,#799,.F.);
#1082=ORIENTED_EDGE('',*,*,#805,.T.);
#1083=ORIENTED_EDGE('',*,*,#806,.T.);
#1084=ORIENTED_EDGE('',*,*,#807,.T.);
#1085=ORIENTED_EDGE('',*,*,#808,.T.);
#1086=ORIENTED_EDGE('',*,*,#803,.F.);
#1087=ORIENTED_EDGE('',*,*,#746,.T.);
#1088=ORIENTED_EDGE('',*,*,#809,.T.);
#1089=ORIENTED_EDGE('',*,*,#791,.T.);
#1090=ORIENTED_EDGE('',*,*,#810,.T.);
#1091=ORIENTED_EDGE('',*,*,#811,.T.);
#1092=ORIENTED_EDGE('',*,*,#745,.T.);
#1093=ORIENTED_EDGE('',*,*,#797,.F.);
#1094=ORIENTED_EDGE('',*,*,#812,.T.);
#1095=ORIENTED_EDGE('',*,*,#809,.F.);
#1096=ORIENTED_EDGE('',*,*,#813,.T.);
#1097=ORIENTED_EDGE('',*,*,#810,.F.);
#1098=ORIENTED_EDGE('',*,*,#790,.T.);
#1099=ORIENTED_EDGE('',*,*,#814,.T.);
#1100=ORIENTED_EDGE('',*,*,#815,.T.);
#1101=ORIENTED_EDGE('',*,*,#816,.T.);
#1102=ORIENTED_EDGE('',*,*,#814,.F.);
#1103=ORIENTED_EDGE('',*,*,#789,.T.);
#1104=ORIENTED_EDGE('',*,*,#807,.F.);
#1105=ORIENTED_EDGE('',*,*,#770,.F.);
#1106=ORIENTED_EDGE('',*,*,#817,.F.);
#1107=ORIENTED_EDGE('',*,*,#808,.F.);
#1108=ORIENTED_EDGE('',*,*,#788,.F.);
#1109=ORIENTED_EDGE('',*,*,#723,.T.);
#1110=ORIENTED_EDGE('',*,*,#747,.F.);
#1111=ORIENTED_EDGE('',*,*,#811,.F.);
#1112=ORIENTED_EDGE('',*,*,#813,.F.);
#1113=ORIENTED_EDGE('',*,*,#816,.F.);
#1114=ORIENTED_EDGE('',*,*,#818,.T.);
#1115=ORIENTED_EDGE('',*,*,#805,.F.);
#1116=ORIENTED_EDGE('',*,*,#798,.F.);
#1117=ORIENTED_EDGE('',*,*,#742,.F.);
#1118=ORIENTED_EDGE('',*,*,#738,.T.);
#1119=ORIENTED_EDGE('',*,*,#736,.T.);
#1120=ORIENTED_EDGE('',*,*,#802,.F.);
#1121=ORIENTED_EDGE('',*,*,#818,.F.);
#1122=ORIENTED_EDGE('',*,*,#815,.F.);
#1123=ORIENTED_EDGE('',*,*,#806,.F.);
#1124=ORIENTED_EDGE('',*,*,#656,.T.);
#1125=ORIENTED_EDGE('',*,*,#659,.T.);
#1126=ORIENTED_EDGE('',*,*,#649,.T.);
#1127=ORIENTED_EDGE('',*,*,#653,.T.);
#1128=ORIENTED_EDGE('',*,*,#708,.F.);
#1129=ORIENTED_EDGE('',*,*,#694,.F.);
#1130=ORIENTED_EDGE('',*,*,#716,.F.);
#1131=ORIENTED_EDGE('',*,*,#678,.F.);
#1132=ORIENTED_EDGE('',*,*,#759,.F.);
#1133=ORIENTED_EDGE('',*,*,#819,.F.);
#1134=ORIENTED_EDGE('',*,*,#820,.F.);
#1135=ORIENTED_EDGE('',*,*,#749,.F.);
#1136=ORIENTED_EDGE('',*,*,#821,.F.);
#1137=ORIENTED_EDGE('',*,*,#822,.F.);
#1138=ORIENTED_EDGE('',*,*,#800,.F.);
#1139=ORIENTED_EDGE('',*,*,#804,.F.);
#1140=ORIENTED_EDGE('',*,*,#817,.T.);
#1141=ORIENTED_EDGE('',*,*,#771,.F.);
#1142=ORIENTED_EDGE('',*,*,#801,.F.);
#1143=ORIENTED_EDGE('',*,*,#822,.T.);
#1144=ORIENTED_EDGE('',*,*,#823,.T.);
#1145=ORIENTED_EDGE('',*,*,#824,.T.);
#1146=ORIENTED_EDGE('',*,*,#796,.F.);
#1147=ORIENTED_EDGE('',*,*,#763,.F.);
#1148=ORIENTED_EDGE('',*,*,#784,.T.);
#1149=ORIENTED_EDGE('',*,*,#772,.F.);
#1150=ORIENTED_EDGE('',*,*,#768,.F.);
#1151=ORIENTED_EDGE('',*,*,#669,.T.);
#1152=ORIENTED_EDGE('',*,*,#672,.T.);
#1153=ORIENTED_EDGE('',*,*,#662,.T.);
#1154=ORIENTED_EDGE('',*,*,#666,.T.);
#1155=ORIENTED_EDGE('',*,*,#704,.F.);
#1156=ORIENTED_EDGE('',*,*,#718,.T.);
#1157=ORIENTED_EDGE('',*,*,#712,.F.);
#1158=ORIENTED_EDGE('',*,*,#685,.F.);
#1159=ORIENTED_EDGE('',*,*,#812,.F.);
#1160=ORIENTED_EDGE('',*,*,#824,.F.);
#1161=ORIENTED_EDGE('',*,*,#825,.F.);
#1162=ORIENTED_EDGE('',*,*,#792,.F.);
#1163=ORIENTED_EDGE('',*,*,#820,.T.);
#1164=ORIENTED_EDGE('',*,*,#826,.F.);
#1165=ORIENTED_EDGE('',*,*,#786,.T.);
#1166=ORIENTED_EDGE('',*,*,#794,.T.);
#1167=ORIENTED_EDGE('',*,*,#750,.T.);
#1168=ORIENTED_EDGE('',*,*,#722,.T.);
#1169=ORIENTED_EDGE('',*,*,#727,.T.);
#1170=ORIENTED_EDGE('',*,*,#752,.F.);
#1171=ORIENTED_EDGE('',*,*,#793,.T.);
#1172=ORIENTED_EDGE('',*,*,#825,.T.);
#1173=ORIENTED_EDGE('',*,*,#823,.F.);
#1174=ORIENTED_EDGE('',*,*,#821,.T.);
#1175=ORIENTED_EDGE('',*,*,#748,.F.);
#1176=ORIENTED_EDGE('',*,*,#740,.T.);
#1177=ORIENTED_EDGE('',*,*,#734,.T.);
#1178=ORIENTED_EDGE('',*,*,#757,.F.);
#1179=ORIENTED_EDGE('',*,*,#787,.T.);
#1180=ORIENTED_EDGE('',*,*,#826,.T.);
#1181=ORIENTED_EDGE('',*,*,#819,.T.);
#1182=ORIENTED_EDGE('',*,*,#758,.F.);
#1183=CYLINDRICAL_SURFACE('',#1274,2.44031011978924);
#1184=CYLINDRICAL_SURFACE('',#1278,5.16143633149522);
#1185=CYLINDRICAL_SURFACE('',#1284,5.16143633149522);
#1186=CYLINDRICAL_SURFACE('',#1288,2.44031011978924);
#1187=CYLINDRICAL_SURFACE('',#1297,4.40947208475395);
#1188=CYLINDRICAL_SURFACE('',#1316,4.40947208475395);
#1189=CYLINDRICAL_SURFACE('',#1320,5.);
#1190=CYLINDRICAL_SURFACE('',#1331,4.);
#1191=CYLINDRICAL_SURFACE('',#1346,19.5502002215549);
#1192=CYLINDRICAL_SURFACE('',#1360,11.0764954825423);
#1193=CYLINDRICAL_SURFACE('',#1366,19.5502002215549);
#1194=ADVANCED_FACE('',(#92),#1183,.F.);
#1195=ADVANCED_FACE('',(#93),#42,.F.);
#1196=ADVANCED_FACE('',(#94),#1184,.F.);
#1197=ADVANCED_FACE('',(#95),#43,.F.);
#1198=ADVANCED_FACE('',(#96,#34),#44,.F.);
#1199=ADVANCED_FACE('',(#97),#1185,.F.);
#1200=ADVANCED_FACE('',(#98),#45,.F.);
#1201=ADVANCED_FACE('',(#99),#1186,.F.);
#1202=ADVANCED_FACE('',(#100),#46,.F.);
#1203=ADVANCED_FACE('',(#101,#35),#47,.T.);
#1204=ADVANCED_FACE('',(#102),#29,.T.);
#1205=ADVANCED_FACE('',(#103),#1187,.T.);
#1206=ADVANCED_FACE('',(#104),#48,.T.);
#1207=ADVANCED_FACE('',(#105),#49,.F.);
#1208=ADVANCED_FACE('',(#106),#50,.T.);
#1209=ADVANCED_FACE('',(#107),#51,.F.);
#1210=ADVANCED_FACE('',(#108),#52,.T.);
#1211=ADVANCED_FACE('',(#109),#53,.F.);
#1212=ADVANCED_FACE('',(#110),#54,.T.);
#1213=ADVANCED_FACE('',(#111),#55,.F.);
#1214=ADVANCED_FACE('',(#112),#56,.T.);
#1215=ADVANCED_FACE('',(#113),#57,.F.);
#1216=ADVANCED_FACE('',(#114),#58,.T.);
#1217=ADVANCED_FACE('',(#115),#59,.F.);
#1218=ADVANCED_FACE('',(#116),#60,.F.);
#1219=ADVANCED_FACE('',(#117),#1188,.T.);
#1220=ADVANCED_FACE('',(#118),#61,.T.);
#1221=ADVANCED_FACE('',(#119),#1189,.F.);
#1222=ADVANCED_FACE('',(#120),#62,.F.);
#1223=ADVANCED_FACE('',(#121),#63,.F.);
#1224=ADVANCED_FACE('',(#122),#64,.F.);
#1225=ADVANCED_FACE('',(#123),#65,.F.);
#1226=ADVANCED_FACE('',(#124),#66,.F.);
#1227=ADVANCED_FACE('',(#125),#67,.T.);
#1228=ADVANCED_FACE('',(#126),#68,.T.);
#1229=ADVANCED_FACE('',(#127),#1190,.F.);
#1230=ADVANCED_FACE('',(#128),#69,.T.);
#1231=ADVANCED_FACE('',(#129),#70,.T.);
#1232=ADVANCED_FACE('',(#130),#71,.T.);
#1233=ADVANCED_FACE('',(#131),#30,.T.);
#1234=ADVANCED_FACE('',(#132),#72,.T.);
#1235=ADVANCED_FACE('',(#133),#73,.T.);
#1236=ADVANCED_FACE('',(#134),#74,.T.);
#1237=ADVANCED_FACE('',(#135),#31,.T.);
#1238=ADVANCED_FACE('',(#136,#36),#75,.T.);
#1239=ADVANCED_FACE('',(#137),#76,.T.);
#1240=ADVANCED_FACE('',(#138),#1191,.T.);
#1241=ADVANCED_FACE('',(#139),#77,.F.);
#1242=ADVANCED_FACE('',(#140),#78,.T.);
#1243=ADVANCED_FACE('',(#141),#79,.T.);
#1244=ADVANCED_FACE('',(#142),#80,.T.);
#1245=ADVANCED_FACE('',(#143),#32,.T.);
#1246=ADVANCED_FACE('',(#144),#81,.T.);
#1247=ADVANCED_FACE('',(#145),#33,.T.);
#1248=ADVANCED_FACE('',(#146),#82,.T.);
#1249=ADVANCED_FACE('',(#147),#83,.T.);
#1250=ADVANCED_FACE('',(#148),#1192,.T.);
#1251=ADVANCED_FACE('',(#149),#84,.T.);
#1252=ADVANCED_FACE('',(#150,#37,#38),#85,.T.);
#1253=ADVANCED_FACE('',(#151),#86,.F.);
#1254=ADVANCED_FACE('',(#152),#87,.T.);
#1255=ADVANCED_FACE('',(#153,#39,#40),#88,.T.);
#1256=ADVANCED_FACE('',(#154),#1193,.T.);
#1257=ADVANCED_FACE('',(#155,#41),#89,.T.);
#1258=ADVANCED_FACE('',(#156),#90,.T.);
#1259=ADVANCED_FACE('',(#157),#91,.T.);
#1260=CLOSED_SHELL('',(#1194,#1195,#1196,#1197,#1198,#1199,#1200,#1201,
#1202,#1203,#1204,#1205,#1206,#1207,#1208,#1209,#1210,#1211,#1212,#1213,
#1214,#1215,#1216,#1217,#1218,#1219,#1220,#1221,#1222,#1223,#1224,#1225,
#1226,#1227,#1228,#1229,#1230,#1231,#1232,#1233,#1234,#1235,#1236,#1237,
#1238,#1239,#1240,#1241,#1242,#1243,#1244,#1245,#1246,#1247,#1248,#1249,
#1250,#1251,#1252,#1253,#1254,#1255,#1256,#1257,#1258,#1259));
#1261=DERIVED_UNIT_ELEMENT(#1263,1.);
#1262=DERIVED_UNIT_ELEMENT(#2098,-3.);
#1263=(
MASS_UNIT()
NAMED_UNIT(*)
SI_UNIT(.KILO.,.GRAM.)
);
#1264=DERIVED_UNIT((#1261,#1262));
#1265=MEASURE_REPRESENTATION_ITEM('density measure',
POSITIVE_RATIO_MEASURE(7850.),#1264);
#1266=PROPERTY_DEFINITION_REPRESENTATION(#1271,#1268);
#1267=PROPERTY_DEFINITION_REPRESENTATION(#1272,#1269);
#1268=REPRESENTATION('material name',(#1270),#2095);
#1269=REPRESENTATION('density',(#1265),#2095);
#1270=DESCRIPTIVE_REPRESENTATION_ITEM('Steel','Steel');
#1271=PROPERTY_DEFINITION('material property','material name',#2105);
#1272=PROPERTY_DEFINITION('material property','density of part',#2105);
#1273=AXIS2_PLACEMENT_3D('',#1704,#1371,#1372);
#1274=AXIS2_PLACEMENT_3D('',#1705,#1373,#1374);
#1275=AXIS2_PLACEMENT_3D('',#1708,#1375,#1376);
#1276=AXIS2_PLACEMENT_3D('',#1712,#1378,#1379);
#1277=AXIS2_PLACEMENT_3D('',#1714,#1381,#1382);
#1278=AXIS2_PLACEMENT_3D('',#1720,#1386,#1387);
#1279=AXIS2_PLACEMENT_3D('',#1722,#1388,#1389);
#1280=AXIS2_PLACEMENT_3D('',#1724,#1390,#1391);
#1281=AXIS2_PLACEMENT_3D('',#1726,#1393,#1394);
#1282=AXIS2_PLACEMENT_3D('',#1729,#1397,#1398);
#1283=AXIS2_PLACEMENT_3D('',#1731,#1399,#1400);
#1284=AXIS2_PLACEMENT_3D('',#1732,#1401,#1402);
#1285=AXIS2_PLACEMENT_3D('',#1735,#1403,#1404);
#1286=AXIS2_PLACEMENT_3D('',#1739,#1406,#1407);
#1287=AXIS2_PLACEMENT_3D('',#1741,#1409,#1410);
#1288=AXIS2_PLACEMENT_3D('',#1747,#1414,#1415);
#1289=AXIS2_PLACEMENT_3D('',#1749,#1416,#1417);
#1290=AXIS2_PLACEMENT_3D('',#1751,#1418,#1419);
#1291=AXIS2_PLACEMENT_3D('',#1753,#1421,#1422);
#1292=AXIS2_PLACEMENT_3D('',#1756,#1425,#1426);
#1293=AXIS2_PLACEMENT_3D('',#1758,#1427,#1428);
#1294=AXIS2_PLACEMENT_3D('',#1759,#1429,#1430);
#1295=AXIS2_PLACEMENT_3D('',#1766,#1431,#1432);
#1296=AXIS2_PLACEMENT_3D('',#1771,#1433,#1434);
#1297=AXIS2_PLACEMENT_3D('',#1772,#1435,#1436);
#1298=AXIS2_PLACEMENT_3D('',#1774,#1437,#1438);
#1299=AXIS2_PLACEMENT_3D('',#1778,#1440,#1441);
#1300=AXIS2_PLACEMENT_3D('',#1781,#1443,#1444);
#1301=AXIS2_PLACEMENT_3D('',#1782,#1445,#1446);
#1302=AXIS2_PLACEMENT_3D('',#1795,#1453,#1454);
#1303=AXIS2_PLACEMENT_3D('',#1801,#1458,#1459);
#1304=AXIS2_PLACEMENT_3D('',#1814,#1466,#1467);
#1305=AXIS2_PLACEMENT_3D('',#1820,#1471,#1472);
#1306=AXIS2_PLACEMENT_3D('',#1824,#1474,#1475);
#1307=AXIS2_PLACEMENT_3D('',#1826,#1477,#1478);
#1308=AXIS2_PLACEMENT_3D('',#1830,#1481,#1482);
#1309=AXIS2_PLACEMENT_3D('',#1833,#1485,#1486);
#1310=AXIS2_PLACEMENT_3D('',#1835,#1488,#1489);
#1311=AXIS2_PLACEMENT_3D('',#1838,#1490,#1491);
#1312=AXIS2_PLACEMENT_3D('',#1841,#1494,#1495);
#1313=AXIS2_PLACEMENT_3D('',#1845,#1498,#1499);
#1314=AXIS2_PLACEMENT_3D('',#1848,#1502,#1503);
#1315=AXIS2_PLACEMENT_3D('',#1850,#1505,#1506);
#1316=AXIS2_PLACEMENT_3D('',#1851,#1507,#1508);
#1317=AXIS2_PLACEMENT_3D('',#1852,#1509,#1510);
#1318=AXIS2_PLACEMENT_3D('',#1853,#1511,#1512);
#1319=AXIS2_PLACEMENT_3D('',#1854,#1513,#1514);
#1320=AXIS2_PLACEMENT_3D('',#1855,#1515,#1516);
#1321=AXIS2_PLACEMENT_3D('',#1857,#1517,#1518);
#1322=AXIS2_PLACEMENT_3D('',#1860,#1520,#1521);
#1323=AXIS2_PLACEMENT_3D('',#1861,#1522,#1523);
#1324=AXIS2_PLACEMENT_3D('',#1876,#1531,#1532);
#1325=AXIS2_PLACEMENT_3D('',#1882,#1536,#1537);
#1326=AXIS2_PLACEMENT_3D('',#1888,#1541,#1542);
#1327=AXIS2_PLACEMENT_3D('',#1892,#1545,#1546);
#1328=AXIS2_PLACEMENT_3D('',#1899,#1551,#1552);
#1329=AXIS2_PLACEMENT_3D('',#1907,#1556,#1557);
#1330=AXIS2_PLACEMENT_3D('',#1911,#1560,#1561);
#1331=AXIS2_PLACEMENT_3D('',#1921,#1567,#1568);
#1332=AXIS2_PLACEMENT_3D('',#1923,#1570,#1571);
#1333=AXIS2_PLACEMENT_3D('',#1935,#1575,#1576);
#1334=AXIS2_PLACEMENT_3D('',#1945,#1582,#1583);
#1335=AXIS2_PLACEMENT_3D('',#1959,#1588,#1589);
#1336=AXIS2_PLACEMENT_3D('',#1961,#1590,#1591);
#1337=AXIS2_PLACEMENT_3D('',#1967,#1592,#1593);
#1338=AXIS2_PLACEMENT_3D('',#1968,#1594,#1595);
#1339=AXIS2_PLACEMENT_3D('',#1973,#1599,#1600);
#1340=AXIS2_PLACEMENT_3D('',#1979,#1604,#1605);
#1341=AXIS2_PLACEMENT_3D('',#1990,#1609,#1610);
#1342=AXIS2_PLACEMENT_3D('',#1991,#1611,#1612);
#1343=AXIS2_PLACEMENT_3D('',#1992,#1613,#1614);
#1344=AXIS2_PLACEMENT_3D('',#1993,#1615,#1616);
#1345=AXIS2_PLACEMENT_3D('',#1995,#1618,#1619);
#1346=AXIS2_PLACEMENT_3D('',#1997,#1621,#1622);
#1347=AXIS2_PLACEMENT_3D('',#2001,#1624,#1625);
#1348=AXIS2_PLACEMENT_3D('',#2003,#1627,#1628);
#1349=AXIS2_PLACEMENT_3D('',#2016,#1636,#1637);
#1350=AXIS2_PLACEMENT_3D('',#2025,#1640,#1641);
#1351=AXIS2_PLACEMENT_3D('',#2033,#1646,#1647);
#1352=AXIS2_PLACEMENT_3D('',#2044,#1651,#1652);
#1353=AXIS2_PLACEMENT_3D('',#2046,#1653,#1654);
#1354=AXIS2_PLACEMENT_3D('',#2051,#1655,#1656);
#1355=AXIS2_PLACEMENT_3D('',#2052,#1657,#1658);
#1356=AXIS2_PLACEMENT_3D('',#2060,#1661,#1662);
#1357=AXIS2_PLACEMENT_3D('',#2061,#1663,#1664);
#1358=AXIS2_PLACEMENT_3D('',#2062,#1665,#1666);
#1359=AXIS2_PLACEMENT_3D('',#2066,#1669,#1670);
#1360=AXIS2_PLACEMENT_3D('',#2070,#1673,#1674);
#1361=AXIS2_PLACEMENT_3D('',#2072,#1676,#1677);
#1362=AXIS2_PLACEMENT_3D('',#2074,#1679,#1680);
#1363=AXIS2_PLACEMENT_3D('',#2075,#1681,#1682);
#1364=AXIS2_PLACEMENT_3D('',#2082,#1687,#1688);
#1365=AXIS2_PLACEMENT_3D('',#2086,#1691,#1692);
#1366=AXIS2_PLACEMENT_3D('',#2087,#1693,#1694);
#1367=AXIS2_PLACEMENT_3D('',#2088,#1695,#1696);
#1368=AXIS2_PLACEMENT_3D('',#2089,#1697,#1698);
#1369=AXIS2_PLACEMENT_3D('',#2091,#1700,#1701);
#1370=AXIS2_PLACEMENT_3D('',#2092,#1702,#1703);
#1371=DIRECTION('axis',(0.,0.,1.));
#1372=DIRECTION('refdir',(1.,0.,0.));
#1373=DIRECTION('center_axis',(1.,0.,0.));
#1374=DIRECTION('ref_axis',(0.,0.572981963024753,-0.819567977685989));
#1375=DIRECTION('center_axis',(1.,0.,0.));
#1376=DIRECTION('ref_axis',(0.,0.572981963024753,-0.819567977685989));
#1377=DIRECTION('',(1.,0.,0.));
#1378=DIRECTION('center_axis',(1.,0.,0.));
#1379=DIRECTION('ref_axis',(0.,0.572981963024753,-0.819567977685989));
#1380=DIRECTION('',(1.,0.,0.));
#1381=DIRECTION('center_axis',(0.,0.365713120206923,0.930727625951071));
#1382=DIRECTION('ref_axis',(0.,-0.930727625951071,0.365713120206923));
#1383=DIRECTION('',(0.,-0.930727625951071,0.365713120206923));
#1384=DIRECTION('',(0.,-0.930727625951071,0.365713120206923));
#1385=DIRECTION('',(1.,0.,0.));
#1386=DIRECTION('center_axis',(1.,0.,0.));
#1387=DIRECTION('ref_axis',(0.,-0.999852786737673,-0.0171582298885928));
#1388=DIRECTION('center_axis',(1.,0.,0.));
#1389=DIRECTION('ref_axis',(0.,1.,0.));
#1390=DIRECTION('center_axis',(1.,0.,0.));
#1391=DIRECTION('ref_axis',(0.,1.,0.));
#1392=DIRECTION('',(1.,0.,0.));
#1393=DIRECTION('center_axis',(0.,0.363995316849195,-0.931400778028371));
#1394=DIRECTION('ref_axis',(0.,0.931400778028371,0.363995316849195));
#1395=DIRECTION('',(0.,0.931400778028371,0.363995316849195));
#1396=DIRECTION('',(0.,0.931400778028371,0.363995316849195));
#1397=DIRECTION('center_axis',(1.,0.,0.));
#1398=DIRECTION('ref_axis',(0.,1.,0.));
#1399=DIRECTION('center_axis',(-1.,0.,0.));
#1400=DIRECTION('ref_axis',(0.,1.,0.));
#1401=DIRECTION('center_axis',(-1.,0.,0.));
#1402=DIRECTION('ref_axis',(0.,-0.999852786737673,-0.0171582298885931));
#1403=DIRECTION('center_axis',(-1.,0.,0.));
#1404=DIRECTION('ref_axis',(0.,1.,0.));
#1405=DIRECTION('',(-1.,0.,0.));
#1406=DIRECTION('center_axis',(-1.,0.,0.));
#1407=DIRECTION('ref_axis',(0.,1.,0.));
#1408=DIRECTION('',(-1.,0.,0.));
#1409=DIRECTION('center_axis',(0.,0.365713120206923,0.930727625951071));
#1410=DIRECTION('ref_axis',(0.,0.930727625951071,-0.365713120206923));
#1411=DIRECTION('',(0.,0.930727625951071,-0.365713120206923));
#1412=DIRECTION('',(0.,0.930727625951071,-0.365713120206923));
#1413=DIRECTION('',(-1.,0.,0.));
#1414=DIRECTION('center_axis',(-1.,0.,0.));
#1415=DIRECTION('ref_axis',(0.,0.572981963024753,-0.819567977685989));
#1416=DIRECTION('center_axis',(-1.,0.,0.));
#1417=DIRECTION('ref_axis',(0.,0.572981963024753,-0.819567977685989));
#1418=DIRECTION('center_axis',(-1.,0.,0.));
#1419=DIRECTION('ref_axis',(0.,0.572981963024753,-0.819567977685989));
#1420=DIRECTION('',(-1.,0.,0.));
#1421=DIRECTION('center_axis',(0.,0.363995316849195,-0.931400778028371));
#1422=DIRECTION('ref_axis',(0.,-0.931400778028371,-0.363995316849195));
#1423=DIRECTION('',(0.,-0.931400778028371,-0.363995316849195));
#1424=DIRECTION('',(0.,-0.931400778028371,-0.363995316849195));
#1425=DIRECTION('center_axis',(1.,0.,0.));
#1426=DIRECTION('ref_axis',(0.,1.,0.));
#1427=DIRECTION('center_axis',(1.,0.,0.));
#1428=DIRECTION('ref_axis',(0.,1.,0.));
#1429=DIRECTION('center_axis',(1.,0.,0.));
#1430=DIRECTION('ref_axis',(0.,0.525380358194748,-0.850867486288646));
#1431=DIRECTION('center_axis',(-1.,0.,0.));
#1432=DIRECTION('ref_axis',(0.,0.525380358194748,-0.850867486288646));
#1433=DIRECTION('center_axis',(1.,0.,0.));
#1434=DIRECTION('ref_axis',(0.,0.525380358194748,-0.850867486288645));
#1435=DIRECTION('center_axis',(1.,0.,0.));
#1436=DIRECTION('ref_axis',(0.,0.525380358194748,-0.850867486288645));
#1437=DIRECTION('center_axis',(-0.707106781186551,0.0374266221854278,-0.706115605231739));
#1438=DIRECTION('ref_axis',(0.707106781186545,0.0374266221854282,-0.706115605231745));
#1439=DIRECTION('',(1.,0.,0.));
#1440=DIRECTION('center_axis',(-1.,0.,0.));
#1441=DIRECTION('ref_axis',(0.,0.525380358194748,-0.850867486288645));
#1442=DIRECTION('',(1.,0.,0.));
#1443=DIRECTION('center_axis',(-0.707106781186555,0.039496662518742,0.706002842522514));
#1444=DIRECTION('ref_axis',(-0.70710678118654,-0.0394966625187428,-0.706002842522529));
#1445=DIRECTION('center_axis',(0.707106781186549,-0.707106781186546,0.));
#1446=DIRECTION('ref_axis',(0.,0.,-1.));
#1447=DIRECTION('',(-0.566290769920738,-0.566290769920741,0.598856850845969));
#1448=DIRECTION('',(0.,0.,1.));
#1449=DIRECTION('',(0.566886262743031,0.566886262743033,0.597728977235064));
#1450=DIRECTION('',(0.70661067183181,0.706610671831813,0.0374528624645837));
#1451=DIRECTION('',(0.,0.,-1.));
#1452=DIRECTION('',(-0.70655416504689,-0.706554165046893,0.0395275057368891));
#1453=DIRECTION('center_axis',(0.,1.,0.));
#1454=DIRECTION('ref_axis',(0.,0.,-1.));
#1455=DIRECTION('',(-1.,0.,0.));
#1456=DIRECTION('',(0.,0.,-1.));
#1457=DIRECTION('',(-1.,0.,0.));
#1458=DIRECTION('center_axis',(-0.707106781186546,-0.707106781186549,0.));
#1459=DIRECTION('ref_axis',(0.,0.,1.));
#1460=DIRECTION('',(0.56688626274303,-0.566886262743028,-0.59772897723507));
#1461=DIRECTION('',(0.,0.,-1.));
#1462=DIRECTION('',(-0.566290769920735,0.566290769920732,-0.598856850845981));
#1463=DIRECTION('',(-0.706554165046893,0.70655416504689,-0.0395275057368889));
#1464=DIRECTION('',(0.,0.,1.));
#1465=DIRECTION('',(0.706610671831813,-0.70661067183181,-0.0374528624645835));
#1466=DIRECTION('center_axis',(0.,1.,0.));
#1467=DIRECTION('ref_axis',(0.,0.,1.));
#1468=DIRECTION('',(1.,0.,0.));
#1469=DIRECTION('',(0.,0.,1.));
#1470=DIRECTION('',(1.,0.,0.));
#1471=DIRECTION('center_axis',(0.707106781186545,0.0394966625187426,0.706002842522525));
#1472=DIRECTION('ref_axis',(0.706554165046894,0.,-0.707658965784286));
#1473=DIRECTION('',(-9.81307786677363E-18,0.998438794969307,-0.0558567158024786));
#1474=DIRECTION('center_axis',(0.707106781186545,0.0394966625187426,0.706002842522525));
#1475=DIRECTION('ref_axis',(0.70710678118655,-0.0394966625187423,-0.706002842522519));
#1476=DIRECTION('',(0.,0.998438794969307,-0.0558567158024786));
#1477=DIRECTION('center_axis',(0.,-0.0558567158024786,-0.998438794969307));
#1478=DIRECTION('ref_axis',(0.,-0.998438794969307,0.0558567158024786));
#1479=DIRECTION('',(0.,-0.998438794969307,0.0558567158024786));
#1480=DIRECTION('',(-1.,0.,0.));
#1481=DIRECTION('center_axis',(-0.707106781186555,0.039496662518742,0.706002842522514));
#1482=DIRECTION('ref_axis',(0.706554165046884,0.,0.707658965784297));
#1483=DIRECTION('',(0.,0.998438794969307,-0.0558567158024786));
#1484=DIRECTION('',(0.,-0.998438794969307,0.0558567158024786));
#1485=DIRECTION('center_axis',(0.,-0.0558567158024786,-0.998438794969307));
#1486=DIRECTION('ref_axis',(0.,0.998438794969307,-0.0558567158024786));
#1487=DIRECTION('',(0.,0.998438794969307,-0.0558567158024786));
#1488=DIRECTION('center_axis',(0.707106781186547,0.037426622185428,-0.706115605231743));
#1489=DIRECTION('ref_axis',(-0.706610671831813,0.,-0.70760254271264));
#1490=DIRECTION('center_axis',(0.707106781186547,0.037426622185428,-0.706115605231743));
#1491=DIRECTION('ref_axis',(-0.707106781186549,0.0374266221854279,-0.706115605231741));
#1492=DIRECTION('',(0.,0.998598265522016,0.052929236688446));
#1493=DIRECTION('',(0.,-0.998598265522016,-0.052929236688446));
#1494=DIRECTION('center_axis',(0.,-0.052929236688446,0.998598265522016));
#1495=DIRECTION('ref_axis',(0.,0.998598265522016,0.052929236688446));
#1496=DIRECTION('',(-1.,0.,0.));
#1497=DIRECTION('',(0.,0.998598265522016,0.052929236688446));
#1498=DIRECTION('center_axis',(-0.707106781186551,0.0374266221854278,-0.706115605231739));
#1499=DIRECTION('ref_axis',(-0.706610671831809,0.,0.707602542712644));
#1500=DIRECTION('',(0.,0.998598265522016,0.052929236688446));
#1501=DIRECTION('',(0.,0.998598265522016,0.052929236688446));
#1502=DIRECTION('center_axis',(0.,-0.052929236688446,0.998598265522016));
#1503=DIRECTION('ref_axis',(0.,-0.998598265522016,-0.052929236688446));
#1504=DIRECTION('',(0.,-0.998598265522016,-0.052929236688446));
#1505=DIRECTION('center_axis',(1.,0.,0.));
#1506=DIRECTION('ref_axis',(0.,1.,0.));
#1507=DIRECTION('center_axis',(-1.,0.,0.));
#1508=DIRECTION('ref_axis',(0.,0.525380358194748,-0.850867486288645));
#1509=DIRECTION('center_axis',(1.,0.,0.));
#1510=DIRECTION('ref_axis',(0.,0.525380358194748,-0.850867486288645));
#1511=DIRECTION('center_axis',(1.,0.,0.));
#1512=DIRECTION('ref_axis',(0.,0.525380358194748,-0.850867486288645));
#1513=DIRECTION('center_axis',(1.,0.,0.));
#1514=DIRECTION('ref_axis',(0.,1.,0.));
#1515=DIRECTION('center_axis',(-1.,0.,0.));
#1516=DIRECTION('ref_axis',(0.,1.,0.));
#1517=DIRECTION('center_axis',(-1.,0.,0.));
#1518=DIRECTION('ref_axis',(0.,1.,0.));
#1519=DIRECTION('',(-1.,0.,0.));
#1520=DIRECTION('center_axis',(1.,0.,0.));
#1521=DIRECTION('ref_axis',(0.,1.,0.));
#1522=DIRECTION('center_axis',(0.,0.,-1.));
#1523=DIRECTION('ref_axis',(0.,1.,0.));
#1524=DIRECTION('',(-0.596246891369562,0.80280112389815,0.));
#1525=DIRECTION('',(1.,0.,0.));
#1526=DIRECTION('',(0.,1.,0.));
#1527=DIRECTION('',(1.,0.,0.));
#1528=DIRECTION('',(0.,-1.,0.));
#1529=DIRECTION('',(1.,0.,0.));
#1530=DIRECTION('',(0.,1.,0.));
#1531=DIRECTION('center_axis',(1.,0.,0.));
#1532=DIRECTION('ref_axis',(0.,0.,-1.));
#1533=DIRECTION('',(0.,0.,1.));
#1534=DIRECTION('',(0.,0.,-1.));
#1535=DIRECTION('',(0.,-1.,0.));
#1536=DIRECTION('center_axis',(0.,1.,0.));
#1537=DIRECTION('ref_axis',(0.,0.,1.));
#1538=DIRECTION('',(0.,0.,1.));
#1539=DIRECTION('',(0.,0.,-1.));
#1540=DIRECTION('',(1.,0.,0.));
#1541=DIRECTION('center_axis',(0.,-1.,0.));
#1542=DIRECTION('ref_axis',(0.,0.,-1.));
#1543=DIRECTION('',(0.,0.,-1.));
#1544=DIRECTION('',(1.,0.,0.));
#1545=DIRECTION('center_axis',(0.,0.,1.));
#1546=DIRECTION('ref_axis',(0.,-1.,0.));
#1547=DIRECTION('',(0.596246891369562,-0.80280112389815,0.));
#1548=DIRECTION('',(0.,-1.,0.));
#1549=DIRECTION('',(0.,1.,0.));
#1550=DIRECTION('',(-1.,0.,0.));
#1551=DIRECTION('center_axis',(-1.,0.,0.));
#1552=DIRECTION('ref_axis',(0.,-1.,0.));
#1553=DIRECTION('',(0.,0.,1.));
#1554=DIRECTION('',(0.,-0.832064884369403,-0.554678310554264));
#1555=DIRECTION('',(0.,-1.,0.));
#1556=DIRECTION('center_axis',(1.,0.,0.));
#1557=DIRECTION('ref_axis',(0.,0.235571300648859,-0.97185706886898));
#1558=DIRECTION('',(0.,0.997630328422983,-0.0688020916153781));
#1559=DIRECTION('',(0.,0.,1.));
#1560=DIRECTION('center_axis',(0.,1.,0.));
#1561=DIRECTION('ref_axis',(-1.,0.,0.));
#1562=DIRECTION('',(0.,0.,1.));
#1563=DIRECTION('',(1.,0.,-9.86864910777917E-17));
#1564=DIRECTION('',(0.,0.,1.));
#1565=DIRECTION('',(-1.,0.,0.));
#1566=DIRECTION('',(0.,0.,1.));
#1567=DIRECTION('center_axis',(-1.,0.,0.));
#1568=DIRECTION('ref_axis',(0.,1.,0.));
#1569=DIRECTION('',(-1.,0.,0.));
#1570=DIRECTION('center_axis',(0.707106781186548,0.,0.707106781186548));
#1571=DIRECTION('ref_axis',(0.707106781186548,0.,-0.707106781186548));
#1572=DIRECTION('',(-0.69785822322989,0.161207321610536,0.69785822322989));
#1573=DIRECTION('',(0.,1.,0.));
#1574=DIRECTION('',(0.,-1.,0.));
#1575=DIRECTION('center_axis',(0.60235912729159,-0.39504517744628,0.693615736229327));
#1576=DIRECTION('ref_axis',(0.755028473333327,0.,-0.655692004264155));
#1577=DIRECTION('',(-0.548410923253391,-0.836208980612121,0.));
#1578=DIRECTION('',(-0.498503936873005,-0.864833196462502,-0.0596436687215518));
#1579=DIRECTION('',(0.687827728744698,-0.184044599852256,-0.7021542571509));
#1580=DIRECTION('',(0.498503936873005,0.864833196462502,0.0596436687215518));
#1581=DIRECTION('',(0.,0.868947422077736,0.494904412654057));
#1582=DIRECTION('center_axis',(0.707106781186547,-0.048650425541052,-0.705431170345255));
#1583=DIRECTION('ref_axis',(-0.706267485008051,0.,-0.707945082347778));
#1584=DIRECTION('',(0.,-0.997630328422983,0.0688020916153781));
#1585=DIRECTION('',(0.,0.997630328422983,-0.0688020916153781));
#1586=DIRECTION('',(0.687827728744701,-0.184044599852244,0.702154257150901));
#1587=DIRECTION('',(0.456962128161633,0.792764086156073,0.403374165170648));
#1588=DIRECTION('center_axis',(-1.,0.,0.));
#1589=DIRECTION('ref_axis',(0.,-0.0839045304181049,0.996473797836811));
#1590=DIRECTION('center_axis',(-1.,0.,0.));
#1591=DIRECTION('ref_axis',(0.,-0.0839045304181049,0.996473797836811));
#1592=DIRECTION('center_axis',(1.,0.,0.));
#1593=DIRECTION('ref_axis',(0.,-0.0839045304181049,0.996473797836811));
#1594=DIRECTION('center_axis',(0.707106781186547,-0.048650425541052,0.705431170345255));
#1595=DIRECTION('ref_axis',(0.706267485008051,0.,-0.707945082347778));
#1596=DIRECTION('',(0.,-0.997630328422983,-0.0688020916153781));
#1597=DIRECTION('',(0.,0.997630328422983,0.0688020916153781));
#1598=DIRECTION('',(-0.456962128161633,-0.792764086156073,0.403374165170648));
#1599=DIRECTION('center_axis',(0.602359127291593,-0.395045177446281,-0.693615736229324));
#1600=DIRECTION('ref_axis',(-0.755028473333325,0.,-0.655692004264158));
#1601=DIRECTION('',(-0.498503936873005,-0.864833196462502,0.0596436687215519));
#1602=DIRECTION('',(0.498503936873005,0.864833196462502,-0.0596436687215519));
#1603=DIRECTION('',(0.6878277287447,-0.184044599852248,0.702154257150901));
#1604=DIRECTION('center_axis',(0.707106781186548,-0.048650425541052,-0.705431170345254));
#1605=DIRECTION('ref_axis',(-0.70626748500805,0.,-0.707945082347779));
#1606=DIRECTION('',(0.,-0.997630328422983,0.0688020916153781));
#1607=DIRECTION('',(-0.456962128161633,-0.792764086156073,-0.403374165170649));
#1608=DIRECTION('',(0.,0.997630328422983,-0.0688020916153781));
#1609=DIRECTION('center_axis',(-1.,0.,0.));
#1610=DIRECTION('ref_axis',(0.,0.235571300648859,-0.97185706886898));
#1611=DIRECTION('center_axis',(-1.,0.,0.));
#1612=DIRECTION('ref_axis',(0.,0.235571300648859,-0.97185706886898));
#1613=DIRECTION('center_axis',(1.,0.,0.));
#1614=DIRECTION('ref_axis',(0.,0.235571300648859,-0.97185706886898));
#1615=DIRECTION('center_axis',(1.,0.,0.));
#1616=DIRECTION('ref_axis',(0.,1.,0.));
#1617=DIRECTION('',(0.,0.,1.));
#1618=DIRECTION('center_axis',(0.866375577427515,-0.499392990376457,0.));
#1619=DIRECTION('ref_axis',(0.499392990376457,0.866375577427515,0.));
#1620=DIRECTION('',(0.,0.,1.));
#1621=DIRECTION('center_axis',(1.,0.,0.));
#1622=DIRECTION('ref_axis',(0.,0.235571300648859,-0.97185706886898));
#1623=DIRECTION('',(1.,0.,0.));
#1624=DIRECTION('center_axis',(-1.,0.,0.));
#1625=DIRECTION('ref_axis',(0.,0.235571300648859,-0.97185706886898));
#1626=DIRECTION('',(-1.,0.,0.));
#1627=DIRECTION('center_axis',(0.,0.0688020916153782,0.997630328422983));
#1628=DIRECTION('ref_axis',(0.,-0.997630328422983,0.0688020916153781));
#1629=DIRECTION('',(-1.,0.,0.));
#1630=DIRECTION('',(0.,-0.997630328422983,0.0688020916153781));
#1631=DIRECTION('',(0.595335134544031,-0.801573512626959,0.0552809319053075));
#1632=DIRECTION('',(0.,-0.997630328422983,0.0688020916153781));
#1633=DIRECTION('',(1.,0.,0.));
#1634=DIRECTION('',(0.,0.997630328422983,-0.0688020916153781));
#1635=DIRECTION('',(0.,-0.997630328422983,0.0688020916153781));
#1636=DIRECTION('center_axis',(-0.707106781186548,0.,0.707106781186548));
#1637=DIRECTION('ref_axis',(0.707106781186548,0.,0.707106781186548));
#1638=DIRECTION('',(-0.692406812983807,-0.202843808550357,-0.692406812983807));
#1639=DIRECTION('',(0.,1.,0.));
#1640=DIRECTION('center_axis',(-0.556368847386584,-0.460901866108865,0.691392200907046));
#1641=DIRECTION('ref_axis',(0.779076384440058,0.,0.62692901289365));
#1642=DIRECTION('',(0.595335134544031,-0.801573512626959,-0.0552809319053076));
#1643=DIRECTION('',(0.680352715123753,0.225015497300241,0.697487067262514));
#1644=DIRECTION('',(-0.595335134544031,0.801573512626959,0.0552809319053076));
#1645=DIRECTION('',(-0.637944438989051,0.770082393489778,0.));
#1646=DIRECTION('center_axis',(-0.707106781186548,-0.0486504255410519,0.705431170345253));
#1647=DIRECTION('ref_axis',(0.706267485008049,0.,0.70794508234778));
#1648=DIRECTION('',(0.,-0.997630328422983,-0.0688020916153781));
#1649=DIRECTION('',(0.,0.997630328422983,0.0688020916153781));
#1650=DIRECTION('',(-0.524136555158482,0.705710036644083,-0.476711879153863));
#1651=DIRECTION('center_axis',(1.,0.,0.));
#1652=DIRECTION('ref_axis',(0.,-0.0839045304181049,0.996473797836811));
#1653=DIRECTION('center_axis',(1.,0.,0.));
#1654=DIRECTION('ref_axis',(0.,-0.0839045304181049,0.996473797836811));
#1655=DIRECTION('center_axis',(-1.,0.,0.));
#1656=DIRECTION('ref_axis',(0.,-0.0839045304181049,0.996473797836811));
#1657=DIRECTION('center_axis',(-0.707106781186548,-0.048650425541052,-0.705431170345254));
#1658=DIRECTION('ref_axis',(-0.70626748500805,0.,0.707945082347779));
#1659=DIRECTION('',(-0.680352715123752,-0.225015497300243,0.697487067262514));
#1660=DIRECTION('',(-0.524136555158482,0.705710036644083,0.476711879153862));
#1661=DIRECTION('center_axis',(1.,0.,0.));
#1662=DIRECTION('ref_axis',(0.,0.235571300648859,-0.97185706886898));
#1663=DIRECTION('center_axis',(-1.,0.,0.));
#1664=DIRECTION('ref_axis',(0.,0.235571300648859,-0.97185706886898));
#1665=DIRECTION('center_axis',(-0.556368847386583,-0.460901866108864,-0.691392200907048));
#1666=DIRECTION('ref_axis',(-0.77907638444006,0.,0.626929012893649));
#1667=DIRECTION('',(-0.595335134544031,0.801573512626959,-0.0552809319053075));
#1668=DIRECTION('',(-0.680352715123752,-0.225015497300242,0.697487067262514));
#1669=DIRECTION('center_axis',(-0.707106781186549,-0.0486504255410519,-0.705431170345253));
#1670=DIRECTION('ref_axis',(-0.706267485008049,0.,0.70794508234778));
#1671=DIRECTION('',(0.,0.997630328422983,-0.0688020916153781));
#1672=DIRECTION('',(0.524136555158482,-0.705710036644082,-0.476711879153863));
#1673=DIRECTION('center_axis',(-1.,0.,0.));
#1674=DIRECTION('ref_axis',(0.,-0.0839045304181049,0.996473797836811));
#1675=DIRECTION('',(1.,0.,0.));
#1676=DIRECTION('center_axis',(-0.80280112389815,-0.596246891369562,0.));
#1677=DIRECTION('ref_axis',(0.596246891369562,-0.80280112389815,0.));
#1678=DIRECTION('',(0.,0.,1.));
#1679=DIRECTION('center_axis',(-1.,0.,0.));
#1680=DIRECTION('ref_axis',(0.,-1.,0.));
#1681=DIRECTION('center_axis',(-9.84526365048491E-17,0.0688020916153782,
-0.997630328422983));
#1682=DIRECTION('ref_axis',(8.42582612714158E-18,0.997630328422983,0.0688020916153781));
#1683=DIRECTION('',(1.,1.43095412062798E-15,0.));
#1684=DIRECTION('',(0.,0.997630328422983,0.0688020916153781));
#1685=DIRECTION('',(0.,-0.997630328422983,-0.0688020916153781));
#1686=DIRECTION('',(1.,1.43095412062798E-15,0.));
#1687=DIRECTION('center_axis',(0.,0.,1.));
#1688=DIRECTION('ref_axis',(1.,0.,0.));
#1689=DIRECTION('',(0.,1.,0.));
#1690=DIRECTION('',(-1.,0.,0.));
#1691=DIRECTION('center_axis',(1.,0.,0.));
#1692=DIRECTION('ref_axis',(0.,1.,0.));
#1693=DIRECTION('center_axis',(1.,0.,0.));
#1694=DIRECTION('ref_axis',(0.,0.235571300648859,-0.97185706886898));
#1695=DIRECTION('center_axis',(1.,0.,0.));
#1696=DIRECTION('ref_axis',(0.,0.235571300648859,-0.97185706886898));
#1697=DIRECTION('center_axis',(-1.,0.,0.));
#1698=DIRECTION('ref_axis',(0.,-1.,0.));
#1699=DIRECTION('',(0.,-1.,0.));
#1700=DIRECTION('center_axis',(1.,0.,0.));
#1701=DIRECTION('ref_axis',(0.,1.,0.));
#1702=DIRECTION('center_axis',(0.,0.,1.));
#1703=DIRECTION('ref_axis',(1.,0.,0.));
#1704=CARTESIAN_POINT('',(0.,0.,0.));
#1705=CARTESIAN_POINT('Origin',(-100.,-87.3982549643259,20.0000002980232));
#1706=CARTESIAN_POINT('',(-92.478754663176,-86.0000012814999,18.0000002682209));
#1707=CARTESIAN_POINT('',(-92.478754663176,-86.0000012814999,22.0000003278255));
#1708=CARTESIAN_POINT('Origin',(-92.478754663176,-87.3982549643259,20.0000002980232));
#1709=CARTESIAN_POINT('',(-90.,-86.0000012814999,18.0000002682209));
#1710=CARTESIAN_POINT('',(-100.,-86.0000012814999,18.0000002682209));
#1711=CARTESIAN_POINT('',(-90.,-86.0000012814999,22.0000003278255));
#1712=CARTESIAN_POINT('Origin',(-90.,-87.3982549643259,20.0000002980232));
#1713=CARTESIAN_POINT('',(-100.,-86.0000012814999,22.0000003278255));
#1714=CARTESIAN_POINT('Origin',(-100.,-86.0000012814999,22.0000003278255));
#1715=CARTESIAN_POINT('',(-92.478754663176,-92.8389270593337,24.6872364378737));
#1716=CARTESIAN_POINT('',(-92.478754663176,-55.9750468583159,10.2022203328966));
#1717=CARTESIAN_POINT('',(-90.,-92.8389270593337,24.6872364378737));
#1718=CARTESIAN_POINT('',(-90.,-86.0000012814999,22.0000003278255));
#1719=CARTESIAN_POINT('',(-100.,-92.8389270593337,24.6872364378737));
#1720=CARTESIAN_POINT('Origin',(-100.,-95.0000014156103,20.0000002980232));
#1721=CARTESIAN_POINT('',(-92.478754663176,-92.6793738495878,15.3896735521303));
#1722=CARTESIAN_POINT('Origin',(-92.478754663176,-95.0000014156103,20.0000002980232));
#1723=CARTESIAN_POINT('',(-90.,-92.6793738495878,15.3896735521303));
#1724=CARTESIAN_POINT('Origin',(-90.,-95.0000014156103,20.0000002980232));
#1725=CARTESIAN_POINT('',(-100.,-92.6793738495878,15.3896735521303));
#1726=CARTESIAN_POINT('Origin',(-100.,-92.6793738495878,15.3896735521303));
#1727=CARTESIAN_POINT('',(-92.478754663176,-66.0721061949153,25.7879049568274));
#1728=CARTESIAN_POINT('',(-90.,-86.0000012814999,18.0000002682209));
#1729=CARTESIAN_POINT('Origin',(-90.,-92.5596912958211,20.0000002980232));
#1730=CARTESIAN_POINT('',(-90.,-99.,20.));
#1731=CARTESIAN_POINT('Origin',(-90.,-95.,20.));
#1732=CARTESIAN_POINT('Origin',(0.,-95.0000014156103,20.0000002980232));
#1733=CARTESIAN_POINT('',(-72.478754663176,-92.6793738495878,15.3896735521303));
#1734=CARTESIAN_POINT('',(-72.478754663176,-92.8389270593337,24.6872364378737));
#1735=CARTESIAN_POINT('Origin',(-72.478754663176,-95.0000014156103,20.0000002980232));
#1736=CARTESIAN_POINT('',(-75.,-92.6793738495878,15.3896735521303));
#1737=CARTESIAN_POINT('',(0.,-92.6793738495878,15.3896735521303));
#1738=CARTESIAN_POINT('',(-75.,-92.8389270593337,24.6872364378737));
#1739=CARTESIAN_POINT('Origin',(-75.,-95.0000014156103,20.0000002980232));
#1740=CARTESIAN_POINT('',(0.,-92.8389270593337,24.6872364378737));
#1741=CARTESIAN_POINT('Origin',(0.,-92.8389270593337,24.6872364378737));
#1742=CARTESIAN_POINT('',(-72.478754663176,-86.0000012814999,22.0000003278255));
#1743=CARTESIAN_POINT('',(-72.478754663176,-96.2103010798448,26.011958814268));
#1744=CARTESIAN_POINT('',(-75.,-86.0000012814999,22.0000003278255));
#1745=CARTESIAN_POINT('',(-75.,-86.0000012814999,22.0000003278255));
#1746=CARTESIAN_POINT('',(0.,-86.0000012814999,22.0000003278255));
#1747=CARTESIAN_POINT('Origin',(0.,-87.3982549643259,20.0000002980232));
#1748=CARTESIAN_POINT('',(-72.478754663176,-86.0000012814999,18.0000002682209));
#1749=CARTESIAN_POINT('Origin',(-72.478754663176,-87.3982549643259,20.0000002980232));
#1750=CARTESIAN_POINT('',(-75.,-86.0000012814999,18.0000002682209));
#1751=CARTESIAN_POINT('Origin',(-75.,-87.3982549643259,20.0000002980232));
#1752=CARTESIAN_POINT('',(0.,-86.0000012814999,18.0000002682209));
#1753=CARTESIAN_POINT('Origin',(0.,-86.0000012814999,18.0000002682209));
#1754=CARTESIAN_POINT('',(-72.478754663176,-99.6014848066251,12.6844836591116));
#1755=CARTESIAN_POINT('',(-75.,-86.0000012814999,18.0000002682209));
#1756=CARTESIAN_POINT('Origin',(-75.,-92.5596912958211,20.0000002980232));
#1757=CARTESIAN_POINT('',(-75.,-99.,20.));
#1758=CARTESIAN_POINT('Origin',(-75.,-95.,20.));
#1759=CARTESIAN_POINT('Origin',(-92.468754663176,-88.5174371308854,19.9767261218276));
#1760=CARTESIAN_POINT('',(-92.478754663176,-88.5377291817136,24.3661513023618));
#1761=CARTESIAN_POINT('',(-92.458754663176,-88.1200953932226,24.3682592948477));
#1762=CARTESIAN_POINT('Ctrl Pts',(-92.458754663176,-88.1200953932225,24.3682592948477));
#1763=CARTESIAN_POINT('Ctrl Pts',(-92.4737132346615,-88.3291747408716,24.3721569194896));
#1764=CARTESIAN_POINT('Ctrl Pts',(-92.478754663176,-88.537729181713,24.3661513023618));
#1765=CARTESIAN_POINT('',(-92.458754663176,-87.7677614985031,15.6314493167856));
#1766=CARTESIAN_POINT('Origin',(-92.458754663176,-88.5174371308854,19.9767261218276));
#1767=CARTESIAN_POINT('',(-92.478754663176,-87.9633820834846,15.6223618528115));
#1768=CARTESIAN_POINT('Ctrl Pts',(-92.478754663176,-87.9633820834847,15.6223618528115));
#1769=CARTESIAN_POINT('Ctrl Pts',(-92.469844417378,-87.8656326610846,15.6258175319263));
#1770=CARTESIAN_POINT('Ctrl Pts',(-92.458754663176,-87.767761498503,15.6314493167856));
#1771=CARTESIAN_POINT('Origin',(-92.478754663176,-88.5174371308854,19.9767261218276));
#1772=CARTESIAN_POINT('Origin',(-120.,-88.5174371308854,19.9767261218276));
#1773=CARTESIAN_POINT('',(-91.278754663176,-85.6401130657374,23.31805075292));
#1774=CARTESIAN_POINT('Origin',(-88.0944082484948,-88.5174371308854,19.9767261218276));
#1775=CARTESIAN_POINT('',(-90.,-85.6401130657374,23.31805075292));
#1776=CARTESIAN_POINT('',(-120.,-85.6401130657374,23.31805075292));
#1777=CARTESIAN_POINT('',(-90.,-86.2007871075476,16.2248496932131));
#1778=CARTESIAN_POINT('Origin',(-90.,-88.5174371308854,19.9767261218276));
#1779=CARTESIAN_POINT('',(-91.778754663176,-86.2007871075476,16.2248496932131));
#1780=CARTESIAN_POINT('',(-120.,-86.2007871075476,16.2248496932131));
#1781=CARTESIAN_POINT('Origin',(-88.1621361448838,-88.5174371308854,19.9767261218276));
#1782=CARTESIAN_POINT('Origin',(-73.478754663176,-28.927891685193,13.135497674531));
#1783=CARTESIAN_POINT('',(-72.478754663176,-27.927891685193,12.2637330193406));
#1784=CARTESIAN_POINT('',(-73.178754663176,-28.627891685193,13.0039884108436));
#1785=CARTESIAN_POINT('',(-80.1492815530682,-35.5984185750852,20.3753742849277));
#1786=CARTESIAN_POINT('',(-72.478754663176,-27.927891685193,27.5786868587145));
#1787=CARTESIAN_POINT('',(-72.478754663176,-27.927891685193,13.135497674531));
#1788=CARTESIAN_POINT('',(-73.678754663176,-29.127891685193,26.313398175917));
#1789=CARTESIAN_POINT('',(-87.4347046925267,-42.8838417145438,11.8090249315302));
#1790=CARTESIAN_POINT('',(-74.478754663176,-29.927891685193,26.2709953490619));
#1791=CARTESIAN_POINT('',(-69.507290767134,-24.956427789151,26.5345005025624));
#1792=CARTESIAN_POINT('',(-74.478754663176,-29.927891685193,13.0767156835709));
#1793=CARTESIAN_POINT('',(-74.478754663176,-29.927891685193,13.135497674531));
#1794=CARTESIAN_POINT('',(-55.3897598935161,-10.838896915533,12.0087998922612));
#1795=CARTESIAN_POINT('Origin',(0.,-29.927891685193,26.2709953490619));
#1796=CARTESIAN_POINT('',(-75.,-29.927891685193,26.2709953490619));
#1797=CARTESIAN_POINT('',(0.,-29.927891685193,26.2709953490619));
#1798=CARTESIAN_POINT('',(-75.,-29.927891685193,13.0767156835709));
#1799=CARTESIAN_POINT('',(-75.,-29.927891685193,26.2709953490619));
#1800=CARTESIAN_POINT('',(0.,-29.927891685193,13.0767156835709));
#1801=CARTESIAN_POINT('Origin',(-91.478754663176,-28.927891685193,6.53835784178543));
#1802=CARTESIAN_POINT('',(-92.478754663176,-27.927891685193,27.5786868587145));
#1803=CARTESIAN_POINT('',(-91.278754663176,-29.127891685193,26.313398175917));
#1804=CARTESIAN_POINT('',(-88.3215196094147,-32.0851267389543,23.1952681376703));
#1805=CARTESIAN_POINT('',(-92.478754663176,-27.927891685193,12.2637330193407));
#1806=CARTESIAN_POINT('',(-92.478754663176,-27.927891685193,6.53835784178543));
#1807=CARTESIAN_POINT('',(-91.778754663176,-28.627891685193,13.0039884108436));
#1808=CARTESIAN_POINT('',(-88.3436864423051,-32.0629599060639,16.6365995118153));
#1809=CARTESIAN_POINT('',(-90.478754663176,-29.927891685193,13.0767156835709));
#1810=CARTESIAN_POINT('',(-84.347851917521,-36.058794430848,13.4197032497613));
#1811=CARTESIAN_POINT('',(-90.478754663176,-29.927891685193,26.2709953490619));
#1812=CARTESIAN_POINT('',(-90.478754663176,-29.927891685193,6.53835784178543));
#1813=CARTESIAN_POINT('',(-98.0869040480457,-22.3197423003233,26.6742541503801));
#1814=CARTESIAN_POINT('Origin',(-120.,-29.927891685193,13.0767156835709));
#1815=CARTESIAN_POINT('',(-90.,-29.927891685193,13.0767156835709));
#1816=CARTESIAN_POINT('',(-120.,-29.927891685193,13.0767156835709));
#1817=CARTESIAN_POINT('',(-90.,-29.927891685193,26.2709953490619));
#1818=CARTESIAN_POINT('',(-90.,-29.927891685193,26.2709953490619));
#1819=CARTESIAN_POINT('',(-120.,-29.927891685193,26.2709953490619));
#1820=CARTESIAN_POINT('Origin',(-72.828754663176,-69.6550117737685,14.9486646361313));
#1821=CARTESIAN_POINT('',(-73.178754663176,-86.2007871075476,16.2248496932131));
#1822=CARTESIAN_POINT('',(-73.178754663176,-49.7816768042153,14.1874169489707));
#1823=CARTESIAN_POINT('',(-72.478754663176,-87.8598164455808,15.6165679709707));
#1824=CARTESIAN_POINT('Origin',(-76.7953731814683,-88.5174371308854,19.9767261218276));
#1825=CARTESIAN_POINT('',(-72.478754663176,-89.5283467433216,15.7099123232919));
#1826=CARTESIAN_POINT('Origin',(0.,-29.927891685193,13.0767156835709));
#1827=CARTESIAN_POINT('',(-75.,-86.2007871075476,16.2248496932131));
#1828=CARTESIAN_POINT('',(-75.,-29.927891685193,13.0767156835709));
#1829=CARTESIAN_POINT('',(0.,-86.2007871075476,16.2248496932131));
#1830=CARTESIAN_POINT('Origin',(-92.128754663176,-55.4240583247059,14.1525273802397));
#1831=CARTESIAN_POINT('',(-91.778754663176,-55.404508474175,14.5019809584789));
#1832=CARTESIAN_POINT('',(-92.478754663176,-40.0454688585505,12.9416394346334));
#1833=CARTESIAN_POINT('Origin',(-120.,-86.2007871075476,16.2248496932131));
#1834=CARTESIAN_POINT('',(-90.,-29.927891685193,13.0767156835709));
#1835=CARTESIAN_POINT('Origin',(-73.078754663176,-98.5950501707471,23.2322355304489));
#1836=CARTESIAN_POINT('',(-72.478754663176,-88.2801023227481,24.3798064362292));
#1837=CARTESIAN_POINT('',(-73.678754663176,-85.6401130657374,23.31805075292));
#1838=CARTESIAN_POINT('Origin',(-76.8631010778573,-88.5174371308854,19.9767261218276));
#1839=CARTESIAN_POINT('',(-73.678754663176,-98.5632926287341,22.6330765711357));
#1840=CARTESIAN_POINT('',(-72.478754663176,-105.088397494259,23.48890739887));
#1841=CARTESIAN_POINT('Origin',(0.,-85.6401130657374,23.31805075292));
#1842=CARTESIAN_POINT('',(-75.,-85.6401130657374,23.31805075292));
#1843=CARTESIAN_POINT('',(0.,-85.6401130657374,23.31805075292));
#1844=CARTESIAN_POINT('',(-75.,-29.927891685193,26.2709953490619));
#1845=CARTESIAN_POINT('Origin',(-91.878754663176,-28.3580034045729,26.9550471965006));
#1846=CARTESIAN_POINT('',(-91.278754663176,-29.1270687738764,26.3134417931246));
#1847=CARTESIAN_POINT('',(-92.478754663176,-27.5889380352693,27.5966525998765));
#1848=CARTESIAN_POINT('Origin',(-120.,-29.927891685193,26.2709953490619));
#1849=CARTESIAN_POINT('',(-90.,-29.927891685193,26.2709953490619));
#1850=CARTESIAN_POINT('Origin',(-90.,-58.0643393963703,19.6738555163164));
#1851=CARTESIAN_POINT('Origin',(0.,-88.5174371308854,19.9767261218276));
#1852=CARTESIAN_POINT('Origin',(-72.478754663176,-88.5174371308854,19.9767261218276));
#1853=CARTESIAN_POINT('Origin',(-75.,-88.5174371308854,19.9767261218276));
#1854=CARTESIAN_POINT('Origin',(-75.,-58.0643393963703,19.6738555163164));
#1855=CARTESIAN_POINT('Origin',(0.,30.,20.));
#1856=CARTESIAN_POINT('',(-55.,25.,20.));
#1857=CARTESIAN_POINT('Origin',(-55.,30.,20.));
#1858=CARTESIAN_POINT('',(-70.,25.,20.));
#1859=CARTESIAN_POINT('',(0.,25.,20.));
#1860=CARTESIAN_POINT('Origin',(-70.,30.,20.));
#1861=CARTESIAN_POINT('Origin',(-140.,-1.51309755420399,8.92382252763274));
#1862=CARTESIAN_POINT('',(-110.162669739394,-1.51309755420399,8.92382252763274));
#1863=CARTESIAN_POINT('',(-115.,5.,8.92382252763274));
#1864=CARTESIAN_POINT('',(-117.885074813277,8.88453396764727,8.92382252763274));
#1865=CARTESIAN_POINT('',(-90.,-1.51309755420399,8.92382252763274));
#1866=CARTESIAN_POINT('',(-140.,-1.51309755420399,8.92382252763274));
#1867=CARTESIAN_POINT('',(-90.,5.00000000000001,8.92382252763274));
#1868=CARTESIAN_POINT('',(-90.,-1.51309755420399,8.92382252763274));
#1869=CARTESIAN_POINT('',(-100.,5.00000000000001,8.92382252763274));
#1870=CARTESIAN_POINT('',(-105.,5.00000000000001,8.92382252763274));
#1871=CARTESIAN_POINT('',(-100.,38.486902445796,8.92382252763274));
#1872=CARTESIAN_POINT('',(-100.,1.74345122289801,8.92382252763274));
#1873=CARTESIAN_POINT('',(-115.,38.486902445796,8.92382252763274));
#1874=CARTESIAN_POINT('',(-140.,38.486902445796,8.92382252763274));
#1875=CARTESIAN_POINT('',(-115.,24.243451222898,8.92382252763274));
#1876=CARTESIAN_POINT('Origin',(-90.,18.486902445796,18.9238225276327));
#1877=CARTESIAN_POINT('',(-90.,5.00000000000001,28.9238225276327));
#1878=CARTESIAN_POINT('',(-90.,5.00000000000001,9.46191126381637));
#1879=CARTESIAN_POINT('',(-90.,-1.51309755420399,28.9238225276327));
#1880=CARTESIAN_POINT('',(-90.,-1.51309755420399,28.9238225276327));
#1881=CARTESIAN_POINT('',(-90.,38.486902445796,28.9238225276327));
#1882=CARTESIAN_POINT('Origin',(-140.,38.486902445796,8.92382252763274));
#1883=CARTESIAN_POINT('',(-115.,38.486902445796,28.9238225276327));
#1884=CARTESIAN_POINT('',(-115.,38.486902445796,4.46191126381637));
#1885=CARTESIAN_POINT('',(-100.,38.486902445796,28.9238225276327));
#1886=CARTESIAN_POINT('',(-100.,38.486902445796,4.46191126381637));
#1887=CARTESIAN_POINT('',(-140.,38.486902445796,28.9238225276327));
#1888=CARTESIAN_POINT('Origin',(-140.,-1.51309755420399,28.9238225276327));
#1889=CARTESIAN_POINT('',(-110.162669739394,-1.51309755420399,28.9238225276327));
#1890=CARTESIAN_POINT('',(-110.162669739394,-1.51309755420399,14.4619112638164));
#1891=CARTESIAN_POINT('',(-140.,-1.51309755420399,28.9238225276327));
#1892=CARTESIAN_POINT('Origin',(-140.,38.486902445796,28.9238225276327));
#1893=CARTESIAN_POINT('',(-115.,5.,28.9238225276327));
#1894=CARTESIAN_POINT('',(-127.458428303522,21.7743268582899,28.9238225276327));
#1895=CARTESIAN_POINT('',(-115.,44.243451222898,28.9238225276327));
#1896=CARTESIAN_POINT('',(-100.,5.00000000000001,28.9238225276327));
#1897=CARTESIAN_POINT('',(-100.,21.743451222898,28.9238225276327));
#1898=CARTESIAN_POINT('',(-105.,5.00000000000001,28.9238225276327));
#1899=CARTESIAN_POINT('Origin',(-115.,50.,0.));
#1900=CARTESIAN_POINT('',(-115.,5.,32.9233769737975));
#1901=CARTESIAN_POINT('',(-115.,5.,0.));
#1902=CARTESIAN_POINT('',(-115.,5.11494108968049,33.));
#1903=CARTESIAN_POINT('',(-115.,1.68646713702995,30.7144809550799));
#1904=CARTESIAN_POINT('',(-115.,34.3579085473616,33.));
#1905=CARTESIAN_POINT('',(-115.,9.91921369750925,33.));
#1906=CARTESIAN_POINT('',(-115.,34.5147168319868,5.04534430598318));
#1907=CARTESIAN_POINT('Origin',(-115.,30.3945344274033,19.0000002831221));
#1908=CARTESIAN_POINT('',(-115.,5.,7.08084201853401));
#1909=CARTESIAN_POINT('',(-115.,42.808507499497,4.47335874270663));
#1910=CARTESIAN_POINT('',(-115.,5.,0.));
#1911=CARTESIAN_POINT('Origin',(-70.,5.00000000000001,0.));
#1912=CARTESIAN_POINT('',(-100.,5.00000000000001,37.9310344827586));
#1913=CARTESIAN_POINT('',(-100.,5.00000000000001,0.));
#1914=CARTESIAN_POINT('',(-70.,5.00000000000001,37.9310344827586));
#1915=CARTESIAN_POINT('',(-100.,5.00000000000002,37.9310344827586));
#1916=CARTESIAN_POINT('',(-70.,5.00000000000001,2.06896551724138));
#1917=CARTESIAN_POINT('',(-70.,5.00000000000001,0.));
#1918=CARTESIAN_POINT('',(-100.,5.00000000000001,2.06896551724138));
#1919=CARTESIAN_POINT('',(-100.,5.00000000000001,2.06896551724138));
#1920=CARTESIAN_POINT('',(-100.,5.00000000000001,0.));
#1921=CARTESIAN_POINT('Origin',(0.,-95.,20.));
#1922=CARTESIAN_POINT('',(0.,-99.,20.));
#1923=CARTESIAN_POINT('Origin',(-57.5,-12.5807863024908,35.5));
#1924=CARTESIAN_POINT('',(-55.,5.13674559966386,33.));
#1925=CARTESIAN_POINT('',(-60.,6.29176044540448,38.));
#1926=CARTESIAN_POINT('',(-61.4938551079315,6.6368454108137,39.4938551079315));
#1927=CARTESIAN_POINT('',(-55.,34.3579085473615,33.));
#1928=CARTESIAN_POINT('',(-55.,-12.5807863024908,33.));
#1929=CARTESIAN_POINT('',(-60.,35.0000028575986,38.));
#1930=CARTESIAN_POINT('Ctrl Pts',(-60.,35.0000028575986,38.));
#1931=CARTESIAN_POINT('Ctrl Pts',(-58.3442305056335,34.8021934001596,36.3442305056335));
#1932=CARTESIAN_POINT('Ctrl Pts',(-56.6542041116637,34.587547211169,34.6542041116637));
#1933=CARTESIAN_POINT('Ctrl Pts',(-55.,34.3579085473616,33.));
#1934=CARTESIAN_POINT('',(-60.,-12.5807863024908,38.));
#1935=CARTESIAN_POINT('Origin',(-100.591381902343,-69.0914203253271,30.316822748638));
#1936=CARTESIAN_POINT('',(-60.1913452485477,6.00000000000004,38.));
#1937=CARTESIAN_POINT('',(-95.5067905116608,-47.8484760809298,38.));
#1938=CARTESIAN_POINT('',(-77.478754663176,-23.9911885077402,35.93164217188));
#1939=CARTESIAN_POINT('',(-102.833064564986,-67.9772982544914,32.8981173617592));
#1940=CARTESIAN_POINT('',(-72.4817069354635,-25.3282669811073,30.8305126468999));
#1941=CARTESIAN_POINT('',(-77.478754663176,-23.9911885077403,35.93164217188));
#1942=CARTESIAN_POINT('',(-55.,5.00000000000001,32.9221172662866));
#1943=CARTESIAN_POINT('',(-98.3496992396988,-70.2055423961626,27.7355281355167));
#1944=CARTESIAN_POINT('',(-55.,-30.6112995100304,12.6398898034118));
#1945=CARTESIAN_POINT('Origin',(-74.978754663176,-37.1456072689372,7.48149737264199));
#1946=CARTESIAN_POINT('',(-72.478754663176,-25.323145209963,9.17209341232456));
#1947=CARTESIAN_POINT('',(-72.478754663176,-101.587214297939,14.4316843839091));
#1948=CARTESIAN_POINT('',(-72.478754663176,-36.9736020398988,9.97557319369944));
#1949=CARTESIAN_POINT('',(-77.478754663176,-102.696396643046,9.49630321676178));
#1950=CARTESIAN_POINT('Ctrl Pts',(-72.478754663176,-101.587214297939,14.4316843839091));
#1951=CARTESIAN_POINT('Ctrl Pts',(-74.0957299716388,-101.99046919422,12.8386789560803));
#1952=CARTESIAN_POINT('Ctrl Pts',(-75.8598037315013,-102.370050440053,11.0965930083138));
#1953=CARTESIAN_POINT('Ctrl Pts',(-77.478754663176,-102.696396643046,9.49630321676178));
#1954=CARTESIAN_POINT('',(-77.478754663176,-23.9911885077403,4.06835782812002));
#1955=CARTESIAN_POINT('',(-77.478754663176,-37.3176124979757,4.98742155158453));
#1956=CARTESIAN_POINT('',(-72.4817069354634,-25.3282669811073,9.16948735310013));
#1957=CARTESIAN_POINT('',(-77.478754663176,-23.9911885077403,4.06835782812002));
#1958=CARTESIAN_POINT('',(-75.8823358439478,-31.227872884634,6.16765030254734));
#1959=CARTESIAN_POINT('Origin',(-74.978754663176,-99.0706333379752,19.9625629417248));
#1960=CARTESIAN_POINT('',(-72.478754663176,-101.381491812771,25.5825033736887));
#1961=CARTESIAN_POINT('Origin',(-72.478754663176,-99.0706333379752,19.9625629417248));
#1962=CARTESIAN_POINT('',(-77.478754663176,-102.410973270947,30.5233811537278));
#1963=CARTESIAN_POINT('Ctrl Pts',(-72.478754663176,-101.381491812771,25.5825033736887));
#1964=CARTESIAN_POINT('Ctrl Pts',(-74.0966316041146,-101.75432058761,27.1785109288441));
#1965=CARTESIAN_POINT('Ctrl Pts',(-75.8600732197891,-102.10694949752,28.9218220126781));
#1966=CARTESIAN_POINT('Ctrl Pts',(-77.478754663176,-102.410973270947,30.5233811537278));
#1967=CARTESIAN_POINT('Origin',(-77.478754663176,-99.0706333379752,19.9625629417248));
#1968=CARTESIAN_POINT('Origin',(-74.978754663176,-111.018388334026,27.423828071145));
#1969=CARTESIAN_POINT('',(-77.478754663176,-111.190393563064,29.9179038922024));
#1970=CARTESIAN_POINT('',(-72.478754663176,-25.323145209963,30.8279065876754));
#1971=CARTESIAN_POINT('',(-72.478754663176,-110.846383104988,24.9297522500875));
#1972=CARTESIAN_POINT('',(-85.1069528860867,-47.2312671461477,41.9751956119735));
#1973=CARTESIAN_POINT('Origin',(-68.5916672054723,-13.5764815250895,5.85456078238012));
#1974=CARTESIAN_POINT('',(-55.0029522722875,4.99487822885571,7.07823595930958));
#1975=CARTESIAN_POINT('',(-66.3499845428286,-14.6906035959251,8.43585539550136));
#1976=CARTESIAN_POINT('',(-60.,6.33195670222269,1.97710643432947));
#1977=CARTESIAN_POINT('',(-70.8333498681161,-12.4623594542539,3.27326616925889));
#1978=CARTESIAN_POINT('',(-60.,6.33195670222269,1.97710643432947));
#1979=CARTESIAN_POINT('Origin',(-57.5,20.2430111461982,3.52366161987403));
#1980=CARTESIAN_POINT('',(-55.,34.5147168319869,5.04534430598319));
#1981=CARTESIAN_POINT('',(-55.,5.00000000000001,7.08084201853401));
#1982=CARTESIAN_POINT('',(-55.,20.4150163752367,6.01773744093148));
#1983=CARTESIAN_POINT('',(-60.7978501126049,-5.05844262123038,1.96290596907363));
#1984=CARTESIAN_POINT('',(-60.,35.0000005215406,0.));
#1985=CARTESIAN_POINT('',(-60.,20.0710059171598,1.02958579881657));
#1986=CARTESIAN_POINT('Ctrl Pts',(-59.9999999909234,35.0000004052451,-1.88497462083603E-8));
#1987=CARTESIAN_POINT('Ctrl Pts',(-58.3437026663368,34.8585921017448,1.66998380599324));
#1988=CARTESIAN_POINT('Ctrl Pts',(-56.6533219736351,34.6976605199092,3.3754783901731));
#1989=CARTESIAN_POINT('Ctrl Pts',(-55.,34.5147168319869,5.0453443059832));
#1990=CARTESIAN_POINT('Origin',(-57.5,30.3945344274033,19.0000002831221));
#1991=CARTESIAN_POINT('Origin',(-55.,30.3945344274033,19.0000002831221));
#1992=CARTESIAN_POINT('Origin',(-60.,30.3945344274033,19.0000002831221));
#1993=CARTESIAN_POINT('Origin',(-55.,5.00000000000001,0.));
#1994=CARTESIAN_POINT('',(-55.,5.00000000000001,0.));
#1995=CARTESIAN_POINT('Origin',(-72.478754663176,-25.323145209963,0.));
#1996=CARTESIAN_POINT('',(-72.478754663176,-25.323145209963,0.));
#1997=CARTESIAN_POINT('Origin',(-150.,30.3945344274033,19.0000002831221));
#1998=CARTESIAN_POINT('',(-70.,35.0000005215406,0.));
#1999=CARTESIAN_POINT('',(-150.,35.0000005215406,0.));
#2000=CARTESIAN_POINT('',(-70.,35.0000005215406,38.0000005662441));
#2001=CARTESIAN_POINT('Origin',(-70.,30.3945344274033,19.0000002831221));
#2002=CARTESIAN_POINT('',(-150.,35.0000028575986,38.));
#2003=CARTESIAN_POINT('Origin',(-130.,35.,0.));
#2004=CARTESIAN_POINT('',(-87.478754663176,-102.696396643046,9.49630321676178));
#2005=CARTESIAN_POINT('',(0.,-102.696396643046,9.49630321676178));
#2006=CARTESIAN_POINT('',(-87.478754663176,-23.6765363973806,4.04665768257797));
#2007=CARTESIAN_POINT('',(-87.478754663176,4.98120407007166,2.07026178827092));
#2008=CARTESIAN_POINT('',(-110.,6.64660881258238,1.95540628878742));
#2009=CARTESIAN_POINT('',(-120.866956155183,21.2781393765312,0.946335215411643));
#2010=CARTESIAN_POINT('',(-110.,35.0000005215406,0.));
#2011=CARTESIAN_POINT('',(-110.,42.4644970414201,-0.514792899408285));
#2012=CARTESIAN_POINT('',(-100.,35.0000005215406,0.));
#2013=CARTESIAN_POINT('',(-150.,35.0000005215406,0.));
#2014=CARTESIAN_POINT('',(-100.,20.0710059171598,1.02958579881657));
#2015=CARTESIAN_POINT('',(-70.,42.4644970414201,-0.514792899408284));
#2016=CARTESIAN_POINT('Origin',(-112.5,9.91921369750925,35.5));
#2017=CARTESIAN_POINT('',(-110.,6.57971443352035,38.));
#2018=CARTESIAN_POINT('',(-109.151697947016,6.82822848046733,38.8483020529836));
#2019=CARTESIAN_POINT('',(-110.,35.0000028575986,38.));
#2020=CARTESIAN_POINT('',(-110.,9.91921369750925,38.));
#2021=CARTESIAN_POINT('Ctrl Pts',(-110.,35.0000028575986,38.));
#2022=CARTESIAN_POINT('Ctrl Pts',(-111.65576949436,34.8021934001604,36.3442305056399));
#2023=CARTESIAN_POINT('Ctrl Pts',(-113.345795888334,34.5875472111693,34.6542041116659));
#2024=CARTESIAN_POINT('Ctrl Pts',(-115.,34.3579085473616,33.));
#2025=CARTESIAN_POINT('Origin',(-87.5379321283066,-27.7862228420388,33.1660869115857));
#2026=CARTESIAN_POINT('',(-92.4745456684707,-25.328812301446,30.8317347461115));
#2027=CARTESIAN_POINT('',(-89.6290285638048,-29.1600848208717,30.5675090551167));
#2028=CARTESIAN_POINT('',(-87.478754663176,-23.6765363973806,35.953342317422));
#2029=CARTESIAN_POINT('',(-92.4745456684707,-25.328812301446,30.8317347461115));
#2030=CARTESIAN_POINT('',(-109.519758402227,5.99999999999997,38.));
#2031=CARTESIAN_POINT('',(-85.4468356928084,-26.4123608632058,35.7646647680548));
#2032=CARTESIAN_POINT('',(-82.875692141163,-26.1628735429308,38.));
#2033=CARTESIAN_POINT('Origin',(-89.978754663176,-68.7195717659787,30.3409878344586));
#2034=CARTESIAN_POINT('',(-92.478754663176,-25.323145209963,30.8279065876754));
#2035=CARTESIAN_POINT('',(-92.478754663176,-101.381491812771,25.5825033736887));
#2036=CARTESIAN_POINT('',(-92.478754663176,-68.5475665369402,27.8469120134011));
#2037=CARTESIAN_POINT('',(-87.478754663176,-102.410973270947,30.5233811537278));
#2038=CARTESIAN_POINT('Ctrl Pts',(-92.478754663176,-101.381491812771,25.5825033736887));
#2039=CARTESIAN_POINT('Ctrl Pts',(-90.8608777222385,-101.75432058761,27.1785109288431));
#2040=CARTESIAN_POINT('Ctrl Pts',(-89.0974361065672,-102.106949497519,28.9218220126738));
#2041=CARTESIAN_POINT('Ctrl Pts',(-87.478754663176,-102.410973270947,30.5233811537278));
#2042=CARTESIAN_POINT('',(-87.478754663176,-68.8915769950171,32.8350636555161));
#2043=CARTESIAN_POINT('',(-96.7232308150337,-19.608280655712,26.9674771204653));
#2044=CARTESIAN_POINT('Origin',(-89.978754663176,-99.0706333379752,19.9625629417248));
#2045=CARTESIAN_POINT('',(-92.478754663176,-101.587214297939,14.4316843839091));
#2046=CARTESIAN_POINT('Origin',(-92.478754663176,-99.0706333379752,19.9625629417248));
#2047=CARTESIAN_POINT('Ctrl Pts',(-92.478754663176,-101.587214297939,14.4316843839091));
#2048=CARTESIAN_POINT('Ctrl Pts',(-90.8617793547138,-101.99046919422,12.8386789560808));
#2049=CARTESIAN_POINT('Ctrl Pts',(-89.0977055948532,-102.370050440052,11.0965930083163));
#2050=CARTESIAN_POINT('Ctrl Pts',(-87.478754663176,-102.696396643046,9.49630321676175));
#2051=CARTESIAN_POINT('Origin',(-87.478754663176,-99.0706333379752,19.9625629417248));
#2052=CARTESIAN_POINT('Origin',(-112.5,42.6365022704586,1.97928292164917));
#2053=CARTESIAN_POINT('Ctrl Pts',(-115.,34.5147168319869,5.04534430598319));
#2054=CARTESIAN_POINT('Ctrl Pts',(-113.346678026366,34.697660519909,3.37547839017438));
#2055=CARTESIAN_POINT('Ctrl Pts',(-111.656297333667,34.8585921017445,1.66998380599704));
#2056=CARTESIAN_POINT('Ctrl Pts',(-110.000000009077,35.0000004052451,-1.884975342481E-8));
#2057=CARTESIAN_POINT('',(-114.995791005295,4.99433290851695,7.07701386009791));
#2058=CARTESIAN_POINT('',(-110.,6.64660881258238,1.95540628878742));
#2059=CARTESIAN_POINT('',(-120.095294113288,11.8604262763429,11.7151061386026));
#2060=CARTESIAN_POINT('Origin',(-112.5,30.3945344274033,19.0000002831221));
#2061=CARTESIAN_POINT('Origin',(-110.,30.3945344274033,19.0000002831221));
#2062=CARTESIAN_POINT('Origin',(-122.958052590682,19.9042773976982,3.5449130718807));
#2063=CARTESIAN_POINT('',(-92.4745456684707,-25.328812301446,9.16826525388846));
#2064=CARTESIAN_POINT('',(-125.04914902618,18.5304154188652,6.14349092834975));
#2065=CARTESIAN_POINT('',(-87.478754663176,-23.6765363973806,4.04665768257797));
#2066=CARTESIAN_POINT('Origin',(-89.978754663176,5.1532092991101,4.56433760932838));
#2067=CARTESIAN_POINT('',(-92.478754663176,-25.323145209963,9.17209341232456));
#2068=CARTESIAN_POINT('',(-92.478754663176,5.32521452814855,7.05841343038584));
#2069=CARTESIAN_POINT('',(-104.751848687415,-8.79835687314647,20.3346991450196));
#2070=CARTESIAN_POINT('Origin',(0.,-99.0706333379752,19.9625629417248));
#2071=CARTESIAN_POINT('',(0.,-102.410973270947,30.5233811537278));
#2072=CARTESIAN_POINT('Origin',(-115.,5.,0.));
#2073=CARTESIAN_POINT('',(-92.478754663176,-25.323145209963,0.));
#2074=CARTESIAN_POINT('Origin',(-92.478754663176,-25.323145209963,0.));
#2075=CARTESIAN_POINT('Origin',(-130.,-110.,30.));
#2076=CARTESIAN_POINT('',(-70.,6.0000000000001,38.));
#2077=CARTESIAN_POINT('',(-107.5,5.99999999999997,38.));
#2078=CARTESIAN_POINT('',(-70.,-31.4082840236686,35.4201183431953));
#2079=CARTESIAN_POINT('',(-100.,6.00000000000004,38.));
#2080=CARTESIAN_POINT('',(-100.,-53.801775147929,33.8757396449704));
#2081=CARTESIAN_POINT('',(-107.5,5.99999999999997,38.));
#2082=CARTESIAN_POINT('Origin',(-85.,-30.1615726049815,38.));
#2083=CARTESIAN_POINT('',(-100.,35.0000005215406,38.0000005662441));
#2084=CARTESIAN_POINT('',(-100.,50.,38.));
#2085=CARTESIAN_POINT('',(-150.,35.0000028575986,38.));
#2086=CARTESIAN_POINT('Origin',(-72.478754663176,-110.323145209963,0.));
#2087=CARTESIAN_POINT('Origin',(-150.,30.3945344274033,19.0000002831221));
#2088=CARTESIAN_POINT('Origin',(-100.,30.3945344274033,19.0000002831221));
#2089=CARTESIAN_POINT('Origin',(-70.,50.,0.));
#2090=CARTESIAN_POINT('',(-70.,5.00000000000001,38.));
#2091=CARTESIAN_POINT('Origin',(-100.,5.00000000000001,0.));
#2092=CARTESIAN_POINT('Origin',(-85.,-30.1615726049815,38.));
#2093=UNCERTAINTY_MEASURE_WITH_UNIT(LENGTH_MEASURE(0.01),#2097,
'DISTANCE_ACCURACY_VALUE',
'Maximum model space distance between geometric entities at asserted c
onnectivities');
#2094=UNCERTAINTY_MEASURE_WITH_UNIT(LENGTH_MEASURE(0.01),#2097,
'DISTANCE_ACCURACY_VALUE',
'Maximum model space distance between geometric entities at asserted c
onnectivities');
#2095=(
GEOMETRIC_REPRESENTATION_CONTEXT(3)
GLOBAL_UNCERTAINTY_ASSIGNED_CONTEXT((#2093))
GLOBAL_UNIT_ASSIGNED_CONTEXT((#2097,#2099,#2100))
REPRESENTATION_CONTEXT('','3D')
);
#2096=(
GEOMETRIC_REPRESENTATION_CONTEXT(3)
GLOBAL_UNCERTAINTY_ASSIGNED_CONTEXT((#2094))
GLOBAL_UNIT_ASSIGNED_CONTEXT((#2097,#2099,#2100))
REPRESENTATION_CONTEXT('','3D')
);
#2097=(
LENGTH_UNIT()
NAMED_UNIT(*)
SI_UNIT(.MILLI.,.METRE.)
);
#2098=(
LENGTH_UNIT()
NAMED_UNIT(*)
SI_UNIT($,.METRE.)
);
#2099=(
NAMED_UNIT(*)
PLANE_ANGLE_UNIT()
SI_UNIT($,.RADIAN.)
);
#2100=(
NAMED_UNIT(*)
SI_UNIT($,.STERADIAN.)
SOLID_ANGLE_UNIT()
);
#2101=SHAPE_DEFINITION_REPRESENTATION(#2102,#2103);
#2102=PRODUCT_DEFINITION_SHAPE('',$,#2105);
#2103=SHAPE_REPRESENTATION('',(#1273),#2095);
#2104=PRODUCT_DEFINITION_CONTEXT('part definition',#2109,'design');
#2105=PRODUCT_DEFINITION('arm_part2','arm_part2',#2106,#2104);
#2106=PRODUCT_DEFINITION_FORMATION('',$,#2111);
#2107=PRODUCT_RELATED_PRODUCT_CATEGORY('arm_part2','arm_part2',(#2111));
#2108=APPLICATION_PROTOCOL_DEFINITION('international standard',
'automotive_design',2009,#2109);
#2109=APPLICATION_CONTEXT(
'Core Data for Automotive Mechanical Design Process');
#2110=PRODUCT_CONTEXT('part definition',#2109,'mechanical');
#2111=PRODUCT('arm_part2','arm_part2',$,(#2110));
#2112=PRESENTATION_STYLE_ASSIGNMENT((#2113));
#2113=SURFACE_STYLE_USAGE(.BOTH.,#2114);
#2114=SURFACE_SIDE_STYLE('',(#2115));
#2115=SURFACE_STYLE_FILL_AREA(#2116);
#2116=FILL_AREA_STYLE('Steel - Satin',(#2117));
#2117=FILL_AREA_STYLE_COLOUR('Steel - Satin',#2118);
#2118=COLOUR_RGB('Steel - Satin',0.627450980392157,0.627450980392157,0.627450980392157);
ENDSEC;
END-ISO-10303-21;
