ISO-10303-21;
HEADER;
/* Generated by software containing ST-Developer
 * from STEP Tools, Inc. (www.steptools.com) 
 */

FILE_DESCRIPTION(
/* description */ (''),
/* implementation_level */ '2;1');

FILE_NAME(
/* name */ 'base.step',
/* time_stamp */ '2026-08-20T17:23:51+05:30',
/* author */ (''),
/* organization */ (''),
/* preprocessor_version */ 'ST-DEVELOPER v20.1',
/* originating_system */ 'Autodesk Translation Framework v15.8.0.0',
/* authorisation */ '');

FILE_SCHEMA (('AUTOMOTIVE_DESIGN { 1 0 10303 214 3 1 1 }'));
ENDSEC;

DATA;
#10=MECHANICAL_DESIGN_GEOMETRIC_PRESENTATION_REPRESENTATION('',(#21,#22,
#23,#24,#25,#26,#27,#28,#29,#30,#31,#32,#33,#34,#35,#36,#37,#38,#39,#40,
#41,#42,#43,#44,#45,#46,#47,#48),#4797);
#11=SHAPE_REPRESENTATION_RELATIONSHIP('SRR','None',#4804,#12);
#12=ADVANCED_BREP_SHAPE_REPRESENTATION('',(#49,#50,#51,#52,#53,#54,#55,
#56,#57,#58,#59,#60,#61,#62,#63,#64,#65,#66,#67,#68,#69,#70,#71,#72,#73,
#74,#75,#76),#4796);
#13=(
BOUNDED_SURFACE()
B_SPLINE_SURFACE(2,2,((#4596,#4597,#4598,#4599,#4600,#4601,#4602,#4603,
#4604),(#4605,#4606,#4607,#4608,#4609,#4610,#4611,#4612,#4613),(#4614,#4615,
#4616,#4617,#4618,#4619,#4620,#4621,#4622)),.UNSPECIFIED.,.F.,.T.,.F.)
B_SPLINE_SURFACE_WITH_KNOTS((3,3),(3,2,2,2,3),(-1.2075213982895,-0.544594702906891),
(-3.14159265358979,-1.5707963267949,0.,1.5707963267949,3.14159265358979),
 .UNSPECIFIED.)
GEOMETRIC_REPRESENTATION_ITEM()
RATIONAL_B_SPLINE_SURFACE(((1.,0.707106781186548,1.,0.707106781186548,1.,
0.707106781186548,1.,0.707106781186548,1.),(0.945567143159195,0.668616938995058,
0.945567143159195,0.668616938995058,0.945567143159195,0.668616938995058,
0.945567143159195,0.668616938995058,0.945567143159195),(1.,0.707106781186548,
1.,0.707106781186548,1.,0.707106781186548,1.,0.707106781186548,1.)))
REPRESENTATION_ITEM('')
SURFACE()
);
#14=(
BOUNDED_SURFACE()
B_SPLINE_SURFACE(2,2,((#4649,#4650,#4651,#4652,#4653,#4654,#4655,#4656,
#4657),(#4658,#4659,#4660,#4661,#4662,#4663,#4664,#4665,#4666),(#4667,#4668,
#4669,#4670,#4671,#4672,#4673,#4674,#4675)),.UNSPECIFIED.,.F.,.T.,.F.)
B_SPLINE_SURFACE_WITH_KNOTS((3,3),(3,2,2,2,3),(-1.2075213982895,-0.544594702906891),
(-3.14159265358979,-1.5707963267949,0.,1.5707963267949,3.14159265358979),
 .UNSPECIFIED.)
GEOMETRIC_REPRESENTATION_ITEM()
RATIONAL_B_SPLINE_SURFACE(((1.,0.707106781186548,1.,0.707106781186548,1.,
0.707106781186548,1.,0.707106781186548,1.),(0.945567143159177,0.668616938995045,
0.945567143159177,0.668616938995045,0.945567143159177,0.668616938995045,
0.945567143159177,0.668616938995045,0.945567143159177),(1.,0.707106781186548,
1.,0.707106781186548,1.,0.707106781186548,1.,0.707106781186548,1.)))
REPRESENTATION_ITEM('')
SURFACE()
);
#15=(
BOUNDED_SURFACE()
B_SPLINE_SURFACE(2,2,((#4702,#4703,#4704,#4705,#4706,#4707,#4708,#4709,
#4710),(#4711,#4712,#4713,#4714,#4715,#4716,#4717,#4718,#4719),(#4720,#4721,
#4722,#4723,#4724,#4725,#4726,#4727,#4728)),.UNSPECIFIED.,.F.,.T.,.F.)
B_SPLINE_SURFACE_WITH_KNOTS((3,3),(3,2,2,2,3),(-1.2075213982895,-0.544594702906891),
(-3.14159265358979,-1.5707963267949,0.,1.5707963267949,3.14159265358979),
 .UNSPECIFIED.)
GEOMETRIC_REPRESENTATION_ITEM()
RATIONAL_B_SPLINE_SURFACE(((1.,0.707106781186548,1.,0.707106781186548,1.,
0.707106781186548,1.,0.707106781186548,1.),(0.945567143159177,0.668616938995045,
0.945567143159177,0.668616938995045,0.945567143159177,0.668616938995045,
0.945567143159177,0.668616938995045,0.945567143159177),(1.,0.707106781186548,
1.,0.707106781186548,1.,0.707106781186548,1.,0.707106781186548,1.)))
REPRESENTATION_ITEM('')
SURFACE()
);
#16=(
BOUNDED_SURFACE()
B_SPLINE_SURFACE(2,2,((#4755,#4756,#4757,#4758,#4759,#4760,#4761,#4762,
#4763),(#4764,#4765,#4766,#4767,#4768,#4769,#4770,#4771,#4772),(#4773,#4774,
#4775,#4776,#4777,#4778,#4779,#4780,#4781)),.UNSPECIFIED.,.F.,.T.,.F.)
B_SPLINE_SURFACE_WITH_KNOTS((3,3),(3,2,2,2,3),(-1.2075213982895,-0.544594702906891),
(-3.14159265358979,-1.5707963267949,0.,1.5707963267949,3.14159265358979),
 .UNSPECIFIED.)
GEOMETRIC_REPRESENTATION_ITEM()
RATIONAL_B_SPLINE_SURFACE(((1.,0.707106781186548,1.,0.707106781186548,1.,
0.707106781186548,1.,0.707106781186548,1.),(0.945567143159195,0.668616938995058,
0.945567143159195,0.668616938995058,0.945567143159195,0.668616938995058,
0.945567143159195,0.668616938995058,0.945567143159195),(1.,0.707106781186548,
1.,0.707106781186548,1.,0.707106781186548,1.,0.707106781186548,1.)))
REPRESENTATION_ITEM('')
SURFACE()
);
#17=B_SPLINE_CURVE_WITH_KNOTS('',3,(#4481,#4482,#4483,#4484,#4485,#4486,
#4487,#4488,#4489,#4490,#4491,#4492),.UNSPECIFIED.,.F.,.F.,(4,2,2,2,2,4),
(0.265822921784167,0.29477604492392,0.341647701668976,0.393632157864364,
0.454250745550425,0.533125325399445),.UNSPECIFIED.);
#18=B_SPLINE_CURVE_WITH_KNOTS('',3,(#4495,#4496,#4497,#4498,#4499,#4500,
#4501,#4502,#4503,#4504,#4505,#4506,#4507,#4508),.UNSPECIFIED.,.F.,.F.,
(4,2,2,2,2,2,4),(0.744815688367031,0.744922972506011,0.830924903821517,
0.894032699840148,0.946800316926481,0.993746931599452,1.0102563864758),
 .UNSPECIFIED.);
#19=TOROIDAL_SURFACE('',#2967,21.,1.);
#20=TOROIDAL_SURFACE('',#2984,24.,1.);
#21=STYLED_ITEM('',(#4813),#49);
#22=STYLED_ITEM('',(#4813),#50);
#23=STYLED_ITEM('',(#4813),#51);
#24=STYLED_ITEM('',(#4813),#52);
#25=STYLED_ITEM('',(#4813),#53);
#26=STYLED_ITEM('',(#4813),#54);
#27=STYLED_ITEM('',(#4813),#55);
#28=STYLED_ITEM('',(#4813),#56);
#29=STYLED_ITEM('',(#4813),#57);
#30=STYLED_ITEM('',(#4813),#58);
#31=STYLED_ITEM('',(#4813),#59);
#32=STYLED_ITEM('',(#4813),#60);
#33=STYLED_ITEM('',(#4813),#61);
#34=STYLED_ITEM('',(#4813),#62);
#35=STYLED_ITEM('',(#4813),#63);
#36=STYLED_ITEM('',(#4813),#64);
#37=STYLED_ITEM('',(#4813),#65);
#38=STYLED_ITEM('',(#4813),#66);
#39=STYLED_ITEM('',(#4813),#67);
#40=STYLED_ITEM('',(#4813),#68);
#41=STYLED_ITEM('',(#4813),#69);
#42=STYLED_ITEM('',(#4813),#70);
#43=STYLED_ITEM('',(#4813),#71);
#44=STYLED_ITEM('',(#4813),#72);
#45=STYLED_ITEM('',(#4813),#73);
#46=STYLED_ITEM('',(#4813),#74);
#47=STYLED_ITEM('',(#4813),#75);
#48=STYLED_ITEM('',(#4813),#76);
#49=MANIFOLD_SOLID_BREP('Body1',#2732);
#50=MANIFOLD_SOLID_BREP('Body2',#2733);
#51=MANIFOLD_SOLID_BREP('Body3',#2734);
#52=MANIFOLD_SOLID_BREP('Body4',#2735);
#53=MANIFOLD_SOLID_BREP('Body5',#2736);
#54=MANIFOLD_SOLID_BREP('Body6',#2737);
#55=MANIFOLD_SOLID_BREP('Body7',#2738);
#56=MANIFOLD_SOLID_BREP('Body8',#2739);
#57=MANIFOLD_SOLID_BREP('Body9',#2740);
#58=MANIFOLD_SOLID_BREP('Body10',#2741);
#59=MANIFOLD_SOLID_BREP('Body11',#2742);
#60=MANIFOLD_SOLID_BREP('Body12',#2743);
#61=MANIFOLD_SOLID_BREP('Body13',#2744);
#62=MANIFOLD_SOLID_BREP('Body14',#2745);
#63=MANIFOLD_SOLID_BREP('Body15',#2746);
#64=MANIFOLD_SOLID_BREP('Body16',#2747);
#65=MANIFOLD_SOLID_BREP('Body17',#2748);
#66=MANIFOLD_SOLID_BREP('Body18',#2749);
#67=MANIFOLD_SOLID_BREP('Body19',#2750);
#68=MANIFOLD_SOLID_BREP('Body20',#2751);
#69=MANIFOLD_SOLID_BREP('Body21',#2752);
#70=MANIFOLD_SOLID_BREP('Body22',#2753);
#71=MANIFOLD_SOLID_BREP('Body23',#2754);
#72=MANIFOLD_SOLID_BREP('Body24',#2755);
#73=MANIFOLD_SOLID_BREP('Body25',#2756);
#74=MANIFOLD_SOLID_BREP('Body26',#2757);
#75=MANIFOLD_SOLID_BREP('Body27',#2758);
#76=MANIFOLD_SOLID_BREP('Body28',#2759);
#77=FACE_BOUND('',#413,.T.);
#78=FACE_BOUND('',#414,.T.);
#79=FACE_BOUND('',#415,.T.);
#80=FACE_BOUND('',#416,.T.);
#81=FACE_BOUND('',#417,.T.);
#82=FACE_BOUND('',#418,.T.);
#83=FACE_BOUND('',#420,.T.);
#84=FACE_BOUND('',#421,.T.);
#85=FACE_BOUND('',#422,.T.);
#86=FACE_BOUND('',#423,.T.);
#87=FACE_BOUND('',#424,.T.);
#88=FACE_BOUND('',#425,.T.);
#89=FACE_BOUND('',#432,.T.);
#90=FACE_BOUND('',#434,.T.);
#91=FACE_BOUND('',#451,.T.);
#92=FACE_BOUND('',#453,.T.);
#93=FACE_BOUND('',#470,.T.);
#94=FACE_BOUND('',#472,.T.);
#95=FACE_BOUND('',#489,.T.);
#96=FACE_BOUND('',#491,.T.);
#97=FACE_BOUND('',#508,.T.);
#98=FACE_BOUND('',#510,.T.);
#99=FACE_BOUND('',#527,.T.);
#100=FACE_BOUND('',#529,.T.);
#101=FACE_BOUND('',#547,.T.);
#102=FACE_BOUND('',#548,.T.);
#103=FACE_BOUND('',#549,.T.);
#104=FACE_BOUND('',#550,.T.);
#105=FACE_BOUND('',#551,.T.);
#106=FACE_BOUND('',#572,.T.);
#107=FACE_BOUND('',#573,.T.);
#108=FACE_BOUND('',#574,.T.);
#109=FACE_BOUND('',#575,.T.);
#110=FACE_BOUND('',#576,.T.);
#111=FACE_BOUND('',#580,.T.);
#112=FACE_BOUND('',#582,.T.);
#113=FACE_BOUND('',#586,.T.);
#114=FACE_BOUND('',#590,.T.);
#115=FACE_BOUND('',#592,.T.);
#116=FACE_BOUND('',#596,.T.);
#117=FACE_BOUND('',#600,.T.);
#118=FACE_BOUND('',#602,.T.);
#119=FACE_BOUND('',#606,.T.);
#120=FACE_BOUND('',#610,.T.);
#121=FACE_BOUND('',#612,.T.);
#122=FACE_BOUND('',#616,.T.);
#123=PLANE('',#2791);
#124=PLANE('',#2795);
#125=PLANE('',#2799);
#126=PLANE('',#2803);
#127=PLANE('',#2804);
#128=PLANE('',#2808);
#129=PLANE('',#2809);
#130=PLANE('',#2810);
#131=PLANE('',#2814);
#132=PLANE('',#2815);
#133=PLANE('',#2819);
#134=PLANE('',#2820);
#135=PLANE('',#2821);
#136=PLANE('',#2822);
#137=PLANE('',#2826);
#138=PLANE('',#2827);
#139=PLANE('',#2828);
#140=PLANE('',#2829);
#141=PLANE('',#2833);
#142=PLANE('',#2834);
#143=PLANE('',#2835);
#144=PLANE('',#2839);
#145=PLANE('',#2840);
#146=PLANE('',#2844);
#147=PLANE('',#2845);
#148=PLANE('',#2846);
#149=PLANE('',#2847);
#150=PLANE('',#2851);
#151=PLANE('',#2852);
#152=PLANE('',#2853);
#153=PLANE('',#2854);
#154=PLANE('',#2858);
#155=PLANE('',#2859);
#156=PLANE('',#2860);
#157=PLANE('',#2864);
#158=PLANE('',#2865);
#159=PLANE('',#2869);
#160=PLANE('',#2870);
#161=PLANE('',#2871);
#162=PLANE('',#2872);
#163=PLANE('',#2876);
#164=PLANE('',#2877);
#165=PLANE('',#2878);
#166=PLANE('',#2879);
#167=PLANE('',#2883);
#168=PLANE('',#2884);
#169=PLANE('',#2885);
#170=PLANE('',#2889);
#171=PLANE('',#2890);
#172=PLANE('',#2894);
#173=PLANE('',#2895);
#174=PLANE('',#2896);
#175=PLANE('',#2897);
#176=PLANE('',#2901);
#177=PLANE('',#2902);
#178=PLANE('',#2903);
#179=PLANE('',#2904);
#180=PLANE('',#2908);
#181=PLANE('',#2909);
#182=PLANE('',#2910);
#183=PLANE('',#2914);
#184=PLANE('',#2915);
#185=PLANE('',#2919);
#186=PLANE('',#2920);
#187=PLANE('',#2921);
#188=PLANE('',#2922);
#189=PLANE('',#2926);
#190=PLANE('',#2927);
#191=PLANE('',#2928);
#192=PLANE('',#2929);
#193=PLANE('',#2933);
#194=PLANE('',#2934);
#195=PLANE('',#2935);
#196=PLANE('',#2939);
#197=PLANE('',#2940);
#198=PLANE('',#2944);
#199=PLANE('',#2945);
#200=PLANE('',#2946);
#201=PLANE('',#2947);
#202=PLANE('',#2951);
#203=PLANE('',#2952);
#204=PLANE('',#2953);
#205=PLANE('',#2954);
#206=PLANE('',#2974);
#207=PLANE('',#2990);
#208=PLANE('',#2993);
#209=PLANE('',#2996);
#210=PLANE('',#2999);
#211=PLANE('',#3000);
#212=PLANE('',#3001);
#213=PLANE('',#3004);
#214=PLANE('',#3007);
#215=PLANE('',#3010);
#216=PLANE('',#3013);
#217=PLANE('',#3020);
#218=PLANE('',#3021);
#219=PLANE('',#3028);
#220=PLANE('',#3035);
#221=PLANE('',#3036);
#222=PLANE('',#3043);
#223=PLANE('',#3050);
#224=PLANE('',#3051);
#225=PLANE('',#3058);
#226=PLANE('',#3065);
#227=PLANE('',#3066);
#228=PLANE('',#3073);
#229=FACE_OUTER_BOUND('',#400,.T.);
#230=FACE_OUTER_BOUND('',#401,.T.);
#231=FACE_OUTER_BOUND('',#402,.T.);
#232=FACE_OUTER_BOUND('',#403,.T.);
#233=FACE_OUTER_BOUND('',#404,.T.);
#234=FACE_OUTER_BOUND('',#405,.T.);
#235=FACE_OUTER_BOUND('',#406,.T.);
#236=FACE_OUTER_BOUND('',#407,.T.);
#237=FACE_OUTER_BOUND('',#408,.T.);
#238=FACE_OUTER_BOUND('',#409,.T.);
#239=FACE_OUTER_BOUND('',#410,.T.);
#240=FACE_OUTER_BOUND('',#411,.T.);
#241=FACE_OUTER_BOUND('',#412,.T.);
#242=FACE_OUTER_BOUND('',#419,.T.);
#243=FACE_OUTER_BOUND('',#426,.T.);
#244=FACE_OUTER_BOUND('',#427,.T.);
#245=FACE_OUTER_BOUND('',#428,.T.);
#246=FACE_OUTER_BOUND('',#429,.T.);
#247=FACE_OUTER_BOUND('',#430,.T.);
#248=FACE_OUTER_BOUND('',#431,.T.);
#249=FACE_OUTER_BOUND('',#433,.T.);
#250=FACE_OUTER_BOUND('',#435,.T.);
#251=FACE_OUTER_BOUND('',#436,.T.);
#252=FACE_OUTER_BOUND('',#437,.T.);
#253=FACE_OUTER_BOUND('',#438,.T.);
#254=FACE_OUTER_BOUND('',#439,.T.);
#255=FACE_OUTER_BOUND('',#440,.T.);
#256=FACE_OUTER_BOUND('',#441,.T.);
#257=FACE_OUTER_BOUND('',#442,.T.);
#258=FACE_OUTER_BOUND('',#443,.T.);
#259=FACE_OUTER_BOUND('',#444,.T.);
#260=FACE_OUTER_BOUND('',#445,.T.);
#261=FACE_OUTER_BOUND('',#446,.T.);
#262=FACE_OUTER_BOUND('',#447,.T.);
#263=FACE_OUTER_BOUND('',#448,.T.);
#264=FACE_OUTER_BOUND('',#449,.T.);
#265=FACE_OUTER_BOUND('',#450,.T.);
#266=FACE_OUTER_BOUND('',#452,.T.);
#267=FACE_OUTER_BOUND('',#454,.T.);
#268=FACE_OUTER_BOUND('',#455,.T.);
#269=FACE_OUTER_BOUND('',#456,.T.);
#270=FACE_OUTER_BOUND('',#457,.T.);
#271=FACE_OUTER_BOUND('',#458,.T.);
#272=FACE_OUTER_BOUND('',#459,.T.);
#273=FACE_OUTER_BOUND('',#460,.T.);
#274=FACE_OUTER_BOUND('',#461,.T.);
#275=FACE_OUTER_BOUND('',#462,.T.);
#276=FACE_OUTER_BOUND('',#463,.T.);
#277=FACE_OUTER_BOUND('',#464,.T.);
#278=FACE_OUTER_BOUND('',#465,.T.);
#279=FACE_OUTER_BOUND('',#466,.T.);
#280=FACE_OUTER_BOUND('',#467,.T.);
#281=FACE_OUTER_BOUND('',#468,.T.);
#282=FACE_OUTER_BOUND('',#469,.T.);
#283=FACE_OUTER_BOUND('',#471,.T.);
#284=FACE_OUTER_BOUND('',#473,.T.);
#285=FACE_OUTER_BOUND('',#474,.T.);
#286=FACE_OUTER_BOUND('',#475,.T.);
#287=FACE_OUTER_BOUND('',#476,.T.);
#288=FACE_OUTER_BOUND('',#477,.T.);
#289=FACE_OUTER_BOUND('',#478,.T.);
#290=FACE_OUTER_BOUND('',#479,.T.);
#291=FACE_OUTER_BOUND('',#480,.T.);
#292=FACE_OUTER_BOUND('',#481,.T.);
#293=FACE_OUTER_BOUND('',#482,.T.);
#294=FACE_OUTER_BOUND('',#483,.T.);
#295=FACE_OUTER_BOUND('',#484,.T.);
#296=FACE_OUTER_BOUND('',#485,.T.);
#297=FACE_OUTER_BOUND('',#486,.T.);
#298=FACE_OUTER_BOUND('',#487,.T.);
#299=FACE_OUTER_BOUND('',#488,.T.);
#300=FACE_OUTER_BOUND('',#490,.T.);
#301=FACE_OUTER_BOUND('',#492,.T.);
#302=FACE_OUTER_BOUND('',#493,.T.);
#303=FACE_OUTER_BOUND('',#494,.T.);
#304=FACE_OUTER_BOUND('',#495,.T.);
#305=FACE_OUTER_BOUND('',#496,.T.);
#306=FACE_OUTER_BOUND('',#497,.T.);
#307=FACE_OUTER_BOUND('',#498,.T.);
#308=FACE_OUTER_BOUND('',#499,.T.);
#309=FACE_OUTER_BOUND('',#500,.T.);
#310=FACE_OUTER_BOUND('',#501,.T.);
#311=FACE_OUTER_BOUND('',#502,.T.);
#312=FACE_OUTER_BOUND('',#503,.T.);
#313=FACE_OUTER_BOUND('',#504,.T.);
#314=FACE_OUTER_BOUND('',#505,.T.);
#315=FACE_OUTER_BOUND('',#506,.T.);
#316=FACE_OUTER_BOUND('',#507,.T.);
#317=FACE_OUTER_BOUND('',#509,.T.);
#318=FACE_OUTER_BOUND('',#511,.T.);
#319=FACE_OUTER_BOUND('',#512,.T.);
#320=FACE_OUTER_BOUND('',#513,.T.);
#321=FACE_OUTER_BOUND('',#514,.T.);
#322=FACE_OUTER_BOUND('',#515,.T.);
#323=FACE_OUTER_BOUND('',#516,.T.);
#324=FACE_OUTER_BOUND('',#517,.T.);
#325=FACE_OUTER_BOUND('',#518,.T.);
#326=FACE_OUTER_BOUND('',#519,.T.);
#327=FACE_OUTER_BOUND('',#520,.T.);
#328=FACE_OUTER_BOUND('',#521,.T.);
#329=FACE_OUTER_BOUND('',#522,.T.);
#330=FACE_OUTER_BOUND('',#523,.T.);
#331=FACE_OUTER_BOUND('',#524,.T.);
#332=FACE_OUTER_BOUND('',#525,.T.);
#333=FACE_OUTER_BOUND('',#526,.T.);
#334=FACE_OUTER_BOUND('',#528,.T.);
#335=FACE_OUTER_BOUND('',#530,.T.);
#336=FACE_OUTER_BOUND('',#531,.T.);
#337=FACE_OUTER_BOUND('',#532,.T.);
#338=FACE_OUTER_BOUND('',#533,.T.);
#339=FACE_OUTER_BOUND('',#534,.T.);
#340=FACE_OUTER_BOUND('',#535,.T.);
#341=FACE_OUTER_BOUND('',#536,.T.);
#342=FACE_OUTER_BOUND('',#537,.T.);
#343=FACE_OUTER_BOUND('',#538,.T.);
#344=FACE_OUTER_BOUND('',#539,.T.);
#345=FACE_OUTER_BOUND('',#540,.T.);
#346=FACE_OUTER_BOUND('',#541,.T.);
#347=FACE_OUTER_BOUND('',#542,.T.);
#348=FACE_OUTER_BOUND('',#543,.T.);
#349=FACE_OUTER_BOUND('',#544,.T.);
#350=FACE_OUTER_BOUND('',#545,.T.);
#351=FACE_OUTER_BOUND('',#546,.T.);
#352=FACE_OUTER_BOUND('',#552,.T.);
#353=FACE_OUTER_BOUND('',#553,.T.);
#354=FACE_OUTER_BOUND('',#554,.T.);
#355=FACE_OUTER_BOUND('',#555,.T.);
#356=FACE_OUTER_BOUND('',#556,.T.);
#357=FACE_OUTER_BOUND('',#557,.T.);
#358=FACE_OUTER_BOUND('',#558,.T.);
#359=FACE_OUTER_BOUND('',#559,.T.);
#360=FACE_OUTER_BOUND('',#560,.T.);
#361=FACE_OUTER_BOUND('',#561,.T.);
#362=FACE_OUTER_BOUND('',#562,.T.);
#363=FACE_OUTER_BOUND('',#563,.T.);
#364=FACE_OUTER_BOUND('',#564,.T.);
#365=FACE_OUTER_BOUND('',#565,.T.);
#366=FACE_OUTER_BOUND('',#566,.T.);
#367=FACE_OUTER_BOUND('',#567,.T.);
#368=FACE_OUTER_BOUND('',#568,.T.);
#369=FACE_OUTER_BOUND('',#569,.T.);
#370=FACE_OUTER_BOUND('',#570,.T.);
#371=FACE_OUTER_BOUND('',#571,.T.);
#372=FACE_OUTER_BOUND('',#577,.T.);
#373=FACE_OUTER_BOUND('',#578,.T.);
#374=FACE_OUTER_BOUND('',#579,.T.);
#375=FACE_OUTER_BOUND('',#581,.T.);
#376=FACE_OUTER_BOUND('',#583,.T.);
#377=FACE_OUTER_BOUND('',#584,.T.);
#378=FACE_OUTER_BOUND('',#585,.T.);
#379=FACE_OUTER_BOUND('',#587,.T.);
#380=FACE_OUTER_BOUND('',#588,.T.);
#381=FACE_OUTER_BOUND('',#589,.T.);
#382=FACE_OUTER_BOUND('',#591,.T.);
#383=FACE_OUTER_BOUND('',#593,.T.);
#384=FACE_OUTER_BOUND('',#594,.T.);
#385=FACE_OUTER_BOUND('',#595,.T.);
#386=FACE_OUTER_BOUND('',#597,.T.);
#387=FACE_OUTER_BOUND('',#598,.T.);
#388=FACE_OUTER_BOUND('',#599,.T.);
#389=FACE_OUTER_BOUND('',#601,.T.);
#390=FACE_OUTER_BOUND('',#603,.T.);
#391=FACE_OUTER_BOUND('',#604,.T.);
#392=FACE_OUTER_BOUND('',#605,.T.);
#393=FACE_OUTER_BOUND('',#607,.T.);
#394=FACE_OUTER_BOUND('',#608,.T.);
#395=FACE_OUTER_BOUND('',#609,.T.);
#396=FACE_OUTER_BOUND('',#611,.T.);
#397=FACE_OUTER_BOUND('',#613,.T.);
#398=FACE_OUTER_BOUND('',#614,.T.);
#399=FACE_OUTER_BOUND('',#615,.T.);
#400=EDGE_LOOP('',(#1788,#1789,#1790,#1791));
#401=EDGE_LOOP('',(#1792,#1793,#1794,#1795));
#402=EDGE_LOOP('',(#1796,#1797,#1798,#1799));
#403=EDGE_LOOP('',(#1800,#1801,#1802,#1803));
#404=EDGE_LOOP('',(#1804,#1805,#1806,#1807));
#405=EDGE_LOOP('',(#1808,#1809,#1810,#1811));
#406=EDGE_LOOP('',(#1812,#1813,#1814,#1815));
#407=EDGE_LOOP('',(#1816,#1817,#1818,#1819));
#408=EDGE_LOOP('',(#1820,#1821,#1822,#1823));
#409=EDGE_LOOP('',(#1824,#1825,#1826,#1827));
#410=EDGE_LOOP('',(#1828,#1829,#1830,#1831));
#411=EDGE_LOOP('',(#1832,#1833,#1834,#1835));
#412=EDGE_LOOP('',(#1836,#1837,#1838,#1839,#1840,#1841));
#413=EDGE_LOOP('',(#1842));
#414=EDGE_LOOP('',(#1843));
#415=EDGE_LOOP('',(#1844));
#416=EDGE_LOOP('',(#1845));
#417=EDGE_LOOP('',(#1846));
#418=EDGE_LOOP('',(#1847));
#419=EDGE_LOOP('',(#1848,#1849,#1850,#1851,#1852,#1853));
#420=EDGE_LOOP('',(#1854));
#421=EDGE_LOOP('',(#1855));
#422=EDGE_LOOP('',(#1856));
#423=EDGE_LOOP('',(#1857));
#424=EDGE_LOOP('',(#1858));
#425=EDGE_LOOP('',(#1859));
#426=EDGE_LOOP('',(#1860,#1861,#1862,#1863));
#427=EDGE_LOOP('',(#1864,#1865,#1866,#1867));
#428=EDGE_LOOP('',(#1868,#1869,#1870,#1871));
#429=EDGE_LOOP('',(#1872,#1873,#1874,#1875));
#430=EDGE_LOOP('',(#1876,#1877,#1878,#1879));
#431=EDGE_LOOP('',(#1880,#1881,#1882,#1883));
#432=EDGE_LOOP('',(#1884));
#433=EDGE_LOOP('',(#1885,#1886,#1887,#1888));
#434=EDGE_LOOP('',(#1889));
#435=EDGE_LOOP('',(#1890,#1891,#1892,#1893));
#436=EDGE_LOOP('',(#1894,#1895,#1896));
#437=EDGE_LOOP('',(#1897,#1898,#1899,#1900));
#438=EDGE_LOOP('',(#1901,#1902,#1903));
#439=EDGE_LOOP('',(#1904,#1905,#1906,#1907));
#440=EDGE_LOOP('',(#1908,#1909,#1910,#1911));
#441=EDGE_LOOP('',(#1912,#1913,#1914));
#442=EDGE_LOOP('',(#1915,#1916,#1917));
#443=EDGE_LOOP('',(#1918,#1919,#1920,#1921));
#444=EDGE_LOOP('',(#1922,#1923,#1924,#1925));
#445=EDGE_LOOP('',(#1926,#1927,#1928,#1929));
#446=EDGE_LOOP('',(#1930,#1931,#1932,#1933));
#447=EDGE_LOOP('',(#1934,#1935,#1936,#1937));
#448=EDGE_LOOP('',(#1938,#1939,#1940,#1941));
#449=EDGE_LOOP('',(#1942,#1943,#1944,#1945));
#450=EDGE_LOOP('',(#1946,#1947,#1948,#1949));
#451=EDGE_LOOP('',(#1950));
#452=EDGE_LOOP('',(#1951,#1952,#1953,#1954));
#453=EDGE_LOOP('',(#1955));
#454=EDGE_LOOP('',(#1956,#1957,#1958,#1959));
#455=EDGE_LOOP('',(#1960,#1961,#1962));
#456=EDGE_LOOP('',(#1963,#1964,#1965,#1966));
#457=EDGE_LOOP('',(#1967,#1968,#1969));
#458=EDGE_LOOP('',(#1970,#1971,#1972,#1973));
#459=EDGE_LOOP('',(#1974,#1975,#1976,#1977));
#460=EDGE_LOOP('',(#1978,#1979,#1980));
#461=EDGE_LOOP('',(#1981,#1982,#1983));
#462=EDGE_LOOP('',(#1984,#1985,#1986,#1987));
#463=EDGE_LOOP('',(#1988,#1989,#1990,#1991));
#464=EDGE_LOOP('',(#1992,#1993,#1994,#1995));
#465=EDGE_LOOP('',(#1996,#1997,#1998,#1999));
#466=EDGE_LOOP('',(#2000,#2001,#2002,#2003));
#467=EDGE_LOOP('',(#2004,#2005,#2006,#2007));
#468=EDGE_LOOP('',(#2008,#2009,#2010,#2011));
#469=EDGE_LOOP('',(#2012,#2013,#2014,#2015));
#470=EDGE_LOOP('',(#2016));
#471=EDGE_LOOP('',(#2017,#2018,#2019,#2020));
#472=EDGE_LOOP('',(#2021));
#473=EDGE_LOOP('',(#2022,#2023,#2024,#2025));
#474=EDGE_LOOP('',(#2026,#2027,#2028));
#475=EDGE_LOOP('',(#2029,#2030,#2031,#2032));
#476=EDGE_LOOP('',(#2033,#2034,#2035));
#477=EDGE_LOOP('',(#2036,#2037,#2038,#2039));
#478=EDGE_LOOP('',(#2040,#2041,#2042,#2043));
#479=EDGE_LOOP('',(#2044,#2045,#2046));
#480=EDGE_LOOP('',(#2047,#2048,#2049));
#481=EDGE_LOOP('',(#2050,#2051,#2052,#2053));
#482=EDGE_LOOP('',(#2054,#2055,#2056,#2057));
#483=EDGE_LOOP('',(#2058,#2059,#2060,#2061));
#484=EDGE_LOOP('',(#2062,#2063,#2064,#2065));
#485=EDGE_LOOP('',(#2066,#2067,#2068,#2069));
#486=EDGE_LOOP('',(#2070,#2071,#2072,#2073));
#487=EDGE_LOOP('',(#2074,#2075,#2076,#2077));
#488=EDGE_LOOP('',(#2078,#2079,#2080,#2081));
#489=EDGE_LOOP('',(#2082));
#490=EDGE_LOOP('',(#2083,#2084,#2085,#2086));
#491=EDGE_LOOP('',(#2087));
#492=EDGE_LOOP('',(#2088,#2089,#2090,#2091));
#493=EDGE_LOOP('',(#2092,#2093,#2094));
#494=EDGE_LOOP('',(#2095,#2096,#2097,#2098));
#495=EDGE_LOOP('',(#2099,#2100,#2101));
#496=EDGE_LOOP('',(#2102,#2103,#2104,#2105));
#497=EDGE_LOOP('',(#2106,#2107,#2108,#2109));
#498=EDGE_LOOP('',(#2110,#2111,#2112));
#499=EDGE_LOOP('',(#2113,#2114,#2115));
#500=EDGE_LOOP('',(#2116,#2117,#2118,#2119));
#501=EDGE_LOOP('',(#2120,#2121,#2122,#2123));
#502=EDGE_LOOP('',(#2124,#2125,#2126,#2127));
#503=EDGE_LOOP('',(#2128,#2129,#2130,#2131));
#504=EDGE_LOOP('',(#2132,#2133,#2134,#2135));
#505=EDGE_LOOP('',(#2136,#2137,#2138,#2139));
#506=EDGE_LOOP('',(#2140,#2141,#2142,#2143));
#507=EDGE_LOOP('',(#2144,#2145,#2146,#2147));
#508=EDGE_LOOP('',(#2148));
#509=EDGE_LOOP('',(#2149,#2150,#2151,#2152));
#510=EDGE_LOOP('',(#2153));
#511=EDGE_LOOP('',(#2154,#2155,#2156,#2157));
#512=EDGE_LOOP('',(#2158,#2159,#2160));
#513=EDGE_LOOP('',(#2161,#2162,#2163,#2164));
#514=EDGE_LOOP('',(#2165,#2166,#2167));
#515=EDGE_LOOP('',(#2168,#2169,#2170,#2171));
#516=EDGE_LOOP('',(#2172,#2173,#2174,#2175));
#517=EDGE_LOOP('',(#2176,#2177,#2178));
#518=EDGE_LOOP('',(#2179,#2180,#2181));
#519=EDGE_LOOP('',(#2182,#2183,#2184,#2185));
#520=EDGE_LOOP('',(#2186,#2187,#2188,#2189));
#521=EDGE_LOOP('',(#2190,#2191,#2192,#2193));
#522=EDGE_LOOP('',(#2194,#2195,#2196,#2197));
#523=EDGE_LOOP('',(#2198,#2199,#2200,#2201));
#524=EDGE_LOOP('',(#2202,#2203,#2204,#2205));
#525=EDGE_LOOP('',(#2206,#2207,#2208,#2209));
#526=EDGE_LOOP('',(#2210,#2211,#2212,#2213));
#527=EDGE_LOOP('',(#2214));
#528=EDGE_LOOP('',(#2215,#2216,#2217,#2218));
#529=EDGE_LOOP('',(#2219));
#530=EDGE_LOOP('',(#2220,#2221,#2222,#2223));
#531=EDGE_LOOP('',(#2224,#2225,#2226));
#532=EDGE_LOOP('',(#2227,#2228,#2229,#2230));
#533=EDGE_LOOP('',(#2231,#2232,#2233));
#534=EDGE_LOOP('',(#2234,#2235,#2236,#2237));
#535=EDGE_LOOP('',(#2238,#2239,#2240,#2241));
#536=EDGE_LOOP('',(#2242,#2243,#2244));
#537=EDGE_LOOP('',(#2245,#2246,#2247));
#538=EDGE_LOOP('',(#2248,#2249,#2250,#2251));
#539=EDGE_LOOP('',(#2252,#2253,#2254,#2255));
#540=EDGE_LOOP('',(#2256,#2257,#2258,#2259));
#541=EDGE_LOOP('',(#2260,#2261,#2262,#2263));
#542=EDGE_LOOP('',(#2264,#2265,#2266,#2267));
#543=EDGE_LOOP('',(#2268,#2269,#2270,#2271));
#544=EDGE_LOOP('',(#2272,#2273,#2274,#2275,#2276));
#545=EDGE_LOOP('',(#2277,#2278,#2279,#2280,#2281));
#546=EDGE_LOOP('',(#2282,#2283,#2284,#2285,#2286,#2287,#2288,#2289,#2290,
#2291,#2292,#2293,#2294,#2295,#2296,#2297,#2298,#2299));
#547=EDGE_LOOP('',(#2300));
#548=EDGE_LOOP('',(#2301));
#549=EDGE_LOOP('',(#2302));
#550=EDGE_LOOP('',(#2303));
#551=EDGE_LOOP('',(#2304));
#552=EDGE_LOOP('',(#2305,#2306,#2307,#2308));
#553=EDGE_LOOP('',(#2309,#2310,#2311,#2312));
#554=EDGE_LOOP('',(#2313,#2314,#2315,#2316,#2317));
#555=EDGE_LOOP('',(#2318,#2319,#2320,#2321));
#556=EDGE_LOOP('',(#2322,#2323,#2324,#2325));
#557=EDGE_LOOP('',(#2326,#2327,#2328,#2329));
#558=EDGE_LOOP('',(#2330,#2331,#2332,#2333));
#559=EDGE_LOOP('',(#2334,#2335,#2336,#2337));
#560=EDGE_LOOP('',(#2338,#2339,#2340,#2341));
#561=EDGE_LOOP('',(#2342,#2343,#2344,#2345));
#562=EDGE_LOOP('',(#2346,#2347,#2348,#2349));
#563=EDGE_LOOP('',(#2350,#2351,#2352,#2353));
#564=EDGE_LOOP('',(#2354,#2355,#2356,#2357));
#565=EDGE_LOOP('',(#2358,#2359,#2360,#2361));
#566=EDGE_LOOP('',(#2362,#2363,#2364,#2365));
#567=EDGE_LOOP('',(#2366,#2367,#2368,#2369));
#568=EDGE_LOOP('',(#2370,#2371,#2372,#2373));
#569=EDGE_LOOP('',(#2374,#2375,#2376,#2377));
#570=EDGE_LOOP('',(#2378,#2379,#2380,#2381,#2382));
#571=EDGE_LOOP('',(#2383,#2384,#2385,#2386,#2387,#2388,#2389,#2390,#2391,
#2392,#2393,#2394,#2395,#2396,#2397,#2398,#2399,#2400));
#572=EDGE_LOOP('',(#2401));
#573=EDGE_LOOP('',(#2402));
#574=EDGE_LOOP('',(#2403));
#575=EDGE_LOOP('',(#2404));
#576=EDGE_LOOP('',(#2405));
#577=EDGE_LOOP('',(#2406,#2407,#2408,#2409));
#578=EDGE_LOOP('',(#2410,#2411,#2412,#2413));
#579=EDGE_LOOP('',(#2414));
#580=EDGE_LOOP('',(#2415));
#581=EDGE_LOOP('',(#2416));
#582=EDGE_LOOP('',(#2417));
#583=EDGE_LOOP('',(#2418,#2419,#2420,#2421,#2422));
#584=EDGE_LOOP('',(#2423,#2424,#2425,#2426,#2427));
#585=EDGE_LOOP('',(#2428));
#586=EDGE_LOOP('',(#2429));
#587=EDGE_LOOP('',(#2430,#2431,#2432,#2433));
#588=EDGE_LOOP('',(#2434,#2435,#2436,#2437));
#589=EDGE_LOOP('',(#2438));
#590=EDGE_LOOP('',(#2439));
#591=EDGE_LOOP('',(#2440));
#592=EDGE_LOOP('',(#2441));
#593=EDGE_LOOP('',(#2442,#2443,#2444,#2445,#2446));
#594=EDGE_LOOP('',(#2447,#2448,#2449,#2450,#2451));
#595=EDGE_LOOP('',(#2452));
#596=EDGE_LOOP('',(#2453));
#597=EDGE_LOOP('',(#2454,#2455,#2456,#2457));
#598=EDGE_LOOP('',(#2458,#2459,#2460,#2461));
#599=EDGE_LOOP('',(#2462));
#600=EDGE_LOOP('',(#2463));
#601=EDGE_LOOP('',(#2464));
#602=EDGE_LOOP('',(#2465));
#603=EDGE_LOOP('',(#2466,#2467,#2468,#2469,#2470));
#604=EDGE_LOOP('',(#2471,#2472,#2473,#2474,#2475));
#605=EDGE_LOOP('',(#2476));
#606=EDGE_LOOP('',(#2477));
#607=EDGE_LOOP('',(#2478,#2479,#2480,#2481));
#608=EDGE_LOOP('',(#2482,#2483,#2484,#2485));
#609=EDGE_LOOP('',(#2486));
#610=EDGE_LOOP('',(#2487));
#611=EDGE_LOOP('',(#2488));
#612=EDGE_LOOP('',(#2489));
#613=EDGE_LOOP('',(#2490,#2491,#2492,#2493,#2494));
#614=EDGE_LOOP('',(#2495,#2496,#2497,#2498,#2499));
#615=EDGE_LOOP('',(#2500));
#616=EDGE_LOOP('',(#2501));
#617=LINE('',#3904,#838);
#618=LINE('',#3910,#839);
#619=LINE('',#3916,#840);
#620=LINE('',#3922,#841);
#621=LINE('',#3928,#842);
#622=LINE('',#3934,#843);
#623=LINE('',#3939,#844);
#624=LINE('',#3941,#845);
#625=LINE('',#3943,#846);
#626=LINE('',#3944,#847);
#627=LINE('',#3950,#848);
#628=LINE('',#3953,#849);
#629=LINE('',#3955,#850);
#630=LINE('',#3956,#851);
#631=LINE('',#3962,#852);
#632=LINE('',#3965,#853);
#633=LINE('',#3967,#854);
#634=LINE('',#3968,#855);
#635=LINE('',#3978,#856);
#636=LINE('',#3983,#857);
#637=LINE('',#3985,#858);
#638=LINE('',#3987,#859);
#639=LINE('',#3988,#860);
#640=LINE('',#3991,#861);
#641=LINE('',#3993,#862);
#642=LINE('',#3994,#863);
#643=LINE('',#3997,#864);
#644=LINE('',#3999,#865);
#645=LINE('',#4000,#866);
#646=LINE('',#4011,#867);
#647=LINE('',#4014,#868);
#648=LINE('',#4017,#869);
#649=LINE('',#4018,#870);
#650=LINE('',#4021,#871);
#651=LINE('',#4022,#872);
#652=LINE('',#4024,#873);
#653=LINE('',#4031,#874);
#654=LINE('',#4034,#875);
#655=LINE('',#4037,#876);
#656=LINE('',#4038,#877);
#657=LINE('',#4041,#878);
#658=LINE('',#4042,#879);
#659=LINE('',#4044,#880);
#660=LINE('',#4050,#881);
#661=LINE('',#4055,#882);
#662=LINE('',#4057,#883);
#663=LINE('',#4059,#884);
#664=LINE('',#4060,#885);
#665=LINE('',#4063,#886);
#666=LINE('',#4065,#887);
#667=LINE('',#4066,#888);
#668=LINE('',#4069,#889);
#669=LINE('',#4071,#890);
#670=LINE('',#4072,#891);
#671=LINE('',#4083,#892);
#672=LINE('',#4086,#893);
#673=LINE('',#4089,#894);
#674=LINE('',#4090,#895);
#675=LINE('',#4093,#896);
#676=LINE('',#4094,#897);
#677=LINE('',#4096,#898);
#678=LINE('',#4103,#899);
#679=LINE('',#4106,#900);
#680=LINE('',#4109,#901);
#681=LINE('',#4110,#902);
#682=LINE('',#4113,#903);
#683=LINE('',#4114,#904);
#684=LINE('',#4116,#905);
#685=LINE('',#4122,#906);
#686=LINE('',#4127,#907);
#687=LINE('',#4129,#908);
#688=LINE('',#4131,#909);
#689=LINE('',#4132,#910);
#690=LINE('',#4135,#911);
#691=LINE('',#4137,#912);
#692=LINE('',#4138,#913);
#693=LINE('',#4141,#914);
#694=LINE('',#4143,#915);
#695=LINE('',#4144,#916);
#696=LINE('',#4155,#917);
#697=LINE('',#4158,#918);
#698=LINE('',#4161,#919);
#699=LINE('',#4162,#920);
#700=LINE('',#4165,#921);
#701=LINE('',#4166,#922);
#702=LINE('',#4168,#923);
#703=LINE('',#4175,#924);
#704=LINE('',#4178,#925);
#705=LINE('',#4181,#926);
#706=LINE('',#4182,#927);
#707=LINE('',#4185,#928);
#708=LINE('',#4186,#929);
#709=LINE('',#4188,#930);
#710=LINE('',#4194,#931);
#711=LINE('',#4199,#932);
#712=LINE('',#4201,#933);
#713=LINE('',#4203,#934);
#714=LINE('',#4204,#935);
#715=LINE('',#4207,#936);
#716=LINE('',#4209,#937);
#717=LINE('',#4210,#938);
#718=LINE('',#4213,#939);
#719=LINE('',#4215,#940);
#720=LINE('',#4216,#941);
#721=LINE('',#4227,#942);
#722=LINE('',#4230,#943);
#723=LINE('',#4233,#944);
#724=LINE('',#4234,#945);
#725=LINE('',#4237,#946);
#726=LINE('',#4238,#947);
#727=LINE('',#4240,#948);
#728=LINE('',#4247,#949);
#729=LINE('',#4250,#950);
#730=LINE('',#4253,#951);
#731=LINE('',#4254,#952);
#732=LINE('',#4257,#953);
#733=LINE('',#4258,#954);
#734=LINE('',#4260,#955);
#735=LINE('',#4266,#956);
#736=LINE('',#4271,#957);
#737=LINE('',#4273,#958);
#738=LINE('',#4275,#959);
#739=LINE('',#4276,#960);
#740=LINE('',#4279,#961);
#741=LINE('',#4281,#962);
#742=LINE('',#4282,#963);
#743=LINE('',#4285,#964);
#744=LINE('',#4287,#965);
#745=LINE('',#4288,#966);
#746=LINE('',#4299,#967);
#747=LINE('',#4302,#968);
#748=LINE('',#4305,#969);
#749=LINE('',#4306,#970);
#750=LINE('',#4309,#971);
#751=LINE('',#4310,#972);
#752=LINE('',#4312,#973);
#753=LINE('',#4319,#974);
#754=LINE('',#4322,#975);
#755=LINE('',#4325,#976);
#756=LINE('',#4326,#977);
#757=LINE('',#4329,#978);
#758=LINE('',#4330,#979);
#759=LINE('',#4332,#980);
#760=LINE('',#4338,#981);
#761=LINE('',#4343,#982);
#762=LINE('',#4345,#983);
#763=LINE('',#4347,#984);
#764=LINE('',#4348,#985);
#765=LINE('',#4351,#986);
#766=LINE('',#4353,#987);
#767=LINE('',#4354,#988);
#768=LINE('',#4357,#989);
#769=LINE('',#4359,#990);
#770=LINE('',#4360,#991);
#771=LINE('',#4371,#992);
#772=LINE('',#4374,#993);
#773=LINE('',#4377,#994);
#774=LINE('',#4378,#995);
#775=LINE('',#4381,#996);
#776=LINE('',#4382,#997);
#777=LINE('',#4384,#998);
#778=LINE('',#4391,#999);
#779=LINE('',#4394,#1000);
#780=LINE('',#4397,#1001);
#781=LINE('',#4398,#1002);
#782=LINE('',#4401,#1003);
#783=LINE('',#4402,#1004);
#784=LINE('',#4404,#1005);
#785=LINE('',#4410,#1006);
#786=LINE('',#4416,#1007);
#787=LINE('',#4422,#1008);
#788=LINE('',#4428,#1009);
#789=LINE('',#4440,#1010);
#790=LINE('',#4447,#1011);
#791=LINE('',#4451,#1012);
#792=LINE('',#4455,#1013);
#793=LINE('',#4459,#1014);
#794=LINE('',#4461,#1015);
#795=LINE('',#4463,#1016);
#796=LINE('',#4467,#1017);
#797=LINE('',#4471,#1018);
#798=LINE('',#4475,#1019);
#799=LINE('',#4511,#1020);
#800=LINE('',#4514,#1021);
#801=LINE('',#4518,#1022);
#802=LINE('',#4521,#1023);
#803=LINE('',#4522,#1024);
#804=LINE('',#4526,#1025);
#805=LINE('',#4529,#1026);
#806=LINE('',#4530,#1027);
#807=LINE('',#4534,#1028);
#808=LINE('',#4537,#1029);
#809=LINE('',#4538,#1030);
#810=LINE('',#4542,#1031);
#811=LINE('',#4545,#1032);
#812=LINE('',#4546,#1033);
#813=LINE('',#4549,#1034);
#814=LINE('',#4550,#1035);
#815=LINE('',#4553,#1036);
#816=LINE('',#4554,#1037);
#817=LINE('',#4558,#1038);
#818=LINE('',#4561,#1039);
#819=LINE('',#4562,#1040);
#820=LINE('',#4566,#1041);
#821=LINE('',#4569,#1042);
#822=LINE('',#4570,#1043);
#823=LINE('',#4574,#1044);
#824=LINE('',#4577,#1045);
#825=LINE('',#4578,#1046);
#826=LINE('',#4586,#1047);
#827=LINE('',#4592,#1048);
#828=LINE('',#4632,#1049);
#829=LINE('',#4639,#1050);
#830=LINE('',#4645,#1051);
#831=LINE('',#4685,#1052);
#832=LINE('',#4692,#1053);
#833=LINE('',#4698,#1054);
#834=LINE('',#4738,#1055);
#835=LINE('',#4745,#1056);
#836=LINE('',#4751,#1057);
#837=LINE('',#4791,#1058);
#838=VECTOR('',#3080,20.);
#839=VECTOR('',#3087,2.);
#840=VECTOR('',#3094,2.);
#841=VECTOR('',#3101,2.);
#842=VECTOR('',#3108,2.);
#843=VECTOR('',#3115,2.);
#844=VECTOR('',#3120,10.);
#845=VECTOR('',#3121,10.);
#846=VECTOR('',#3122,10.);
#847=VECTOR('',#3123,10.);
#848=VECTOR('',#3130,10.);
#849=VECTOR('',#3133,10.);
#850=VECTOR('',#3134,10.);
#851=VECTOR('',#3135,10.);
#852=VECTOR('',#3142,10.);
#853=VECTOR('',#3145,10.);
#854=VECTOR('',#3146,10.);
#855=VECTOR('',#3147,10.);
#856=VECTOR('',#3162,1.5);
#857=VECTOR('',#3167,10.);
#858=VECTOR('',#3168,10.);
#859=VECTOR('',#3169,10.);
#860=VECTOR('',#3170,10.);
#861=VECTOR('',#3173,10.);
#862=VECTOR('',#3174,10.);
#863=VECTOR('',#3175,10.);
#864=VECTOR('',#3178,10.);
#865=VECTOR('',#3179,10.);
#866=VECTOR('',#3180,10.);
#867=VECTOR('',#3195,10.);
#868=VECTOR('',#3198,10.);
#869=VECTOR('',#3201,10.);
#870=VECTOR('',#3202,10.);
#871=VECTOR('',#3205,10.);
#872=VECTOR('',#3206,10.);
#873=VECTOR('',#3209,10.);
#874=VECTOR('',#3216,10.);
#875=VECTOR('',#3219,10.);
#876=VECTOR('',#3222,10.);
#877=VECTOR('',#3223,10.);
#878=VECTOR('',#3226,10.);
#879=VECTOR('',#3227,10.);
#880=VECTOR('',#3230,10.);
#881=VECTOR('',#3237,1.5);
#882=VECTOR('',#3242,10.);
#883=VECTOR('',#3243,10.);
#884=VECTOR('',#3244,10.);
#885=VECTOR('',#3245,10.);
#886=VECTOR('',#3248,10.);
#887=VECTOR('',#3249,10.);
#888=VECTOR('',#3250,10.);
#889=VECTOR('',#3253,10.);
#890=VECTOR('',#3254,10.);
#891=VECTOR('',#3255,10.);
#892=VECTOR('',#3270,10.);
#893=VECTOR('',#3273,10.);
#894=VECTOR('',#3276,10.);
#895=VECTOR('',#3277,10.);
#896=VECTOR('',#3280,10.);
#897=VECTOR('',#3281,10.);
#898=VECTOR('',#3284,10.);
#899=VECTOR('',#3291,10.);
#900=VECTOR('',#3294,10.);
#901=VECTOR('',#3297,10.);
#902=VECTOR('',#3298,10.);
#903=VECTOR('',#3301,10.);
#904=VECTOR('',#3302,10.);
#905=VECTOR('',#3305,10.);
#906=VECTOR('',#3312,1.5);
#907=VECTOR('',#3317,10.);
#908=VECTOR('',#3318,10.);
#909=VECTOR('',#3319,10.);
#910=VECTOR('',#3320,10.);
#911=VECTOR('',#3323,10.);
#912=VECTOR('',#3324,10.);
#913=VECTOR('',#3325,10.);
#914=VECTOR('',#3328,10.);
#915=VECTOR('',#3329,10.);
#916=VECTOR('',#3330,10.);
#917=VECTOR('',#3345,10.);
#918=VECTOR('',#3348,10.);
#919=VECTOR('',#3351,10.);
#920=VECTOR('',#3352,10.);
#921=VECTOR('',#3355,10.);
#922=VECTOR('',#3356,10.);
#923=VECTOR('',#3359,10.);
#924=VECTOR('',#3366,10.);
#925=VECTOR('',#3369,10.);
#926=VECTOR('',#3372,10.);
#927=VECTOR('',#3373,10.);
#928=VECTOR('',#3376,10.);
#929=VECTOR('',#3377,10.);
#930=VECTOR('',#3380,10.);
#931=VECTOR('',#3387,1.5);
#932=VECTOR('',#3392,10.);
#933=VECTOR('',#3393,10.);
#934=VECTOR('',#3394,10.);
#935=VECTOR('',#3395,10.);
#936=VECTOR('',#3398,10.);
#937=VECTOR('',#3399,10.);
#938=VECTOR('',#3400,10.);
#939=VECTOR('',#3403,10.);
#940=VECTOR('',#3404,10.);
#941=VECTOR('',#3405,10.);
#942=VECTOR('',#3420,10.);
#943=VECTOR('',#3423,10.);
#944=VECTOR('',#3426,10.);
#945=VECTOR('',#3427,10.);
#946=VECTOR('',#3430,10.);
#947=VECTOR('',#3431,10.);
#948=VECTOR('',#3434,10.);
#949=VECTOR('',#3441,10.);
#950=VECTOR('',#3444,10.);
#951=VECTOR('',#3447,10.);
#952=VECTOR('',#3448,10.);
#953=VECTOR('',#3451,10.);
#954=VECTOR('',#3452,10.);
#955=VECTOR('',#3455,10.);
#956=VECTOR('',#3462,1.5);
#957=VECTOR('',#3467,10.);
#958=VECTOR('',#3468,10.);
#959=VECTOR('',#3469,10.);
#960=VECTOR('',#3470,10.);
#961=VECTOR('',#3473,10.);
#962=VECTOR('',#3474,10.);
#963=VECTOR('',#3475,10.);
#964=VECTOR('',#3478,10.);
#965=VECTOR('',#3479,10.);
#966=VECTOR('',#3480,10.);
#967=VECTOR('',#3495,10.);
#968=VECTOR('',#3498,10.);
#969=VECTOR('',#3501,10.);
#970=VECTOR('',#3502,10.);
#971=VECTOR('',#3505,10.);
#972=VECTOR('',#3506,10.);
#973=VECTOR('',#3509,10.);
#974=VECTOR('',#3516,10.);
#975=VECTOR('',#3519,10.);
#976=VECTOR('',#3522,10.);
#977=VECTOR('',#3523,10.);
#978=VECTOR('',#3526,10.);
#979=VECTOR('',#3527,10.);
#980=VECTOR('',#3530,10.);
#981=VECTOR('',#3537,1.5);
#982=VECTOR('',#3542,10.);
#983=VECTOR('',#3543,10.);
#984=VECTOR('',#3544,10.);
#985=VECTOR('',#3545,10.);
#986=VECTOR('',#3548,10.);
#987=VECTOR('',#3549,10.);
#988=VECTOR('',#3550,10.);
#989=VECTOR('',#3553,10.);
#990=VECTOR('',#3554,10.);
#991=VECTOR('',#3555,10.);
#992=VECTOR('',#3570,10.);
#993=VECTOR('',#3573,10.);
#994=VECTOR('',#3576,10.);
#995=VECTOR('',#3577,10.);
#996=VECTOR('',#3580,10.);
#997=VECTOR('',#3581,10.);
#998=VECTOR('',#3584,10.);
#999=VECTOR('',#3591,10.);
#1000=VECTOR('',#3594,10.);
#1001=VECTOR('',#3597,10.);
#1002=VECTOR('',#3598,10.);
#1003=VECTOR('',#3601,10.);
#1004=VECTOR('',#3602,10.);
#1005=VECTOR('',#3605,10.);
#1006=VECTOR('',#3612,2.49999999999997);
#1007=VECTOR('',#3619,2.5);
#1008=VECTOR('',#3626,2.49999999999997);
#1009=VECTOR('',#3633,2.5);
#1010=VECTOR('',#3648,20.);
#1011=VECTOR('',#3655,10.);
#1012=VECTOR('',#3658,10.);
#1013=VECTOR('',#3661,10.);
#1014=VECTOR('',#3664,10.);
#1015=VECTOR('',#3665,10.);
#1016=VECTOR('',#3666,10.);
#1017=VECTOR('',#3669,10.);
#1018=VECTOR('',#3672,10.);
#1019=VECTOR('',#3675,10.);
#1020=VECTOR('',#3686,10.);
#1021=VECTOR('',#3689,10.);
#1022=VECTOR('',#3694,10.);
#1023=VECTOR('',#3697,10.);
#1024=VECTOR('',#3698,10.);
#1025=VECTOR('',#3703,10.);
#1026=VECTOR('',#3706,10.);
#1027=VECTOR('',#3707,10.);
#1028=VECTOR('',#3712,10.);
#1029=VECTOR('',#3715,10.);
#1030=VECTOR('',#3716,10.);
#1031=VECTOR('',#3721,10.);
#1032=VECTOR('',#3724,10.);
#1033=VECTOR('',#3725,10.);
#1034=VECTOR('',#3728,10.);
#1035=VECTOR('',#3729,10.);
#1036=VECTOR('',#3732,10.);
#1037=VECTOR('',#3733,10.);
#1038=VECTOR('',#3738,10.);
#1039=VECTOR('',#3741,10.);
#1040=VECTOR('',#3742,10.);
#1041=VECTOR('',#3747,10.);
#1042=VECTOR('',#3750,10.);
#1043=VECTOR('',#3751,10.);
#1044=VECTOR('',#3756,10.);
#1045=VECTOR('',#3759,10.);
#1046=VECTOR('',#3760,10.);
#1047=VECTOR('',#3771,1.75);
#1048=VECTOR('',#3778,3.);
#1049=VECTOR('',#3795,3.);
#1050=VECTOR('',#3804,1.75);
#1051=VECTOR('',#3811,3.);
#1052=VECTOR('',#3828,3.);
#1053=VECTOR('',#3837,1.75);
#1054=VECTOR('',#3844,3.);
#1055=VECTOR('',#3861,3.);
#1056=VECTOR('',#3870,1.75);
#1057=VECTOR('',#3877,3.);
#1058=VECTOR('',#3894,3.);
#1059=CIRCLE('',#2774,20.);
#1060=CIRCLE('',#2775,20.);
#1061=CIRCLE('',#2777,2.);
#1062=CIRCLE('',#2778,2.);
#1063=CIRCLE('',#2780,2.);
#1064=CIRCLE('',#2781,2.);
#1065=CIRCLE('',#2783,2.);
#1066=CIRCLE('',#2784,2.);
#1067=CIRCLE('',#2786,2.);
#1068=CIRCLE('',#2787,2.);
#1069=CIRCLE('',#2789,2.);
#1070=CIRCLE('',#2790,2.);
#1071=CIRCLE('',#2793,9.99999999999999);
#1072=CIRCLE('',#2794,9.99999999999999);
#1073=CIRCLE('',#2797,9.99999999999999);
#1074=CIRCLE('',#2798,9.99999999999999);
#1075=CIRCLE('',#2801,56.);
#1076=CIRCLE('',#2802,56.);
#1077=CIRCLE('',#2806,1.5);
#1078=CIRCLE('',#2807,1.5);
#1079=CIRCLE('',#2812,4.31953597116841);
#1080=CIRCLE('',#2813,4.31953597116841);
#1081=CIRCLE('',#2817,32.);
#1082=CIRCLE('',#2818,32.);
#1083=CIRCLE('',#2824,39.);
#1084=CIRCLE('',#2825,39.);
#1085=CIRCLE('',#2831,1.5);
#1086=CIRCLE('',#2832,1.5);
#1087=CIRCLE('',#2837,4.31953597116841);
#1088=CIRCLE('',#2838,4.31953597116841);
#1089=CIRCLE('',#2842,32.);
#1090=CIRCLE('',#2843,32.);
#1091=CIRCLE('',#2849,39.);
#1092=CIRCLE('',#2850,39.);
#1093=CIRCLE('',#2856,1.5);
#1094=CIRCLE('',#2857,1.5);
#1095=CIRCLE('',#2862,4.31953597116841);
#1096=CIRCLE('',#2863,4.31953597116841);
#1097=CIRCLE('',#2867,32.);
#1098=CIRCLE('',#2868,32.);
#1099=CIRCLE('',#2874,39.);
#1100=CIRCLE('',#2875,39.);
#1101=CIRCLE('',#2881,1.5);
#1102=CIRCLE('',#2882,1.5);
#1103=CIRCLE('',#2887,4.31953597116841);
#1104=CIRCLE('',#2888,4.31953597116841);
#1105=CIRCLE('',#2892,32.);
#1106=CIRCLE('',#2893,32.);
#1107=CIRCLE('',#2899,39.);
#1108=CIRCLE('',#2900,39.);
#1109=CIRCLE('',#2906,1.5);
#1110=CIRCLE('',#2907,1.5);
#1111=CIRCLE('',#2912,4.31953597116841);
#1112=CIRCLE('',#2913,4.31953597116841);
#1113=CIRCLE('',#2917,32.);
#1114=CIRCLE('',#2918,32.);
#1115=CIRCLE('',#2924,39.);
#1116=CIRCLE('',#2925,39.);
#1117=CIRCLE('',#2931,1.5);
#1118=CIRCLE('',#2932,1.5);
#1119=CIRCLE('',#2937,4.31953597116841);
#1120=CIRCLE('',#2938,4.31953597116841);
#1121=CIRCLE('',#2942,32.);
#1122=CIRCLE('',#2943,32.);
#1123=CIRCLE('',#2949,39.);
#1124=CIRCLE('',#2950,39.);
#1125=CIRCLE('',#2956,2.49999999999997);
#1126=CIRCLE('',#2957,2.49999999999997);
#1127=CIRCLE('',#2959,2.5);
#1128=CIRCLE('',#2960,2.5);
#1129=CIRCLE('',#2962,2.49999999999997);
#1130=CIRCLE('',#2963,2.49999999999997);
#1131=CIRCLE('',#2965,2.5);
#1132=CIRCLE('',#2966,2.5);
#1133=CIRCLE('',#2968,21.);
#1134=CIRCLE('',#2969,1.);
#1135=CIRCLE('',#2970,20.);
#1136=CIRCLE('',#2971,20.);
#1137=CIRCLE('',#2973,20.);
#1138=CIRCLE('',#2975,3.00097819141159);
#1139=CIRCLE('',#2976,2.99999999999995);
#1140=CIRCLE('',#2977,2.99999999999997);
#1141=CIRCLE('',#2978,3.00000000000001);
#1142=CIRCLE('',#2979,3.00000000000001);
#1143=CIRCLE('',#2980,3.00000000000001);
#1144=CIRCLE('',#2981,2.99999999999999);
#1145=CIRCLE('',#2982,3.00000004470348);
#1146=CIRCLE('',#2983,24.);
#1147=CIRCLE('',#2985,25.);
#1148=CIRCLE('',#2987,25.);
#1149=CIRCLE('',#2989,3.00000004470348);
#1150=CIRCLE('',#2992,2.99999999999999);
#1151=CIRCLE('',#2995,3.00000000000001);
#1152=CIRCLE('',#2998,3.00000000000001);
#1153=CIRCLE('',#3003,3.00000000000001);
#1154=CIRCLE('',#3006,2.99999999999997);
#1155=CIRCLE('',#3009,2.99999999999995);
#1156=CIRCLE('',#3012,3.00097819141159);
#1157=CIRCLE('',#3015,1.75);
#1158=CIRCLE('',#3016,1.75);
#1159=CIRCLE('',#3018,3.);
#1160=CIRCLE('',#3019,3.);
#1161=CIRCLE('',#3022,6.);
#1162=CIRCLE('',#3023,6.);
#1163=CIRCLE('',#3024,3.);
#1164=CIRCLE('',#3025,3.);
#1165=CIRCLE('',#3027,3.);
#1166=CIRCLE('',#3030,1.75);
#1167=CIRCLE('',#3031,1.75);
#1168=CIRCLE('',#3033,3.);
#1169=CIRCLE('',#3034,3.);
#1170=CIRCLE('',#3037,6.);
#1171=CIRCLE('',#3038,6.);
#1172=CIRCLE('',#3039,3.);
#1173=CIRCLE('',#3040,3.);
#1174=CIRCLE('',#3042,3.);
#1175=CIRCLE('',#3045,1.75);
#1176=CIRCLE('',#3046,1.75);
#1177=CIRCLE('',#3048,3.);
#1178=CIRCLE('',#3049,3.);
#1179=CIRCLE('',#3052,6.);
#1180=CIRCLE('',#3053,6.);
#1181=CIRCLE('',#3054,3.);
#1182=CIRCLE('',#3055,3.);
#1183=CIRCLE('',#3057,3.);
#1184=CIRCLE('',#3060,1.75);
#1185=CIRCLE('',#3061,1.75);
#1186=CIRCLE('',#3063,3.);
#1187=CIRCLE('',#3064,3.);
#1188=CIRCLE('',#3067,6.);
#1189=CIRCLE('',#3068,6.);
#1190=CIRCLE('',#3069,3.);
#1191=CIRCLE('',#3070,3.);
#1192=CIRCLE('',#3072,3.);
#1193=VERTEX_POINT('',#3901);
#1194=VERTEX_POINT('',#3903);
#1195=VERTEX_POINT('',#3907);
#1196=VERTEX_POINT('',#3909);
#1197=VERTEX_POINT('',#3913);
#1198=VERTEX_POINT('',#3915);
#1199=VERTEX_POINT('',#3919);
#1200=VERTEX_POINT('',#3921);
#1201=VERTEX_POINT('',#3925);
#1202=VERTEX_POINT('',#3927);
#1203=VERTEX_POINT('',#3931);
#1204=VERTEX_POINT('',#3933);
#1205=VERTEX_POINT('',#3937);
#1206=VERTEX_POINT('',#3938);
#1207=VERTEX_POINT('',#3940);
#1208=VERTEX_POINT('',#3942);
#1209=VERTEX_POINT('',#3946);
#1210=VERTEX_POINT('',#3948);
#1211=VERTEX_POINT('',#3952);
#1212=VERTEX_POINT('',#3954);
#1213=VERTEX_POINT('',#3958);
#1214=VERTEX_POINT('',#3960);
#1215=VERTEX_POINT('',#3964);
#1216=VERTEX_POINT('',#3966);
#1217=VERTEX_POINT('',#3975);
#1218=VERTEX_POINT('',#3977);
#1219=VERTEX_POINT('',#3981);
#1220=VERTEX_POINT('',#3982);
#1221=VERTEX_POINT('',#3984);
#1222=VERTEX_POINT('',#3986);
#1223=VERTEX_POINT('',#3990);
#1224=VERTEX_POINT('',#3992);
#1225=VERTEX_POINT('',#3996);
#1226=VERTEX_POINT('',#3998);
#1227=VERTEX_POINT('',#4007);
#1228=VERTEX_POINT('',#4008);
#1229=VERTEX_POINT('',#4010);
#1230=VERTEX_POINT('',#4012);
#1231=VERTEX_POINT('',#4016);
#1232=VERTEX_POINT('',#4020);
#1233=VERTEX_POINT('',#4027);
#1234=VERTEX_POINT('',#4028);
#1235=VERTEX_POINT('',#4030);
#1236=VERTEX_POINT('',#4032);
#1237=VERTEX_POINT('',#4036);
#1238=VERTEX_POINT('',#4040);
#1239=VERTEX_POINT('',#4047);
#1240=VERTEX_POINT('',#4049);
#1241=VERTEX_POINT('',#4053);
#1242=VERTEX_POINT('',#4054);
#1243=VERTEX_POINT('',#4056);
#1244=VERTEX_POINT('',#4058);
#1245=VERTEX_POINT('',#4062);
#1246=VERTEX_POINT('',#4064);
#1247=VERTEX_POINT('',#4068);
#1248=VERTEX_POINT('',#4070);
#1249=VERTEX_POINT('',#4079);
#1250=VERTEX_POINT('',#4080);
#1251=VERTEX_POINT('',#4082);
#1252=VERTEX_POINT('',#4084);
#1253=VERTEX_POINT('',#4088);
#1254=VERTEX_POINT('',#4092);
#1255=VERTEX_POINT('',#4099);
#1256=VERTEX_POINT('',#4100);
#1257=VERTEX_POINT('',#4102);
#1258=VERTEX_POINT('',#4104);
#1259=VERTEX_POINT('',#4108);
#1260=VERTEX_POINT('',#4112);
#1261=VERTEX_POINT('',#4119);
#1262=VERTEX_POINT('',#4121);
#1263=VERTEX_POINT('',#4125);
#1264=VERTEX_POINT('',#4126);
#1265=VERTEX_POINT('',#4128);
#1266=VERTEX_POINT('',#4130);
#1267=VERTEX_POINT('',#4134);
#1268=VERTEX_POINT('',#4136);
#1269=VERTEX_POINT('',#4140);
#1270=VERTEX_POINT('',#4142);
#1271=VERTEX_POINT('',#4151);
#1272=VERTEX_POINT('',#4152);
#1273=VERTEX_POINT('',#4154);
#1274=VERTEX_POINT('',#4156);
#1275=VERTEX_POINT('',#4160);
#1276=VERTEX_POINT('',#4164);
#1277=VERTEX_POINT('',#4171);
#1278=VERTEX_POINT('',#4172);
#1279=VERTEX_POINT('',#4174);
#1280=VERTEX_POINT('',#4176);
#1281=VERTEX_POINT('',#4180);
#1282=VERTEX_POINT('',#4184);
#1283=VERTEX_POINT('',#4191);
#1284=VERTEX_POINT('',#4193);
#1285=VERTEX_POINT('',#4197);
#1286=VERTEX_POINT('',#4198);
#1287=VERTEX_POINT('',#4200);
#1288=VERTEX_POINT('',#4202);
#1289=VERTEX_POINT('',#4206);
#1290=VERTEX_POINT('',#4208);
#1291=VERTEX_POINT('',#4212);
#1292=VERTEX_POINT('',#4214);
#1293=VERTEX_POINT('',#4223);
#1294=VERTEX_POINT('',#4224);
#1295=VERTEX_POINT('',#4226);
#1296=VERTEX_POINT('',#4228);
#1297=VERTEX_POINT('',#4232);
#1298=VERTEX_POINT('',#4236);
#1299=VERTEX_POINT('',#4243);
#1300=VERTEX_POINT('',#4244);
#1301=VERTEX_POINT('',#4246);
#1302=VERTEX_POINT('',#4248);
#1303=VERTEX_POINT('',#4252);
#1304=VERTEX_POINT('',#4256);
#1305=VERTEX_POINT('',#4263);
#1306=VERTEX_POINT('',#4265);
#1307=VERTEX_POINT('',#4269);
#1308=VERTEX_POINT('',#4270);
#1309=VERTEX_POINT('',#4272);
#1310=VERTEX_POINT('',#4274);
#1311=VERTEX_POINT('',#4278);
#1312=VERTEX_POINT('',#4280);
#1313=VERTEX_POINT('',#4284);
#1314=VERTEX_POINT('',#4286);
#1315=VERTEX_POINT('',#4295);
#1316=VERTEX_POINT('',#4296);
#1317=VERTEX_POINT('',#4298);
#1318=VERTEX_POINT('',#4300);
#1319=VERTEX_POINT('',#4304);
#1320=VERTEX_POINT('',#4308);
#1321=VERTEX_POINT('',#4315);
#1322=VERTEX_POINT('',#4316);
#1323=VERTEX_POINT('',#4318);
#1324=VERTEX_POINT('',#4320);
#1325=VERTEX_POINT('',#4324);
#1326=VERTEX_POINT('',#4328);
#1327=VERTEX_POINT('',#4335);
#1328=VERTEX_POINT('',#4337);
#1329=VERTEX_POINT('',#4341);
#1330=VERTEX_POINT('',#4342);
#1331=VERTEX_POINT('',#4344);
#1332=VERTEX_POINT('',#4346);
#1333=VERTEX_POINT('',#4350);
#1334=VERTEX_POINT('',#4352);
#1335=VERTEX_POINT('',#4356);
#1336=VERTEX_POINT('',#4358);
#1337=VERTEX_POINT('',#4367);
#1338=VERTEX_POINT('',#4368);
#1339=VERTEX_POINT('',#4370);
#1340=VERTEX_POINT('',#4372);
#1341=VERTEX_POINT('',#4376);
#1342=VERTEX_POINT('',#4380);
#1343=VERTEX_POINT('',#4387);
#1344=VERTEX_POINT('',#4388);
#1345=VERTEX_POINT('',#4390);
#1346=VERTEX_POINT('',#4392);
#1347=VERTEX_POINT('',#4396);
#1348=VERTEX_POINT('',#4400);
#1349=VERTEX_POINT('',#4407);
#1350=VERTEX_POINT('',#4409);
#1351=VERTEX_POINT('',#4413);
#1352=VERTEX_POINT('',#4415);
#1353=VERTEX_POINT('',#4419);
#1354=VERTEX_POINT('',#4421);
#1355=VERTEX_POINT('',#4425);
#1356=VERTEX_POINT('',#4427);
#1357=VERTEX_POINT('',#4431);
#1358=VERTEX_POINT('',#4433);
#1359=VERTEX_POINT('',#4435);
#1360=VERTEX_POINT('',#4439);
#1361=VERTEX_POINT('',#4443);
#1362=VERTEX_POINT('',#4444);
#1363=VERTEX_POINT('',#4446);
#1364=VERTEX_POINT('',#4448);
#1365=VERTEX_POINT('',#4450);
#1366=VERTEX_POINT('',#4452);
#1367=VERTEX_POINT('',#4454);
#1368=VERTEX_POINT('',#4456);
#1369=VERTEX_POINT('',#4458);
#1370=VERTEX_POINT('',#4460);
#1371=VERTEX_POINT('',#4462);
#1372=VERTEX_POINT('',#4464);
#1373=VERTEX_POINT('',#4466);
#1374=VERTEX_POINT('',#4468);
#1375=VERTEX_POINT('',#4470);
#1376=VERTEX_POINT('',#4472);
#1377=VERTEX_POINT('',#4474);
#1378=VERTEX_POINT('',#4476);
#1379=VERTEX_POINT('',#4480);
#1380=VERTEX_POINT('',#4493);
#1381=VERTEX_POINT('',#4510);
#1382=VERTEX_POINT('',#4512);
#1383=VERTEX_POINT('',#4516);
#1384=VERTEX_POINT('',#4520);
#1385=VERTEX_POINT('',#4524);
#1386=VERTEX_POINT('',#4528);
#1387=VERTEX_POINT('',#4532);
#1388=VERTEX_POINT('',#4536);
#1389=VERTEX_POINT('',#4540);
#1390=VERTEX_POINT('',#4544);
#1391=VERTEX_POINT('',#4548);
#1392=VERTEX_POINT('',#4552);
#1393=VERTEX_POINT('',#4556);
#1394=VERTEX_POINT('',#4560);
#1395=VERTEX_POINT('',#4564);
#1396=VERTEX_POINT('',#4568);
#1397=VERTEX_POINT('',#4572);
#1398=VERTEX_POINT('',#4576);
#1399=VERTEX_POINT('',#4583);
#1400=VERTEX_POINT('',#4585);
#1401=VERTEX_POINT('',#4589);
#1402=VERTEX_POINT('',#4591);
#1403=VERTEX_POINT('',#4623);
#1404=VERTEX_POINT('',#4625);
#1405=VERTEX_POINT('',#4627);
#1406=VERTEX_POINT('',#4631);
#1407=VERTEX_POINT('',#4636);
#1408=VERTEX_POINT('',#4638);
#1409=VERTEX_POINT('',#4642);
#1410=VERTEX_POINT('',#4644);
#1411=VERTEX_POINT('',#4676);
#1412=VERTEX_POINT('',#4678);
#1413=VERTEX_POINT('',#4680);
#1414=VERTEX_POINT('',#4684);
#1415=VERTEX_POINT('',#4689);
#1416=VERTEX_POINT('',#4691);
#1417=VERTEX_POINT('',#4695);
#1418=VERTEX_POINT('',#4697);
#1419=VERTEX_POINT('',#4729);
#1420=VERTEX_POINT('',#4731);
#1421=VERTEX_POINT('',#4733);
#1422=VERTEX_POINT('',#4737);
#1423=VERTEX_POINT('',#4742);
#1424=VERTEX_POINT('',#4744);
#1425=VERTEX_POINT('',#4748);
#1426=VERTEX_POINT('',#4750);
#1427=VERTEX_POINT('',#4782);
#1428=VERTEX_POINT('',#4784);
#1429=VERTEX_POINT('',#4786);
#1430=VERTEX_POINT('',#4790);
#1431=EDGE_CURVE('',#1193,#1193,#1059,.T.);
#1432=EDGE_CURVE('',#1193,#1194,#617,.T.);
#1433=EDGE_CURVE('',#1194,#1194,#1060,.T.);
#1434=EDGE_CURVE('',#1195,#1195,#1061,.T.);
#1435=EDGE_CURVE('',#1195,#1196,#618,.T.);
#1436=EDGE_CURVE('',#1196,#1196,#1062,.T.);
#1437=EDGE_CURVE('',#1197,#1197,#1063,.T.);
#1438=EDGE_CURVE('',#1197,#1198,#619,.T.);
#1439=EDGE_CURVE('',#1198,#1198,#1064,.T.);
#1440=EDGE_CURVE('',#1199,#1199,#1065,.T.);
#1441=EDGE_CURVE('',#1199,#1200,#620,.T.);
#1442=EDGE_CURVE('',#1200,#1200,#1066,.T.);
#1443=EDGE_CURVE('',#1201,#1201,#1067,.T.);
#1444=EDGE_CURVE('',#1201,#1202,#621,.T.);
#1445=EDGE_CURVE('',#1202,#1202,#1068,.T.);
#1446=EDGE_CURVE('',#1203,#1203,#1069,.T.);
#1447=EDGE_CURVE('',#1203,#1204,#622,.T.);
#1448=EDGE_CURVE('',#1204,#1204,#1070,.T.);
#1449=EDGE_CURVE('',#1205,#1206,#623,.T.);
#1450=EDGE_CURVE('',#1206,#1207,#624,.T.);
#1451=EDGE_CURVE('',#1208,#1207,#625,.T.);
#1452=EDGE_CURVE('',#1205,#1208,#626,.T.);
#1453=EDGE_CURVE('',#1209,#1205,#1071,.T.);
#1454=EDGE_CURVE('',#1210,#1208,#1072,.T.);
#1455=EDGE_CURVE('',#1209,#1210,#627,.T.);
#1456=EDGE_CURVE('',#1211,#1209,#628,.T.);
#1457=EDGE_CURVE('',#1212,#1210,#629,.T.);
#1458=EDGE_CURVE('',#1211,#1212,#630,.T.);
#1459=EDGE_CURVE('',#1213,#1211,#1073,.T.);
#1460=EDGE_CURVE('',#1214,#1212,#1074,.T.);
#1461=EDGE_CURVE('',#1213,#1214,#631,.T.);
#1462=EDGE_CURVE('',#1215,#1213,#632,.T.);
#1463=EDGE_CURVE('',#1216,#1214,#633,.T.);
#1464=EDGE_CURVE('',#1215,#1216,#634,.T.);
#1465=EDGE_CURVE('',#1206,#1215,#1075,.T.);
#1466=EDGE_CURVE('',#1207,#1216,#1076,.T.);
#1467=EDGE_CURVE('',#1217,#1217,#1077,.T.);
#1468=EDGE_CURVE('',#1217,#1218,#635,.T.);
#1469=EDGE_CURVE('',#1218,#1218,#1078,.T.);
#1470=EDGE_CURVE('',#1219,#1220,#636,.T.);
#1471=EDGE_CURVE('',#1220,#1221,#637,.T.);
#1472=EDGE_CURVE('',#1222,#1221,#638,.T.);
#1473=EDGE_CURVE('',#1219,#1222,#639,.T.);
#1474=EDGE_CURVE('',#1223,#1219,#640,.T.);
#1475=EDGE_CURVE('',#1224,#1222,#641,.T.);
#1476=EDGE_CURVE('',#1223,#1224,#642,.T.);
#1477=EDGE_CURVE('',#1225,#1223,#643,.T.);
#1478=EDGE_CURVE('',#1226,#1224,#644,.T.);
#1479=EDGE_CURVE('',#1225,#1226,#645,.T.);
#1480=EDGE_CURVE('',#1220,#1225,#1079,.T.);
#1481=EDGE_CURVE('',#1221,#1226,#1080,.T.);
#1482=EDGE_CURVE('',#1227,#1228,#1081,.T.);
#1483=EDGE_CURVE('',#1228,#1229,#646,.T.);
#1484=EDGE_CURVE('',#1229,#1230,#1082,.T.);
#1485=EDGE_CURVE('',#1230,#1227,#647,.T.);
#1486=EDGE_CURVE('',#1231,#1229,#648,.T.);
#1487=EDGE_CURVE('',#1231,#1230,#649,.T.);
#1488=EDGE_CURVE('',#1232,#1231,#650,.T.);
#1489=EDGE_CURVE('',#1232,#1227,#651,.T.);
#1490=EDGE_CURVE('',#1232,#1228,#652,.T.);
#1491=EDGE_CURVE('',#1233,#1234,#1083,.T.);
#1492=EDGE_CURVE('',#1235,#1234,#653,.T.);
#1493=EDGE_CURVE('',#1235,#1236,#1084,.T.);
#1494=EDGE_CURVE('',#1236,#1233,#654,.T.);
#1495=EDGE_CURVE('',#1235,#1237,#655,.T.);
#1496=EDGE_CURVE('',#1237,#1236,#656,.T.);
#1497=EDGE_CURVE('',#1238,#1233,#657,.T.);
#1498=EDGE_CURVE('',#1234,#1238,#658,.T.);
#1499=EDGE_CURVE('',#1237,#1238,#659,.T.);
#1500=EDGE_CURVE('',#1239,#1239,#1085,.T.);
#1501=EDGE_CURVE('',#1239,#1240,#660,.T.);
#1502=EDGE_CURVE('',#1240,#1240,#1086,.T.);
#1503=EDGE_CURVE('',#1241,#1242,#661,.T.);
#1504=EDGE_CURVE('',#1242,#1243,#662,.T.);
#1505=EDGE_CURVE('',#1244,#1243,#663,.T.);
#1506=EDGE_CURVE('',#1241,#1244,#664,.T.);
#1507=EDGE_CURVE('',#1245,#1241,#665,.T.);
#1508=EDGE_CURVE('',#1246,#1244,#666,.T.);
#1509=EDGE_CURVE('',#1245,#1246,#667,.T.);
#1510=EDGE_CURVE('',#1247,#1245,#668,.T.);
#1511=EDGE_CURVE('',#1248,#1246,#669,.T.);
#1512=EDGE_CURVE('',#1247,#1248,#670,.T.);
#1513=EDGE_CURVE('',#1242,#1247,#1087,.T.);
#1514=EDGE_CURVE('',#1243,#1248,#1088,.T.);
#1515=EDGE_CURVE('',#1249,#1250,#1089,.T.);
#1516=EDGE_CURVE('',#1250,#1251,#671,.T.);
#1517=EDGE_CURVE('',#1251,#1252,#1090,.T.);
#1518=EDGE_CURVE('',#1252,#1249,#672,.T.);
#1519=EDGE_CURVE('',#1253,#1251,#673,.T.);
#1520=EDGE_CURVE('',#1253,#1252,#674,.T.);
#1521=EDGE_CURVE('',#1254,#1253,#675,.T.);
#1522=EDGE_CURVE('',#1254,#1249,#676,.T.);
#1523=EDGE_CURVE('',#1254,#1250,#677,.T.);
#1524=EDGE_CURVE('',#1255,#1256,#1091,.T.);
#1525=EDGE_CURVE('',#1257,#1256,#678,.T.);
#1526=EDGE_CURVE('',#1257,#1258,#1092,.T.);
#1527=EDGE_CURVE('',#1258,#1255,#679,.T.);
#1528=EDGE_CURVE('',#1257,#1259,#680,.T.);
#1529=EDGE_CURVE('',#1259,#1258,#681,.T.);
#1530=EDGE_CURVE('',#1260,#1255,#682,.T.);
#1531=EDGE_CURVE('',#1256,#1260,#683,.T.);
#1532=EDGE_CURVE('',#1259,#1260,#684,.T.);
#1533=EDGE_CURVE('',#1261,#1261,#1093,.T.);
#1534=EDGE_CURVE('',#1261,#1262,#685,.T.);
#1535=EDGE_CURVE('',#1262,#1262,#1094,.T.);
#1536=EDGE_CURVE('',#1263,#1264,#686,.T.);
#1537=EDGE_CURVE('',#1264,#1265,#687,.T.);
#1538=EDGE_CURVE('',#1266,#1265,#688,.T.);
#1539=EDGE_CURVE('',#1263,#1266,#689,.T.);
#1540=EDGE_CURVE('',#1267,#1263,#690,.T.);
#1541=EDGE_CURVE('',#1268,#1266,#691,.T.);
#1542=EDGE_CURVE('',#1267,#1268,#692,.T.);
#1543=EDGE_CURVE('',#1269,#1267,#693,.T.);
#1544=EDGE_CURVE('',#1270,#1268,#694,.T.);
#1545=EDGE_CURVE('',#1269,#1270,#695,.T.);
#1546=EDGE_CURVE('',#1264,#1269,#1095,.T.);
#1547=EDGE_CURVE('',#1265,#1270,#1096,.T.);
#1548=EDGE_CURVE('',#1271,#1272,#1097,.T.);
#1549=EDGE_CURVE('',#1272,#1273,#696,.T.);
#1550=EDGE_CURVE('',#1273,#1274,#1098,.T.);
#1551=EDGE_CURVE('',#1274,#1271,#697,.T.);
#1552=EDGE_CURVE('',#1275,#1273,#698,.T.);
#1553=EDGE_CURVE('',#1275,#1274,#699,.T.);
#1554=EDGE_CURVE('',#1276,#1275,#700,.T.);
#1555=EDGE_CURVE('',#1276,#1271,#701,.T.);
#1556=EDGE_CURVE('',#1276,#1272,#702,.T.);
#1557=EDGE_CURVE('',#1277,#1278,#1099,.T.);
#1558=EDGE_CURVE('',#1279,#1278,#703,.T.);
#1559=EDGE_CURVE('',#1279,#1280,#1100,.T.);
#1560=EDGE_CURVE('',#1280,#1277,#704,.T.);
#1561=EDGE_CURVE('',#1279,#1281,#705,.T.);
#1562=EDGE_CURVE('',#1281,#1280,#706,.T.);
#1563=EDGE_CURVE('',#1282,#1277,#707,.T.);
#1564=EDGE_CURVE('',#1278,#1282,#708,.T.);
#1565=EDGE_CURVE('',#1281,#1282,#709,.T.);
#1566=EDGE_CURVE('',#1283,#1283,#1101,.T.);
#1567=EDGE_CURVE('',#1283,#1284,#710,.T.);
#1568=EDGE_CURVE('',#1284,#1284,#1102,.T.);
#1569=EDGE_CURVE('',#1285,#1286,#711,.T.);
#1570=EDGE_CURVE('',#1286,#1287,#712,.T.);
#1571=EDGE_CURVE('',#1288,#1287,#713,.T.);
#1572=EDGE_CURVE('',#1285,#1288,#714,.T.);
#1573=EDGE_CURVE('',#1289,#1285,#715,.T.);
#1574=EDGE_CURVE('',#1290,#1288,#716,.T.);
#1575=EDGE_CURVE('',#1289,#1290,#717,.T.);
#1576=EDGE_CURVE('',#1291,#1289,#718,.T.);
#1577=EDGE_CURVE('',#1292,#1290,#719,.T.);
#1578=EDGE_CURVE('',#1291,#1292,#720,.T.);
#1579=EDGE_CURVE('',#1286,#1291,#1103,.T.);
#1580=EDGE_CURVE('',#1287,#1292,#1104,.T.);
#1581=EDGE_CURVE('',#1293,#1294,#1105,.T.);
#1582=EDGE_CURVE('',#1294,#1295,#721,.T.);
#1583=EDGE_CURVE('',#1295,#1296,#1106,.T.);
#1584=EDGE_CURVE('',#1296,#1293,#722,.T.);
#1585=EDGE_CURVE('',#1297,#1295,#723,.T.);
#1586=EDGE_CURVE('',#1297,#1296,#724,.T.);
#1587=EDGE_CURVE('',#1298,#1297,#725,.T.);
#1588=EDGE_CURVE('',#1298,#1293,#726,.T.);
#1589=EDGE_CURVE('',#1298,#1294,#727,.T.);
#1590=EDGE_CURVE('',#1299,#1300,#1107,.T.);
#1591=EDGE_CURVE('',#1301,#1300,#728,.T.);
#1592=EDGE_CURVE('',#1301,#1302,#1108,.T.);
#1593=EDGE_CURVE('',#1302,#1299,#729,.T.);
#1594=EDGE_CURVE('',#1301,#1303,#730,.T.);
#1595=EDGE_CURVE('',#1303,#1302,#731,.T.);
#1596=EDGE_CURVE('',#1304,#1299,#732,.T.);
#1597=EDGE_CURVE('',#1300,#1304,#733,.T.);
#1598=EDGE_CURVE('',#1303,#1304,#734,.T.);
#1599=EDGE_CURVE('',#1305,#1305,#1109,.T.);
#1600=EDGE_CURVE('',#1305,#1306,#735,.T.);
#1601=EDGE_CURVE('',#1306,#1306,#1110,.T.);
#1602=EDGE_CURVE('',#1307,#1308,#736,.T.);
#1603=EDGE_CURVE('',#1308,#1309,#737,.T.);
#1604=EDGE_CURVE('',#1310,#1309,#738,.T.);
#1605=EDGE_CURVE('',#1307,#1310,#739,.T.);
#1606=EDGE_CURVE('',#1311,#1307,#740,.T.);
#1607=EDGE_CURVE('',#1312,#1310,#741,.T.);
#1608=EDGE_CURVE('',#1311,#1312,#742,.T.);
#1609=EDGE_CURVE('',#1313,#1311,#743,.T.);
#1610=EDGE_CURVE('',#1314,#1312,#744,.T.);
#1611=EDGE_CURVE('',#1313,#1314,#745,.T.);
#1612=EDGE_CURVE('',#1308,#1313,#1111,.T.);
#1613=EDGE_CURVE('',#1309,#1314,#1112,.T.);
#1614=EDGE_CURVE('',#1315,#1316,#1113,.T.);
#1615=EDGE_CURVE('',#1316,#1317,#746,.T.);
#1616=EDGE_CURVE('',#1317,#1318,#1114,.T.);
#1617=EDGE_CURVE('',#1318,#1315,#747,.T.);
#1618=EDGE_CURVE('',#1319,#1317,#748,.T.);
#1619=EDGE_CURVE('',#1319,#1318,#749,.T.);
#1620=EDGE_CURVE('',#1320,#1319,#750,.T.);
#1621=EDGE_CURVE('',#1320,#1315,#751,.T.);
#1622=EDGE_CURVE('',#1320,#1316,#752,.T.);
#1623=EDGE_CURVE('',#1321,#1322,#1115,.T.);
#1624=EDGE_CURVE('',#1323,#1322,#753,.T.);
#1625=EDGE_CURVE('',#1323,#1324,#1116,.T.);
#1626=EDGE_CURVE('',#1324,#1321,#754,.T.);
#1627=EDGE_CURVE('',#1323,#1325,#755,.T.);
#1628=EDGE_CURVE('',#1325,#1324,#756,.T.);
#1629=EDGE_CURVE('',#1326,#1321,#757,.T.);
#1630=EDGE_CURVE('',#1322,#1326,#758,.T.);
#1631=EDGE_CURVE('',#1325,#1326,#759,.T.);
#1632=EDGE_CURVE('',#1327,#1327,#1117,.T.);
#1633=EDGE_CURVE('',#1327,#1328,#760,.T.);
#1634=EDGE_CURVE('',#1328,#1328,#1118,.T.);
#1635=EDGE_CURVE('',#1329,#1330,#761,.T.);
#1636=EDGE_CURVE('',#1330,#1331,#762,.T.);
#1637=EDGE_CURVE('',#1332,#1331,#763,.T.);
#1638=EDGE_CURVE('',#1329,#1332,#764,.T.);
#1639=EDGE_CURVE('',#1333,#1329,#765,.T.);
#1640=EDGE_CURVE('',#1334,#1332,#766,.T.);
#1641=EDGE_CURVE('',#1333,#1334,#767,.T.);
#1642=EDGE_CURVE('',#1335,#1333,#768,.T.);
#1643=EDGE_CURVE('',#1336,#1334,#769,.T.);
#1644=EDGE_CURVE('',#1335,#1336,#770,.T.);
#1645=EDGE_CURVE('',#1330,#1335,#1119,.T.);
#1646=EDGE_CURVE('',#1331,#1336,#1120,.T.);
#1647=EDGE_CURVE('',#1337,#1338,#1121,.T.);
#1648=EDGE_CURVE('',#1338,#1339,#771,.T.);
#1649=EDGE_CURVE('',#1339,#1340,#1122,.T.);
#1650=EDGE_CURVE('',#1340,#1337,#772,.T.);
#1651=EDGE_CURVE('',#1341,#1339,#773,.T.);
#1652=EDGE_CURVE('',#1341,#1340,#774,.T.);
#1653=EDGE_CURVE('',#1342,#1341,#775,.T.);
#1654=EDGE_CURVE('',#1342,#1337,#776,.T.);
#1655=EDGE_CURVE('',#1342,#1338,#777,.T.);
#1656=EDGE_CURVE('',#1343,#1344,#1123,.T.);
#1657=EDGE_CURVE('',#1345,#1344,#778,.T.);
#1658=EDGE_CURVE('',#1345,#1346,#1124,.T.);
#1659=EDGE_CURVE('',#1346,#1343,#779,.T.);
#1660=EDGE_CURVE('',#1345,#1347,#780,.T.);
#1661=EDGE_CURVE('',#1347,#1346,#781,.T.);
#1662=EDGE_CURVE('',#1348,#1343,#782,.T.);
#1663=EDGE_CURVE('',#1344,#1348,#783,.T.);
#1664=EDGE_CURVE('',#1347,#1348,#784,.T.);
#1665=EDGE_CURVE('',#1349,#1349,#1125,.T.);
#1666=EDGE_CURVE('',#1349,#1350,#785,.T.);
#1667=EDGE_CURVE('',#1350,#1350,#1126,.T.);
#1668=EDGE_CURVE('',#1351,#1351,#1127,.T.);
#1669=EDGE_CURVE('',#1351,#1352,#786,.T.);
#1670=EDGE_CURVE('',#1352,#1352,#1128,.T.);
#1671=EDGE_CURVE('',#1353,#1353,#1129,.T.);
#1672=EDGE_CURVE('',#1353,#1354,#787,.T.);
#1673=EDGE_CURVE('',#1354,#1354,#1130,.T.);
#1674=EDGE_CURVE('',#1355,#1355,#1131,.T.);
#1675=EDGE_CURVE('',#1355,#1356,#788,.T.);
#1676=EDGE_CURVE('',#1356,#1356,#1132,.T.);
#1677=EDGE_CURVE('',#1357,#1357,#1133,.T.);
#1678=EDGE_CURVE('',#1357,#1358,#1134,.T.);
#1679=EDGE_CURVE('',#1358,#1359,#1135,.T.);
#1680=EDGE_CURVE('',#1359,#1358,#1136,.T.);
#1681=EDGE_CURVE('',#1359,#1360,#789,.T.);
#1682=EDGE_CURVE('',#1360,#1360,#1137,.T.);
#1683=EDGE_CURVE('',#1361,#1362,#1138,.T.);
#1684=EDGE_CURVE('',#1362,#1363,#790,.T.);
#1685=EDGE_CURVE('',#1363,#1364,#1139,.T.);
#1686=EDGE_CURVE('',#1364,#1365,#791,.T.);
#1687=EDGE_CURVE('',#1365,#1366,#1140,.T.);
#1688=EDGE_CURVE('',#1366,#1367,#792,.T.);
#1689=EDGE_CURVE('',#1367,#1368,#1141,.T.);
#1690=EDGE_CURVE('',#1368,#1369,#793,.T.);
#1691=EDGE_CURVE('',#1369,#1370,#794,.T.);
#1692=EDGE_CURVE('',#1370,#1371,#795,.T.);
#1693=EDGE_CURVE('',#1371,#1372,#1142,.T.);
#1694=EDGE_CURVE('',#1372,#1373,#796,.T.);
#1695=EDGE_CURVE('',#1373,#1374,#1143,.T.);
#1696=EDGE_CURVE('',#1374,#1375,#797,.T.);
#1697=EDGE_CURVE('',#1375,#1376,#1144,.T.);
#1698=EDGE_CURVE('',#1376,#1377,#798,.T.);
#1699=EDGE_CURVE('',#1377,#1378,#1145,.T.);
#1700=EDGE_CURVE('',#1361,#1378,#1146,.T.);
#1701=EDGE_CURVE('',#1378,#1379,#17,.F.);
#1702=EDGE_CURVE('',#1379,#1380,#1147,.T.);
#1703=EDGE_CURVE('',#1380,#1361,#18,.F.);
#1704=EDGE_CURVE('',#1381,#1379,#799,.T.);
#1705=EDGE_CURVE('',#1381,#1382,#1148,.T.);
#1706=EDGE_CURVE('',#1382,#1380,#800,.T.);
#1707=EDGE_CURVE('',#1381,#1383,#1149,.T.);
#1708=EDGE_CURVE('',#1383,#1377,#801,.T.);
#1709=EDGE_CURVE('',#1384,#1383,#802,.T.);
#1710=EDGE_CURVE('',#1384,#1376,#803,.T.);
#1711=EDGE_CURVE('',#1385,#1384,#1150,.T.);
#1712=EDGE_CURVE('',#1385,#1375,#804,.T.);
#1713=EDGE_CURVE('',#1385,#1386,#805,.T.);
#1714=EDGE_CURVE('',#1386,#1374,#806,.T.);
#1715=EDGE_CURVE('',#1387,#1386,#1151,.T.);
#1716=EDGE_CURVE('',#1387,#1373,#807,.T.);
#1717=EDGE_CURVE('',#1387,#1388,#808,.T.);
#1718=EDGE_CURVE('',#1388,#1372,#809,.T.);
#1719=EDGE_CURVE('',#1389,#1388,#1152,.T.);
#1720=EDGE_CURVE('',#1389,#1371,#810,.T.);
#1721=EDGE_CURVE('',#1389,#1390,#811,.T.);
#1722=EDGE_CURVE('',#1390,#1370,#812,.T.);
#1723=EDGE_CURVE('',#1390,#1391,#813,.T.);
#1724=EDGE_CURVE('',#1391,#1369,#814,.T.);
#1725=EDGE_CURVE('',#1391,#1392,#815,.T.);
#1726=EDGE_CURVE('',#1392,#1368,#816,.T.);
#1727=EDGE_CURVE('',#1393,#1392,#1153,.T.);
#1728=EDGE_CURVE('',#1393,#1367,#817,.T.);
#1729=EDGE_CURVE('',#1393,#1394,#818,.T.);
#1730=EDGE_CURVE('',#1394,#1366,#819,.T.);
#1731=EDGE_CURVE('',#1395,#1394,#1154,.T.);
#1732=EDGE_CURVE('',#1395,#1365,#820,.T.);
#1733=EDGE_CURVE('',#1395,#1396,#821,.T.);
#1734=EDGE_CURVE('',#1396,#1364,#822,.T.);
#1735=EDGE_CURVE('',#1397,#1396,#1155,.T.);
#1736=EDGE_CURVE('',#1397,#1363,#823,.T.);
#1737=EDGE_CURVE('',#1397,#1398,#824,.T.);
#1738=EDGE_CURVE('',#1398,#1362,#825,.T.);
#1739=EDGE_CURVE('',#1398,#1382,#1156,.T.);
#1740=EDGE_CURVE('',#1399,#1399,#1157,.T.);
#1741=EDGE_CURVE('',#1399,#1400,#826,.T.);
#1742=EDGE_CURVE('',#1400,#1400,#1158,.T.);
#1743=EDGE_CURVE('',#1401,#1401,#1159,.T.);
#1744=EDGE_CURVE('',#1401,#1402,#827,.T.);
#1745=EDGE_CURVE('',#1402,#1402,#1160,.T.);
#1746=EDGE_CURVE('',#1403,#1403,#1161,.T.);
#1747=EDGE_CURVE('',#1403,#1404,#1162,.T.);
#1748=EDGE_CURVE('',#1404,#1405,#1163,.T.);
#1749=EDGE_CURVE('',#1405,#1404,#1164,.T.);
#1750=EDGE_CURVE('',#1405,#1406,#828,.T.);
#1751=EDGE_CURVE('',#1406,#1406,#1165,.T.);
#1752=EDGE_CURVE('',#1407,#1407,#1166,.T.);
#1753=EDGE_CURVE('',#1407,#1408,#829,.T.);
#1754=EDGE_CURVE('',#1408,#1408,#1167,.T.);
#1755=EDGE_CURVE('',#1409,#1409,#1168,.T.);
#1756=EDGE_CURVE('',#1409,#1410,#830,.T.);
#1757=EDGE_CURVE('',#1410,#1410,#1169,.T.);
#1758=EDGE_CURVE('',#1411,#1411,#1170,.T.);
#1759=EDGE_CURVE('',#1411,#1412,#1171,.T.);
#1760=EDGE_CURVE('',#1412,#1413,#1172,.T.);
#1761=EDGE_CURVE('',#1413,#1412,#1173,.T.);
#1762=EDGE_CURVE('',#1413,#1414,#831,.T.);
#1763=EDGE_CURVE('',#1414,#1414,#1174,.T.);
#1764=EDGE_CURVE('',#1415,#1415,#1175,.T.);
#1765=EDGE_CURVE('',#1415,#1416,#832,.T.);
#1766=EDGE_CURVE('',#1416,#1416,#1176,.T.);
#1767=EDGE_CURVE('',#1417,#1417,#1177,.T.);
#1768=EDGE_CURVE('',#1417,#1418,#833,.T.);
#1769=EDGE_CURVE('',#1418,#1418,#1178,.T.);
#1770=EDGE_CURVE('',#1419,#1419,#1179,.T.);
#1771=EDGE_CURVE('',#1419,#1420,#1180,.T.);
#1772=EDGE_CURVE('',#1420,#1421,#1181,.T.);
#1773=EDGE_CURVE('',#1421,#1420,#1182,.T.);
#1774=EDGE_CURVE('',#1421,#1422,#834,.T.);
#1775=EDGE_CURVE('',#1422,#1422,#1183,.T.);
#1776=EDGE_CURVE('',#1423,#1423,#1184,.T.);
#1777=EDGE_CURVE('',#1423,#1424,#835,.T.);
#1778=EDGE_CURVE('',#1424,#1424,#1185,.T.);
#1779=EDGE_CURVE('',#1425,#1425,#1186,.T.);
#1780=EDGE_CURVE('',#1425,#1426,#836,.T.);
#1781=EDGE_CURVE('',#1426,#1426,#1187,.T.);
#1782=EDGE_CURVE('',#1427,#1427,#1188,.T.);
#1783=EDGE_CURVE('',#1427,#1428,#1189,.T.);
#1784=EDGE_CURVE('',#1428,#1429,#1190,.T.);
#1785=EDGE_CURVE('',#1429,#1428,#1191,.T.);
#1786=EDGE_CURVE('',#1429,#1430,#837,.T.);
#1787=EDGE_CURVE('',#1430,#1430,#1192,.T.);
#1788=ORIENTED_EDGE('',*,*,#1431,.F.);
#1789=ORIENTED_EDGE('',*,*,#1432,.T.);
#1790=ORIENTED_EDGE('',*,*,#1433,.F.);
#1791=ORIENTED_EDGE('',*,*,#1432,.F.);
#1792=ORIENTED_EDGE('',*,*,#1434,.F.);
#1793=ORIENTED_EDGE('',*,*,#1435,.T.);
#1794=ORIENTED_EDGE('',*,*,#1436,.F.);
#1795=ORIENTED_EDGE('',*,*,#1435,.F.);
#1796=ORIENTED_EDGE('',*,*,#1437,.F.);
#1797=ORIENTED_EDGE('',*,*,#1438,.T.);
#1798=ORIENTED_EDGE('',*,*,#1439,.F.);
#1799=ORIENTED_EDGE('',*,*,#1438,.F.);
#1800=ORIENTED_EDGE('',*,*,#1440,.F.);
#1801=ORIENTED_EDGE('',*,*,#1441,.T.);
#1802=ORIENTED_EDGE('',*,*,#1442,.F.);
#1803=ORIENTED_EDGE('',*,*,#1441,.F.);
#1804=ORIENTED_EDGE('',*,*,#1443,.F.);
#1805=ORIENTED_EDGE('',*,*,#1444,.T.);
#1806=ORIENTED_EDGE('',*,*,#1445,.F.);
#1807=ORIENTED_EDGE('',*,*,#1444,.F.);
#1808=ORIENTED_EDGE('',*,*,#1446,.F.);
#1809=ORIENTED_EDGE('',*,*,#1447,.T.);
#1810=ORIENTED_EDGE('',*,*,#1448,.F.);
#1811=ORIENTED_EDGE('',*,*,#1447,.F.);
#1812=ORIENTED_EDGE('',*,*,#1449,.T.);
#1813=ORIENTED_EDGE('',*,*,#1450,.T.);
#1814=ORIENTED_EDGE('',*,*,#1451,.F.);
#1815=ORIENTED_EDGE('',*,*,#1452,.F.);
#1816=ORIENTED_EDGE('',*,*,#1453,.T.);
#1817=ORIENTED_EDGE('',*,*,#1452,.T.);
#1818=ORIENTED_EDGE('',*,*,#1454,.F.);
#1819=ORIENTED_EDGE('',*,*,#1455,.F.);
#1820=ORIENTED_EDGE('',*,*,#1456,.T.);
#1821=ORIENTED_EDGE('',*,*,#1455,.T.);
#1822=ORIENTED_EDGE('',*,*,#1457,.F.);
#1823=ORIENTED_EDGE('',*,*,#1458,.F.);
#1824=ORIENTED_EDGE('',*,*,#1459,.T.);
#1825=ORIENTED_EDGE('',*,*,#1458,.T.);
#1826=ORIENTED_EDGE('',*,*,#1460,.F.);
#1827=ORIENTED_EDGE('',*,*,#1461,.F.);
#1828=ORIENTED_EDGE('',*,*,#1462,.T.);
#1829=ORIENTED_EDGE('',*,*,#1461,.T.);
#1830=ORIENTED_EDGE('',*,*,#1463,.F.);
#1831=ORIENTED_EDGE('',*,*,#1464,.F.);
#1832=ORIENTED_EDGE('',*,*,#1465,.T.);
#1833=ORIENTED_EDGE('',*,*,#1464,.T.);
#1834=ORIENTED_EDGE('',*,*,#1466,.F.);
#1835=ORIENTED_EDGE('',*,*,#1450,.F.);
#1836=ORIENTED_EDGE('',*,*,#1466,.T.);
#1837=ORIENTED_EDGE('',*,*,#1463,.T.);
#1838=ORIENTED_EDGE('',*,*,#1460,.T.);
#1839=ORIENTED_EDGE('',*,*,#1457,.T.);
#1840=ORIENTED_EDGE('',*,*,#1454,.T.);
#1841=ORIENTED_EDGE('',*,*,#1451,.T.);
#1842=ORIENTED_EDGE('',*,*,#1431,.T.);
#1843=ORIENTED_EDGE('',*,*,#1434,.T.);
#1844=ORIENTED_EDGE('',*,*,#1437,.T.);
#1845=ORIENTED_EDGE('',*,*,#1440,.T.);
#1846=ORIENTED_EDGE('',*,*,#1443,.T.);
#1847=ORIENTED_EDGE('',*,*,#1446,.T.);
#1848=ORIENTED_EDGE('',*,*,#1465,.F.);
#1849=ORIENTED_EDGE('',*,*,#1449,.F.);
#1850=ORIENTED_EDGE('',*,*,#1453,.F.);
#1851=ORIENTED_EDGE('',*,*,#1456,.F.);
#1852=ORIENTED_EDGE('',*,*,#1459,.F.);
#1853=ORIENTED_EDGE('',*,*,#1462,.F.);
#1854=ORIENTED_EDGE('',*,*,#1433,.T.);
#1855=ORIENTED_EDGE('',*,*,#1436,.T.);
#1856=ORIENTED_EDGE('',*,*,#1439,.T.);
#1857=ORIENTED_EDGE('',*,*,#1442,.T.);
#1858=ORIENTED_EDGE('',*,*,#1445,.T.);
#1859=ORIENTED_EDGE('',*,*,#1448,.T.);
#1860=ORIENTED_EDGE('',*,*,#1467,.F.);
#1861=ORIENTED_EDGE('',*,*,#1468,.T.);
#1862=ORIENTED_EDGE('',*,*,#1469,.F.);
#1863=ORIENTED_EDGE('',*,*,#1468,.F.);
#1864=ORIENTED_EDGE('',*,*,#1470,.T.);
#1865=ORIENTED_EDGE('',*,*,#1471,.T.);
#1866=ORIENTED_EDGE('',*,*,#1472,.F.);
#1867=ORIENTED_EDGE('',*,*,#1473,.F.);
#1868=ORIENTED_EDGE('',*,*,#1474,.T.);
#1869=ORIENTED_EDGE('',*,*,#1473,.T.);
#1870=ORIENTED_EDGE('',*,*,#1475,.F.);
#1871=ORIENTED_EDGE('',*,*,#1476,.F.);
#1872=ORIENTED_EDGE('',*,*,#1477,.T.);
#1873=ORIENTED_EDGE('',*,*,#1476,.T.);
#1874=ORIENTED_EDGE('',*,*,#1478,.F.);
#1875=ORIENTED_EDGE('',*,*,#1479,.F.);
#1876=ORIENTED_EDGE('',*,*,#1480,.T.);
#1877=ORIENTED_EDGE('',*,*,#1479,.T.);
#1878=ORIENTED_EDGE('',*,*,#1481,.F.);
#1879=ORIENTED_EDGE('',*,*,#1471,.F.);
#1880=ORIENTED_EDGE('',*,*,#1481,.T.);
#1881=ORIENTED_EDGE('',*,*,#1478,.T.);
#1882=ORIENTED_EDGE('',*,*,#1475,.T.);
#1883=ORIENTED_EDGE('',*,*,#1472,.T.);
#1884=ORIENTED_EDGE('',*,*,#1469,.T.);
#1885=ORIENTED_EDGE('',*,*,#1480,.F.);
#1886=ORIENTED_EDGE('',*,*,#1470,.F.);
#1887=ORIENTED_EDGE('',*,*,#1474,.F.);
#1888=ORIENTED_EDGE('',*,*,#1477,.F.);
#1889=ORIENTED_EDGE('',*,*,#1467,.T.);
#1890=ORIENTED_EDGE('',*,*,#1482,.T.);
#1891=ORIENTED_EDGE('',*,*,#1483,.T.);
#1892=ORIENTED_EDGE('',*,*,#1484,.T.);
#1893=ORIENTED_EDGE('',*,*,#1485,.T.);
#1894=ORIENTED_EDGE('',*,*,#1484,.F.);
#1895=ORIENTED_EDGE('',*,*,#1486,.F.);
#1896=ORIENTED_EDGE('',*,*,#1487,.T.);
#1897=ORIENTED_EDGE('',*,*,#1488,.F.);
#1898=ORIENTED_EDGE('',*,*,#1489,.T.);
#1899=ORIENTED_EDGE('',*,*,#1485,.F.);
#1900=ORIENTED_EDGE('',*,*,#1487,.F.);
#1901=ORIENTED_EDGE('',*,*,#1482,.F.);
#1902=ORIENTED_EDGE('',*,*,#1489,.F.);
#1903=ORIENTED_EDGE('',*,*,#1490,.T.);
#1904=ORIENTED_EDGE('',*,*,#1490,.F.);
#1905=ORIENTED_EDGE('',*,*,#1488,.T.);
#1906=ORIENTED_EDGE('',*,*,#1486,.T.);
#1907=ORIENTED_EDGE('',*,*,#1483,.F.);
#1908=ORIENTED_EDGE('',*,*,#1491,.T.);
#1909=ORIENTED_EDGE('',*,*,#1492,.F.);
#1910=ORIENTED_EDGE('',*,*,#1493,.T.);
#1911=ORIENTED_EDGE('',*,*,#1494,.T.);
#1912=ORIENTED_EDGE('',*,*,#1493,.F.);
#1913=ORIENTED_EDGE('',*,*,#1495,.T.);
#1914=ORIENTED_EDGE('',*,*,#1496,.T.);
#1915=ORIENTED_EDGE('',*,*,#1491,.F.);
#1916=ORIENTED_EDGE('',*,*,#1497,.F.);
#1917=ORIENTED_EDGE('',*,*,#1498,.F.);
#1918=ORIENTED_EDGE('',*,*,#1499,.T.);
#1919=ORIENTED_EDGE('',*,*,#1497,.T.);
#1920=ORIENTED_EDGE('',*,*,#1494,.F.);
#1921=ORIENTED_EDGE('',*,*,#1496,.F.);
#1922=ORIENTED_EDGE('',*,*,#1495,.F.);
#1923=ORIENTED_EDGE('',*,*,#1492,.T.);
#1924=ORIENTED_EDGE('',*,*,#1498,.T.);
#1925=ORIENTED_EDGE('',*,*,#1499,.F.);
#1926=ORIENTED_EDGE('',*,*,#1500,.F.);
#1927=ORIENTED_EDGE('',*,*,#1501,.T.);
#1928=ORIENTED_EDGE('',*,*,#1502,.F.);
#1929=ORIENTED_EDGE('',*,*,#1501,.F.);
#1930=ORIENTED_EDGE('',*,*,#1503,.T.);
#1931=ORIENTED_EDGE('',*,*,#1504,.T.);
#1932=ORIENTED_EDGE('',*,*,#1505,.F.);
#1933=ORIENTED_EDGE('',*,*,#1506,.F.);
#1934=ORIENTED_EDGE('',*,*,#1507,.T.);
#1935=ORIENTED_EDGE('',*,*,#1506,.T.);
#1936=ORIENTED_EDGE('',*,*,#1508,.F.);
#1937=ORIENTED_EDGE('',*,*,#1509,.F.);
#1938=ORIENTED_EDGE('',*,*,#1510,.T.);
#1939=ORIENTED_EDGE('',*,*,#1509,.T.);
#1940=ORIENTED_EDGE('',*,*,#1511,.F.);
#1941=ORIENTED_EDGE('',*,*,#1512,.F.);
#1942=ORIENTED_EDGE('',*,*,#1513,.T.);
#1943=ORIENTED_EDGE('',*,*,#1512,.T.);
#1944=ORIENTED_EDGE('',*,*,#1514,.F.);
#1945=ORIENTED_EDGE('',*,*,#1504,.F.);
#1946=ORIENTED_EDGE('',*,*,#1514,.T.);
#1947=ORIENTED_EDGE('',*,*,#1511,.T.);
#1948=ORIENTED_EDGE('',*,*,#1508,.T.);
#1949=ORIENTED_EDGE('',*,*,#1505,.T.);
#1950=ORIENTED_EDGE('',*,*,#1502,.T.);
#1951=ORIENTED_EDGE('',*,*,#1513,.F.);
#1952=ORIENTED_EDGE('',*,*,#1503,.F.);
#1953=ORIENTED_EDGE('',*,*,#1507,.F.);
#1954=ORIENTED_EDGE('',*,*,#1510,.F.);
#1955=ORIENTED_EDGE('',*,*,#1500,.T.);
#1956=ORIENTED_EDGE('',*,*,#1515,.T.);
#1957=ORIENTED_EDGE('',*,*,#1516,.T.);
#1958=ORIENTED_EDGE('',*,*,#1517,.T.);
#1959=ORIENTED_EDGE('',*,*,#1518,.T.);
#1960=ORIENTED_EDGE('',*,*,#1517,.F.);
#1961=ORIENTED_EDGE('',*,*,#1519,.F.);
#1962=ORIENTED_EDGE('',*,*,#1520,.T.);
#1963=ORIENTED_EDGE('',*,*,#1521,.F.);
#1964=ORIENTED_EDGE('',*,*,#1522,.T.);
#1965=ORIENTED_EDGE('',*,*,#1518,.F.);
#1966=ORIENTED_EDGE('',*,*,#1520,.F.);
#1967=ORIENTED_EDGE('',*,*,#1515,.F.);
#1968=ORIENTED_EDGE('',*,*,#1522,.F.);
#1969=ORIENTED_EDGE('',*,*,#1523,.T.);
#1970=ORIENTED_EDGE('',*,*,#1523,.F.);
#1971=ORIENTED_EDGE('',*,*,#1521,.T.);
#1972=ORIENTED_EDGE('',*,*,#1519,.T.);
#1973=ORIENTED_EDGE('',*,*,#1516,.F.);
#1974=ORIENTED_EDGE('',*,*,#1524,.T.);
#1975=ORIENTED_EDGE('',*,*,#1525,.F.);
#1976=ORIENTED_EDGE('',*,*,#1526,.T.);
#1977=ORIENTED_EDGE('',*,*,#1527,.T.);
#1978=ORIENTED_EDGE('',*,*,#1526,.F.);
#1979=ORIENTED_EDGE('',*,*,#1528,.T.);
#1980=ORIENTED_EDGE('',*,*,#1529,.T.);
#1981=ORIENTED_EDGE('',*,*,#1524,.F.);
#1982=ORIENTED_EDGE('',*,*,#1530,.F.);
#1983=ORIENTED_EDGE('',*,*,#1531,.F.);
#1984=ORIENTED_EDGE('',*,*,#1532,.T.);
#1985=ORIENTED_EDGE('',*,*,#1530,.T.);
#1986=ORIENTED_EDGE('',*,*,#1527,.F.);
#1987=ORIENTED_EDGE('',*,*,#1529,.F.);
#1988=ORIENTED_EDGE('',*,*,#1528,.F.);
#1989=ORIENTED_EDGE('',*,*,#1525,.T.);
#1990=ORIENTED_EDGE('',*,*,#1531,.T.);
#1991=ORIENTED_EDGE('',*,*,#1532,.F.);
#1992=ORIENTED_EDGE('',*,*,#1533,.F.);
#1993=ORIENTED_EDGE('',*,*,#1534,.T.);
#1994=ORIENTED_EDGE('',*,*,#1535,.F.);
#1995=ORIENTED_EDGE('',*,*,#1534,.F.);
#1996=ORIENTED_EDGE('',*,*,#1536,.T.);
#1997=ORIENTED_EDGE('',*,*,#1537,.T.);
#1998=ORIENTED_EDGE('',*,*,#1538,.F.);
#1999=ORIENTED_EDGE('',*,*,#1539,.F.);
#2000=ORIENTED_EDGE('',*,*,#1540,.T.);
#2001=ORIENTED_EDGE('',*,*,#1539,.T.);
#2002=ORIENTED_EDGE('',*,*,#1541,.F.);
#2003=ORIENTED_EDGE('',*,*,#1542,.F.);
#2004=ORIENTED_EDGE('',*,*,#1543,.T.);
#2005=ORIENTED_EDGE('',*,*,#1542,.T.);
#2006=ORIENTED_EDGE('',*,*,#1544,.F.);
#2007=ORIENTED_EDGE('',*,*,#1545,.F.);
#2008=ORIENTED_EDGE('',*,*,#1546,.T.);
#2009=ORIENTED_EDGE('',*,*,#1545,.T.);
#2010=ORIENTED_EDGE('',*,*,#1547,.F.);
#2011=ORIENTED_EDGE('',*,*,#1537,.F.);
#2012=ORIENTED_EDGE('',*,*,#1547,.T.);
#2013=ORIENTED_EDGE('',*,*,#1544,.T.);
#2014=ORIENTED_EDGE('',*,*,#1541,.T.);
#2015=ORIENTED_EDGE('',*,*,#1538,.T.);
#2016=ORIENTED_EDGE('',*,*,#1535,.T.);
#2017=ORIENTED_EDGE('',*,*,#1546,.F.);
#2018=ORIENTED_EDGE('',*,*,#1536,.F.);
#2019=ORIENTED_EDGE('',*,*,#1540,.F.);
#2020=ORIENTED_EDGE('',*,*,#1543,.F.);
#2021=ORIENTED_EDGE('',*,*,#1533,.T.);
#2022=ORIENTED_EDGE('',*,*,#1548,.T.);
#2023=ORIENTED_EDGE('',*,*,#1549,.T.);
#2024=ORIENTED_EDGE('',*,*,#1550,.T.);
#2025=ORIENTED_EDGE('',*,*,#1551,.T.);
#2026=ORIENTED_EDGE('',*,*,#1550,.F.);
#2027=ORIENTED_EDGE('',*,*,#1552,.F.);
#2028=ORIENTED_EDGE('',*,*,#1553,.T.);
#2029=ORIENTED_EDGE('',*,*,#1554,.F.);
#2030=ORIENTED_EDGE('',*,*,#1555,.T.);
#2031=ORIENTED_EDGE('',*,*,#1551,.F.);
#2032=ORIENTED_EDGE('',*,*,#1553,.F.);
#2033=ORIENTED_EDGE('',*,*,#1548,.F.);
#2034=ORIENTED_EDGE('',*,*,#1555,.F.);
#2035=ORIENTED_EDGE('',*,*,#1556,.T.);
#2036=ORIENTED_EDGE('',*,*,#1556,.F.);
#2037=ORIENTED_EDGE('',*,*,#1554,.T.);
#2038=ORIENTED_EDGE('',*,*,#1552,.T.);
#2039=ORIENTED_EDGE('',*,*,#1549,.F.);
#2040=ORIENTED_EDGE('',*,*,#1557,.T.);
#2041=ORIENTED_EDGE('',*,*,#1558,.F.);
#2042=ORIENTED_EDGE('',*,*,#1559,.T.);
#2043=ORIENTED_EDGE('',*,*,#1560,.T.);
#2044=ORIENTED_EDGE('',*,*,#1559,.F.);
#2045=ORIENTED_EDGE('',*,*,#1561,.T.);
#2046=ORIENTED_EDGE('',*,*,#1562,.T.);
#2047=ORIENTED_EDGE('',*,*,#1557,.F.);
#2048=ORIENTED_EDGE('',*,*,#1563,.F.);
#2049=ORIENTED_EDGE('',*,*,#1564,.F.);
#2050=ORIENTED_EDGE('',*,*,#1565,.T.);
#2051=ORIENTED_EDGE('',*,*,#1563,.T.);
#2052=ORIENTED_EDGE('',*,*,#1560,.F.);
#2053=ORIENTED_EDGE('',*,*,#1562,.F.);
#2054=ORIENTED_EDGE('',*,*,#1561,.F.);
#2055=ORIENTED_EDGE('',*,*,#1558,.T.);
#2056=ORIENTED_EDGE('',*,*,#1564,.T.);
#2057=ORIENTED_EDGE('',*,*,#1565,.F.);
#2058=ORIENTED_EDGE('',*,*,#1566,.F.);
#2059=ORIENTED_EDGE('',*,*,#1567,.T.);
#2060=ORIENTED_EDGE('',*,*,#1568,.F.);
#2061=ORIENTED_EDGE('',*,*,#1567,.F.);
#2062=ORIENTED_EDGE('',*,*,#1569,.T.);
#2063=ORIENTED_EDGE('',*,*,#1570,.T.);
#2064=ORIENTED_EDGE('',*,*,#1571,.F.);
#2065=ORIENTED_EDGE('',*,*,#1572,.F.);
#2066=ORIENTED_EDGE('',*,*,#1573,.T.);
#2067=ORIENTED_EDGE('',*,*,#1572,.T.);
#2068=ORIENTED_EDGE('',*,*,#1574,.F.);
#2069=ORIENTED_EDGE('',*,*,#1575,.F.);
#2070=ORIENTED_EDGE('',*,*,#1576,.T.);
#2071=ORIENTED_EDGE('',*,*,#1575,.T.);
#2072=ORIENTED_EDGE('',*,*,#1577,.F.);
#2073=ORIENTED_EDGE('',*,*,#1578,.F.);
#2074=ORIENTED_EDGE('',*,*,#1579,.T.);
#2075=ORIENTED_EDGE('',*,*,#1578,.T.);
#2076=ORIENTED_EDGE('',*,*,#1580,.F.);
#2077=ORIENTED_EDGE('',*,*,#1570,.F.);
#2078=ORIENTED_EDGE('',*,*,#1580,.T.);
#2079=ORIENTED_EDGE('',*,*,#1577,.T.);
#2080=ORIENTED_EDGE('',*,*,#1574,.T.);
#2081=ORIENTED_EDGE('',*,*,#1571,.T.);
#2082=ORIENTED_EDGE('',*,*,#1568,.T.);
#2083=ORIENTED_EDGE('',*,*,#1579,.F.);
#2084=ORIENTED_EDGE('',*,*,#1569,.F.);
#2085=ORIENTED_EDGE('',*,*,#1573,.F.);
#2086=ORIENTED_EDGE('',*,*,#1576,.F.);
#2087=ORIENTED_EDGE('',*,*,#1566,.T.);
#2088=ORIENTED_EDGE('',*,*,#1581,.T.);
#2089=ORIENTED_EDGE('',*,*,#1582,.T.);
#2090=ORIENTED_EDGE('',*,*,#1583,.T.);
#2091=ORIENTED_EDGE('',*,*,#1584,.T.);
#2092=ORIENTED_EDGE('',*,*,#1583,.F.);
#2093=ORIENTED_EDGE('',*,*,#1585,.F.);
#2094=ORIENTED_EDGE('',*,*,#1586,.T.);
#2095=ORIENTED_EDGE('',*,*,#1587,.F.);
#2096=ORIENTED_EDGE('',*,*,#1588,.T.);
#2097=ORIENTED_EDGE('',*,*,#1584,.F.);
#2098=ORIENTED_EDGE('',*,*,#1586,.F.);
#2099=ORIENTED_EDGE('',*,*,#1581,.F.);
#2100=ORIENTED_EDGE('',*,*,#1588,.F.);
#2101=ORIENTED_EDGE('',*,*,#1589,.T.);
#2102=ORIENTED_EDGE('',*,*,#1589,.F.);
#2103=ORIENTED_EDGE('',*,*,#1587,.T.);
#2104=ORIENTED_EDGE('',*,*,#1585,.T.);
#2105=ORIENTED_EDGE('',*,*,#1582,.F.);
#2106=ORIENTED_EDGE('',*,*,#1590,.T.);
#2107=ORIENTED_EDGE('',*,*,#1591,.F.);
#2108=ORIENTED_EDGE('',*,*,#1592,.T.);
#2109=ORIENTED_EDGE('',*,*,#1593,.T.);
#2110=ORIENTED_EDGE('',*,*,#1592,.F.);
#2111=ORIENTED_EDGE('',*,*,#1594,.T.);
#2112=ORIENTED_EDGE('',*,*,#1595,.T.);
#2113=ORIENTED_EDGE('',*,*,#1590,.F.);
#2114=ORIENTED_EDGE('',*,*,#1596,.F.);
#2115=ORIENTED_EDGE('',*,*,#1597,.F.);
#2116=ORIENTED_EDGE('',*,*,#1598,.T.);
#2117=ORIENTED_EDGE('',*,*,#1596,.T.);
#2118=ORIENTED_EDGE('',*,*,#1593,.F.);
#2119=ORIENTED_EDGE('',*,*,#1595,.F.);
#2120=ORIENTED_EDGE('',*,*,#1594,.F.);
#2121=ORIENTED_EDGE('',*,*,#1591,.T.);
#2122=ORIENTED_EDGE('',*,*,#1597,.T.);
#2123=ORIENTED_EDGE('',*,*,#1598,.F.);
#2124=ORIENTED_EDGE('',*,*,#1599,.F.);
#2125=ORIENTED_EDGE('',*,*,#1600,.T.);
#2126=ORIENTED_EDGE('',*,*,#1601,.F.);
#2127=ORIENTED_EDGE('',*,*,#1600,.F.);
#2128=ORIENTED_EDGE('',*,*,#1602,.T.);
#2129=ORIENTED_EDGE('',*,*,#1603,.T.);
#2130=ORIENTED_EDGE('',*,*,#1604,.F.);
#2131=ORIENTED_EDGE('',*,*,#1605,.F.);
#2132=ORIENTED_EDGE('',*,*,#1606,.T.);
#2133=ORIENTED_EDGE('',*,*,#1605,.T.);
#2134=ORIENTED_EDGE('',*,*,#1607,.F.);
#2135=ORIENTED_EDGE('',*,*,#1608,.F.);
#2136=ORIENTED_EDGE('',*,*,#1609,.T.);
#2137=ORIENTED_EDGE('',*,*,#1608,.T.);
#2138=ORIENTED_EDGE('',*,*,#1610,.F.);
#2139=ORIENTED_EDGE('',*,*,#1611,.F.);
#2140=ORIENTED_EDGE('',*,*,#1612,.T.);
#2141=ORIENTED_EDGE('',*,*,#1611,.T.);
#2142=ORIENTED_EDGE('',*,*,#1613,.F.);
#2143=ORIENTED_EDGE('',*,*,#1603,.F.);
#2144=ORIENTED_EDGE('',*,*,#1613,.T.);
#2145=ORIENTED_EDGE('',*,*,#1610,.T.);
#2146=ORIENTED_EDGE('',*,*,#1607,.T.);
#2147=ORIENTED_EDGE('',*,*,#1604,.T.);
#2148=ORIENTED_EDGE('',*,*,#1601,.T.);
#2149=ORIENTED_EDGE('',*,*,#1612,.F.);
#2150=ORIENTED_EDGE('',*,*,#1602,.F.);
#2151=ORIENTED_EDGE('',*,*,#1606,.F.);
#2152=ORIENTED_EDGE('',*,*,#1609,.F.);
#2153=ORIENTED_EDGE('',*,*,#1599,.T.);
#2154=ORIENTED_EDGE('',*,*,#1614,.T.);
#2155=ORIENTED_EDGE('',*,*,#1615,.T.);
#2156=ORIENTED_EDGE('',*,*,#1616,.T.);
#2157=ORIENTED_EDGE('',*,*,#1617,.T.);
#2158=ORIENTED_EDGE('',*,*,#1616,.F.);
#2159=ORIENTED_EDGE('',*,*,#1618,.F.);
#2160=ORIENTED_EDGE('',*,*,#1619,.T.);
#2161=ORIENTED_EDGE('',*,*,#1620,.F.);
#2162=ORIENTED_EDGE('',*,*,#1621,.T.);
#2163=ORIENTED_EDGE('',*,*,#1617,.F.);
#2164=ORIENTED_EDGE('',*,*,#1619,.F.);
#2165=ORIENTED_EDGE('',*,*,#1614,.F.);
#2166=ORIENTED_EDGE('',*,*,#1621,.F.);
#2167=ORIENTED_EDGE('',*,*,#1622,.T.);
#2168=ORIENTED_EDGE('',*,*,#1622,.F.);
#2169=ORIENTED_EDGE('',*,*,#1620,.T.);
#2170=ORIENTED_EDGE('',*,*,#1618,.T.);
#2171=ORIENTED_EDGE('',*,*,#1615,.F.);
#2172=ORIENTED_EDGE('',*,*,#1623,.T.);
#2173=ORIENTED_EDGE('',*,*,#1624,.F.);
#2174=ORIENTED_EDGE('',*,*,#1625,.T.);
#2175=ORIENTED_EDGE('',*,*,#1626,.T.);
#2176=ORIENTED_EDGE('',*,*,#1625,.F.);
#2177=ORIENTED_EDGE('',*,*,#1627,.T.);
#2178=ORIENTED_EDGE('',*,*,#1628,.T.);
#2179=ORIENTED_EDGE('',*,*,#1623,.F.);
#2180=ORIENTED_EDGE('',*,*,#1629,.F.);
#2181=ORIENTED_EDGE('',*,*,#1630,.F.);
#2182=ORIENTED_EDGE('',*,*,#1631,.T.);
#2183=ORIENTED_EDGE('',*,*,#1629,.T.);
#2184=ORIENTED_EDGE('',*,*,#1626,.F.);
#2185=ORIENTED_EDGE('',*,*,#1628,.F.);
#2186=ORIENTED_EDGE('',*,*,#1627,.F.);
#2187=ORIENTED_EDGE('',*,*,#1624,.T.);
#2188=ORIENTED_EDGE('',*,*,#1630,.T.);
#2189=ORIENTED_EDGE('',*,*,#1631,.F.);
#2190=ORIENTED_EDGE('',*,*,#1632,.F.);
#2191=ORIENTED_EDGE('',*,*,#1633,.T.);
#2192=ORIENTED_EDGE('',*,*,#1634,.F.);
#2193=ORIENTED_EDGE('',*,*,#1633,.F.);
#2194=ORIENTED_EDGE('',*,*,#1635,.T.);
#2195=ORIENTED_EDGE('',*,*,#1636,.T.);
#2196=ORIENTED_EDGE('',*,*,#1637,.F.);
#2197=ORIENTED_EDGE('',*,*,#1638,.F.);
#2198=ORIENTED_EDGE('',*,*,#1639,.T.);
#2199=ORIENTED_EDGE('',*,*,#1638,.T.);
#2200=ORIENTED_EDGE('',*,*,#1640,.F.);
#2201=ORIENTED_EDGE('',*,*,#1641,.F.);
#2202=ORIENTED_EDGE('',*,*,#1642,.T.);
#2203=ORIENTED_EDGE('',*,*,#1641,.T.);
#2204=ORIENTED_EDGE('',*,*,#1643,.F.);
#2205=ORIENTED_EDGE('',*,*,#1644,.F.);
#2206=ORIENTED_EDGE('',*,*,#1645,.T.);
#2207=ORIENTED_EDGE('',*,*,#1644,.T.);
#2208=ORIENTED_EDGE('',*,*,#1646,.F.);
#2209=ORIENTED_EDGE('',*,*,#1636,.F.);
#2210=ORIENTED_EDGE('',*,*,#1646,.T.);
#2211=ORIENTED_EDGE('',*,*,#1643,.T.);
#2212=ORIENTED_EDGE('',*,*,#1640,.T.);
#2213=ORIENTED_EDGE('',*,*,#1637,.T.);
#2214=ORIENTED_EDGE('',*,*,#1634,.T.);
#2215=ORIENTED_EDGE('',*,*,#1645,.F.);
#2216=ORIENTED_EDGE('',*,*,#1635,.F.);
#2217=ORIENTED_EDGE('',*,*,#1639,.F.);
#2218=ORIENTED_EDGE('',*,*,#1642,.F.);
#2219=ORIENTED_EDGE('',*,*,#1632,.T.);
#2220=ORIENTED_EDGE('',*,*,#1647,.T.);
#2221=ORIENTED_EDGE('',*,*,#1648,.T.);
#2222=ORIENTED_EDGE('',*,*,#1649,.T.);
#2223=ORIENTED_EDGE('',*,*,#1650,.T.);
#2224=ORIENTED_EDGE('',*,*,#1649,.F.);
#2225=ORIENTED_EDGE('',*,*,#1651,.F.);
#2226=ORIENTED_EDGE('',*,*,#1652,.T.);
#2227=ORIENTED_EDGE('',*,*,#1653,.F.);
#2228=ORIENTED_EDGE('',*,*,#1654,.T.);
#2229=ORIENTED_EDGE('',*,*,#1650,.F.);
#2230=ORIENTED_EDGE('',*,*,#1652,.F.);
#2231=ORIENTED_EDGE('',*,*,#1647,.F.);
#2232=ORIENTED_EDGE('',*,*,#1654,.F.);
#2233=ORIENTED_EDGE('',*,*,#1655,.T.);
#2234=ORIENTED_EDGE('',*,*,#1655,.F.);
#2235=ORIENTED_EDGE('',*,*,#1653,.T.);
#2236=ORIENTED_EDGE('',*,*,#1651,.T.);
#2237=ORIENTED_EDGE('',*,*,#1648,.F.);
#2238=ORIENTED_EDGE('',*,*,#1656,.T.);
#2239=ORIENTED_EDGE('',*,*,#1657,.F.);
#2240=ORIENTED_EDGE('',*,*,#1658,.T.);
#2241=ORIENTED_EDGE('',*,*,#1659,.T.);
#2242=ORIENTED_EDGE('',*,*,#1658,.F.);
#2243=ORIENTED_EDGE('',*,*,#1660,.T.);
#2244=ORIENTED_EDGE('',*,*,#1661,.T.);
#2245=ORIENTED_EDGE('',*,*,#1656,.F.);
#2246=ORIENTED_EDGE('',*,*,#1662,.F.);
#2247=ORIENTED_EDGE('',*,*,#1663,.F.);
#2248=ORIENTED_EDGE('',*,*,#1664,.T.);
#2249=ORIENTED_EDGE('',*,*,#1662,.T.);
#2250=ORIENTED_EDGE('',*,*,#1659,.F.);
#2251=ORIENTED_EDGE('',*,*,#1661,.F.);
#2252=ORIENTED_EDGE('',*,*,#1660,.F.);
#2253=ORIENTED_EDGE('',*,*,#1657,.T.);
#2254=ORIENTED_EDGE('',*,*,#1663,.T.);
#2255=ORIENTED_EDGE('',*,*,#1664,.F.);
#2256=ORIENTED_EDGE('',*,*,#1665,.F.);
#2257=ORIENTED_EDGE('',*,*,#1666,.T.);
#2258=ORIENTED_EDGE('',*,*,#1667,.F.);
#2259=ORIENTED_EDGE('',*,*,#1666,.F.);
#2260=ORIENTED_EDGE('',*,*,#1668,.F.);
#2261=ORIENTED_EDGE('',*,*,#1669,.T.);
#2262=ORIENTED_EDGE('',*,*,#1670,.F.);
#2263=ORIENTED_EDGE('',*,*,#1669,.F.);
#2264=ORIENTED_EDGE('',*,*,#1671,.F.);
#2265=ORIENTED_EDGE('',*,*,#1672,.T.);
#2266=ORIENTED_EDGE('',*,*,#1673,.F.);
#2267=ORIENTED_EDGE('',*,*,#1672,.F.);
#2268=ORIENTED_EDGE('',*,*,#1674,.F.);
#2269=ORIENTED_EDGE('',*,*,#1675,.T.);
#2270=ORIENTED_EDGE('',*,*,#1676,.F.);
#2271=ORIENTED_EDGE('',*,*,#1675,.F.);
#2272=ORIENTED_EDGE('',*,*,#1677,.T.);
#2273=ORIENTED_EDGE('',*,*,#1678,.T.);
#2274=ORIENTED_EDGE('',*,*,#1679,.T.);
#2275=ORIENTED_EDGE('',*,*,#1680,.T.);
#2276=ORIENTED_EDGE('',*,*,#1678,.F.);
#2277=ORIENTED_EDGE('',*,*,#1679,.F.);
#2278=ORIENTED_EDGE('',*,*,#1680,.F.);
#2279=ORIENTED_EDGE('',*,*,#1681,.T.);
#2280=ORIENTED_EDGE('',*,*,#1682,.F.);
#2281=ORIENTED_EDGE('',*,*,#1681,.F.);
#2282=ORIENTED_EDGE('',*,*,#1683,.T.);
#2283=ORIENTED_EDGE('',*,*,#1684,.T.);
#2284=ORIENTED_EDGE('',*,*,#1685,.T.);
#2285=ORIENTED_EDGE('',*,*,#1686,.T.);
#2286=ORIENTED_EDGE('',*,*,#1687,.T.);
#2287=ORIENTED_EDGE('',*,*,#1688,.T.);
#2288=ORIENTED_EDGE('',*,*,#1689,.T.);
#2289=ORIENTED_EDGE('',*,*,#1690,.T.);
#2290=ORIENTED_EDGE('',*,*,#1691,.T.);
#2291=ORIENTED_EDGE('',*,*,#1692,.T.);
#2292=ORIENTED_EDGE('',*,*,#1693,.T.);
#2293=ORIENTED_EDGE('',*,*,#1694,.T.);
#2294=ORIENTED_EDGE('',*,*,#1695,.T.);
#2295=ORIENTED_EDGE('',*,*,#1696,.T.);
#2296=ORIENTED_EDGE('',*,*,#1697,.T.);
#2297=ORIENTED_EDGE('',*,*,#1698,.T.);
#2298=ORIENTED_EDGE('',*,*,#1699,.T.);
#2299=ORIENTED_EDGE('',*,*,#1700,.F.);
#2300=ORIENTED_EDGE('',*,*,#1665,.T.);
#2301=ORIENTED_EDGE('',*,*,#1668,.T.);
#2302=ORIENTED_EDGE('',*,*,#1671,.T.);
#2303=ORIENTED_EDGE('',*,*,#1674,.T.);
#2304=ORIENTED_EDGE('',*,*,#1677,.F.);
#2305=ORIENTED_EDGE('',*,*,#1701,.T.);
#2306=ORIENTED_EDGE('',*,*,#1702,.T.);
#2307=ORIENTED_EDGE('',*,*,#1703,.T.);
#2308=ORIENTED_EDGE('',*,*,#1700,.T.);
#2309=ORIENTED_EDGE('',*,*,#1702,.F.);
#2310=ORIENTED_EDGE('',*,*,#1704,.F.);
#2311=ORIENTED_EDGE('',*,*,#1705,.T.);
#2312=ORIENTED_EDGE('',*,*,#1706,.T.);
#2313=ORIENTED_EDGE('',*,*,#1707,.F.);
#2314=ORIENTED_EDGE('',*,*,#1704,.T.);
#2315=ORIENTED_EDGE('',*,*,#1701,.F.);
#2316=ORIENTED_EDGE('',*,*,#1699,.F.);
#2317=ORIENTED_EDGE('',*,*,#1708,.F.);
#2318=ORIENTED_EDGE('',*,*,#1709,.T.);
#2319=ORIENTED_EDGE('',*,*,#1708,.T.);
#2320=ORIENTED_EDGE('',*,*,#1698,.F.);
#2321=ORIENTED_EDGE('',*,*,#1710,.F.);
#2322=ORIENTED_EDGE('',*,*,#1711,.T.);
#2323=ORIENTED_EDGE('',*,*,#1710,.T.);
#2324=ORIENTED_EDGE('',*,*,#1697,.F.);
#2325=ORIENTED_EDGE('',*,*,#1712,.F.);
#2326=ORIENTED_EDGE('',*,*,#1713,.F.);
#2327=ORIENTED_EDGE('',*,*,#1712,.T.);
#2328=ORIENTED_EDGE('',*,*,#1696,.F.);
#2329=ORIENTED_EDGE('',*,*,#1714,.F.);
#2330=ORIENTED_EDGE('',*,*,#1715,.T.);
#2331=ORIENTED_EDGE('',*,*,#1714,.T.);
#2332=ORIENTED_EDGE('',*,*,#1695,.F.);
#2333=ORIENTED_EDGE('',*,*,#1716,.F.);
#2334=ORIENTED_EDGE('',*,*,#1717,.F.);
#2335=ORIENTED_EDGE('',*,*,#1716,.T.);
#2336=ORIENTED_EDGE('',*,*,#1694,.F.);
#2337=ORIENTED_EDGE('',*,*,#1718,.F.);
#2338=ORIENTED_EDGE('',*,*,#1719,.T.);
#2339=ORIENTED_EDGE('',*,*,#1718,.T.);
#2340=ORIENTED_EDGE('',*,*,#1693,.F.);
#2341=ORIENTED_EDGE('',*,*,#1720,.F.);
#2342=ORIENTED_EDGE('',*,*,#1721,.F.);
#2343=ORIENTED_EDGE('',*,*,#1720,.T.);
#2344=ORIENTED_EDGE('',*,*,#1692,.F.);
#2345=ORIENTED_EDGE('',*,*,#1722,.F.);
#2346=ORIENTED_EDGE('',*,*,#1723,.F.);
#2347=ORIENTED_EDGE('',*,*,#1722,.T.);
#2348=ORIENTED_EDGE('',*,*,#1691,.F.);
#2349=ORIENTED_EDGE('',*,*,#1724,.F.);
#2350=ORIENTED_EDGE('',*,*,#1725,.F.);
#2351=ORIENTED_EDGE('',*,*,#1724,.T.);
#2352=ORIENTED_EDGE('',*,*,#1690,.F.);
#2353=ORIENTED_EDGE('',*,*,#1726,.F.);
#2354=ORIENTED_EDGE('',*,*,#1727,.T.);
#2355=ORIENTED_EDGE('',*,*,#1726,.T.);
#2356=ORIENTED_EDGE('',*,*,#1689,.F.);
#2357=ORIENTED_EDGE('',*,*,#1728,.F.);
#2358=ORIENTED_EDGE('',*,*,#1729,.F.);
#2359=ORIENTED_EDGE('',*,*,#1728,.T.);
#2360=ORIENTED_EDGE('',*,*,#1688,.F.);
#2361=ORIENTED_EDGE('',*,*,#1730,.F.);
#2362=ORIENTED_EDGE('',*,*,#1731,.T.);
#2363=ORIENTED_EDGE('',*,*,#1730,.T.);
#2364=ORIENTED_EDGE('',*,*,#1687,.F.);
#2365=ORIENTED_EDGE('',*,*,#1732,.F.);
#2366=ORIENTED_EDGE('',*,*,#1733,.F.);
#2367=ORIENTED_EDGE('',*,*,#1732,.T.);
#2368=ORIENTED_EDGE('',*,*,#1686,.F.);
#2369=ORIENTED_EDGE('',*,*,#1734,.F.);
#2370=ORIENTED_EDGE('',*,*,#1735,.T.);
#2371=ORIENTED_EDGE('',*,*,#1734,.T.);
#2372=ORIENTED_EDGE('',*,*,#1685,.F.);
#2373=ORIENTED_EDGE('',*,*,#1736,.F.);
#2374=ORIENTED_EDGE('',*,*,#1737,.F.);
#2375=ORIENTED_EDGE('',*,*,#1736,.T.);
#2376=ORIENTED_EDGE('',*,*,#1684,.F.);
#2377=ORIENTED_EDGE('',*,*,#1738,.F.);
#2378=ORIENTED_EDGE('',*,*,#1739,.F.);
#2379=ORIENTED_EDGE('',*,*,#1738,.T.);
#2380=ORIENTED_EDGE('',*,*,#1683,.F.);
#2381=ORIENTED_EDGE('',*,*,#1703,.F.);
#2382=ORIENTED_EDGE('',*,*,#1706,.F.);
#2383=ORIENTED_EDGE('',*,*,#1705,.F.);
#2384=ORIENTED_EDGE('',*,*,#1707,.T.);
#2385=ORIENTED_EDGE('',*,*,#1709,.F.);
#2386=ORIENTED_EDGE('',*,*,#1711,.F.);
#2387=ORIENTED_EDGE('',*,*,#1713,.T.);
#2388=ORIENTED_EDGE('',*,*,#1715,.F.);
#2389=ORIENTED_EDGE('',*,*,#1717,.T.);
#2390=ORIENTED_EDGE('',*,*,#1719,.F.);
#2391=ORIENTED_EDGE('',*,*,#1721,.T.);
#2392=ORIENTED_EDGE('',*,*,#1723,.T.);
#2393=ORIENTED_EDGE('',*,*,#1725,.T.);
#2394=ORIENTED_EDGE('',*,*,#1727,.F.);
#2395=ORIENTED_EDGE('',*,*,#1729,.T.);
#2396=ORIENTED_EDGE('',*,*,#1731,.F.);
#2397=ORIENTED_EDGE('',*,*,#1733,.T.);
#2398=ORIENTED_EDGE('',*,*,#1735,.F.);
#2399=ORIENTED_EDGE('',*,*,#1737,.T.);
#2400=ORIENTED_EDGE('',*,*,#1739,.T.);
#2401=ORIENTED_EDGE('',*,*,#1667,.T.);
#2402=ORIENTED_EDGE('',*,*,#1670,.T.);
#2403=ORIENTED_EDGE('',*,*,#1673,.T.);
#2404=ORIENTED_EDGE('',*,*,#1676,.T.);
#2405=ORIENTED_EDGE('',*,*,#1682,.T.);
#2406=ORIENTED_EDGE('',*,*,#1740,.F.);
#2407=ORIENTED_EDGE('',*,*,#1741,.T.);
#2408=ORIENTED_EDGE('',*,*,#1742,.F.);
#2409=ORIENTED_EDGE('',*,*,#1741,.F.);
#2410=ORIENTED_EDGE('',*,*,#1743,.F.);
#2411=ORIENTED_EDGE('',*,*,#1744,.T.);
#2412=ORIENTED_EDGE('',*,*,#1745,.T.);
#2413=ORIENTED_EDGE('',*,*,#1744,.F.);
#2414=ORIENTED_EDGE('',*,*,#1743,.T.);
#2415=ORIENTED_EDGE('',*,*,#1740,.T.);
#2416=ORIENTED_EDGE('',*,*,#1745,.F.);
#2417=ORIENTED_EDGE('',*,*,#1742,.T.);
#2418=ORIENTED_EDGE('',*,*,#1746,.T.);
#2419=ORIENTED_EDGE('',*,*,#1747,.T.);
#2420=ORIENTED_EDGE('',*,*,#1748,.T.);
#2421=ORIENTED_EDGE('',*,*,#1749,.T.);
#2422=ORIENTED_EDGE('',*,*,#1747,.F.);
#2423=ORIENTED_EDGE('',*,*,#1748,.F.);
#2424=ORIENTED_EDGE('',*,*,#1749,.F.);
#2425=ORIENTED_EDGE('',*,*,#1750,.T.);
#2426=ORIENTED_EDGE('',*,*,#1751,.F.);
#2427=ORIENTED_EDGE('',*,*,#1750,.F.);
#2428=ORIENTED_EDGE('',*,*,#1746,.F.);
#2429=ORIENTED_EDGE('',*,*,#1751,.T.);
#2430=ORIENTED_EDGE('',*,*,#1752,.F.);
#2431=ORIENTED_EDGE('',*,*,#1753,.T.);
#2432=ORIENTED_EDGE('',*,*,#1754,.F.);
#2433=ORIENTED_EDGE('',*,*,#1753,.F.);
#2434=ORIENTED_EDGE('',*,*,#1755,.F.);
#2435=ORIENTED_EDGE('',*,*,#1756,.T.);
#2436=ORIENTED_EDGE('',*,*,#1757,.T.);
#2437=ORIENTED_EDGE('',*,*,#1756,.F.);
#2438=ORIENTED_EDGE('',*,*,#1755,.T.);
#2439=ORIENTED_EDGE('',*,*,#1752,.T.);
#2440=ORIENTED_EDGE('',*,*,#1757,.F.);
#2441=ORIENTED_EDGE('',*,*,#1754,.T.);
#2442=ORIENTED_EDGE('',*,*,#1758,.T.);
#2443=ORIENTED_EDGE('',*,*,#1759,.T.);
#2444=ORIENTED_EDGE('',*,*,#1760,.T.);
#2445=ORIENTED_EDGE('',*,*,#1761,.T.);
#2446=ORIENTED_EDGE('',*,*,#1759,.F.);
#2447=ORIENTED_EDGE('',*,*,#1760,.F.);
#2448=ORIENTED_EDGE('',*,*,#1761,.F.);
#2449=ORIENTED_EDGE('',*,*,#1762,.T.);
#2450=ORIENTED_EDGE('',*,*,#1763,.F.);
#2451=ORIENTED_EDGE('',*,*,#1762,.F.);
#2452=ORIENTED_EDGE('',*,*,#1758,.F.);
#2453=ORIENTED_EDGE('',*,*,#1763,.T.);
#2454=ORIENTED_EDGE('',*,*,#1764,.F.);
#2455=ORIENTED_EDGE('',*,*,#1765,.T.);
#2456=ORIENTED_EDGE('',*,*,#1766,.F.);
#2457=ORIENTED_EDGE('',*,*,#1765,.F.);
#2458=ORIENTED_EDGE('',*,*,#1767,.F.);
#2459=ORIENTED_EDGE('',*,*,#1768,.T.);
#2460=ORIENTED_EDGE('',*,*,#1769,.T.);
#2461=ORIENTED_EDGE('',*,*,#1768,.F.);
#2462=ORIENTED_EDGE('',*,*,#1767,.T.);
#2463=ORIENTED_EDGE('',*,*,#1764,.T.);
#2464=ORIENTED_EDGE('',*,*,#1769,.F.);
#2465=ORIENTED_EDGE('',*,*,#1766,.T.);
#2466=ORIENTED_EDGE('',*,*,#1770,.T.);
#2467=ORIENTED_EDGE('',*,*,#1771,.T.);
#2468=ORIENTED_EDGE('',*,*,#1772,.T.);
#2469=ORIENTED_EDGE('',*,*,#1773,.T.);
#2470=ORIENTED_EDGE('',*,*,#1771,.F.);
#2471=ORIENTED_EDGE('',*,*,#1772,.F.);
#2472=ORIENTED_EDGE('',*,*,#1773,.F.);
#2473=ORIENTED_EDGE('',*,*,#1774,.T.);
#2474=ORIENTED_EDGE('',*,*,#1775,.F.);
#2475=ORIENTED_EDGE('',*,*,#1774,.F.);
#2476=ORIENTED_EDGE('',*,*,#1770,.F.);
#2477=ORIENTED_EDGE('',*,*,#1775,.T.);
#2478=ORIENTED_EDGE('',*,*,#1776,.F.);
#2479=ORIENTED_EDGE('',*,*,#1777,.T.);
#2480=ORIENTED_EDGE('',*,*,#1778,.F.);
#2481=ORIENTED_EDGE('',*,*,#1777,.F.);
#2482=ORIENTED_EDGE('',*,*,#1779,.F.);
#2483=ORIENTED_EDGE('',*,*,#1780,.T.);
#2484=ORIENTED_EDGE('',*,*,#1781,.T.);
#2485=ORIENTED_EDGE('',*,*,#1780,.F.);
#2486=ORIENTED_EDGE('',*,*,#1779,.T.);
#2487=ORIENTED_EDGE('',*,*,#1776,.T.);
#2488=ORIENTED_EDGE('',*,*,#1781,.F.);
#2489=ORIENTED_EDGE('',*,*,#1778,.T.);
#2490=ORIENTED_EDGE('',*,*,#1782,.T.);
#2491=ORIENTED_EDGE('',*,*,#1783,.T.);
#2492=ORIENTED_EDGE('',*,*,#1784,.T.);
#2493=ORIENTED_EDGE('',*,*,#1785,.T.);
#2494=ORIENTED_EDGE('',*,*,#1783,.F.);
#2495=ORIENTED_EDGE('',*,*,#1784,.F.);
#2496=ORIENTED_EDGE('',*,*,#1785,.F.);
#2497=ORIENTED_EDGE('',*,*,#1786,.T.);
#2498=ORIENTED_EDGE('',*,*,#1787,.F.);
#2499=ORIENTED_EDGE('',*,*,#1786,.F.);
#2500=ORIENTED_EDGE('',*,*,#1782,.F.);
#2501=ORIENTED_EDGE('',*,*,#1787,.T.);
#2502=CYLINDRICAL_SURFACE('',#2773,20.);
#2503=CYLINDRICAL_SURFACE('',#2776,2.);
#2504=CYLINDRICAL_SURFACE('',#2779,2.);
#2505=CYLINDRICAL_SURFACE('',#2782,2.);
#2506=CYLINDRICAL_SURFACE('',#2785,2.);
#2507=CYLINDRICAL_SURFACE('',#2788,2.);
#2508=CYLINDRICAL_SURFACE('',#2792,9.99999999999999);
#2509=CYLINDRICAL_SURFACE('',#2796,9.99999999999999);
#2510=CYLINDRICAL_SURFACE('',#2800,56.);
#2511=CYLINDRICAL_SURFACE('',#2805,1.5);
#2512=CYLINDRICAL_SURFACE('',#2811,4.31953597116841);
#2513=CYLINDRICAL_SURFACE('',#2816,32.);
#2514=CYLINDRICAL_SURFACE('',#2823,39.);
#2515=CYLINDRICAL_SURFACE('',#2830,1.5);
#2516=CYLINDRICAL_SURFACE('',#2836,4.31953597116841);
#2517=CYLINDRICAL_SURFACE('',#2841,32.);
#2518=CYLINDRICAL_SURFACE('',#2848,39.);
#2519=CYLINDRICAL_SURFACE('',#2855,1.5);
#2520=CYLINDRICAL_SURFACE('',#2861,4.31953597116841);
#2521=CYLINDRICAL_SURFACE('',#2866,32.);
#2522=CYLINDRICAL_SURFACE('',#2873,39.);
#2523=CYLINDRICAL_SURFACE('',#2880,1.5);
#2524=CYLINDRICAL_SURFACE('',#2886,4.31953597116841);
#2525=CYLINDRICAL_SURFACE('',#2891,32.);
#2526=CYLINDRICAL_SURFACE('',#2898,39.);
#2527=CYLINDRICAL_SURFACE('',#2905,1.5);
#2528=CYLINDRICAL_SURFACE('',#2911,4.31953597116841);
#2529=CYLINDRICAL_SURFACE('',#2916,32.);
#2530=CYLINDRICAL_SURFACE('',#2923,39.);
#2531=CYLINDRICAL_SURFACE('',#2930,1.5);
#2532=CYLINDRICAL_SURFACE('',#2936,4.31953597116841);
#2533=CYLINDRICAL_SURFACE('',#2941,32.);
#2534=CYLINDRICAL_SURFACE('',#2948,39.);
#2535=CYLINDRICAL_SURFACE('',#2955,2.49999999999997);
#2536=CYLINDRICAL_SURFACE('',#2958,2.5);
#2537=CYLINDRICAL_SURFACE('',#2961,2.49999999999997);
#2538=CYLINDRICAL_SURFACE('',#2964,2.5);
#2539=CYLINDRICAL_SURFACE('',#2972,20.);
#2540=CYLINDRICAL_SURFACE('',#2986,25.);
#2541=CYLINDRICAL_SURFACE('',#2988,3.00000004470348);
#2542=CYLINDRICAL_SURFACE('',#2991,2.99999999999999);
#2543=CYLINDRICAL_SURFACE('',#2994,3.00000000000001);
#2544=CYLINDRICAL_SURFACE('',#2997,3.00000000000001);
#2545=CYLINDRICAL_SURFACE('',#3002,3.00000000000001);
#2546=CYLINDRICAL_SURFACE('',#3005,2.99999999999997);
#2547=CYLINDRICAL_SURFACE('',#3008,2.99999999999995);
#2548=CYLINDRICAL_SURFACE('',#3011,3.00097819141159);
#2549=CYLINDRICAL_SURFACE('',#3014,1.75);
#2550=CYLINDRICAL_SURFACE('',#3017,3.);
#2551=CYLINDRICAL_SURFACE('',#3026,3.);
#2552=CYLINDRICAL_SURFACE('',#3029,1.75);
#2553=CYLINDRICAL_SURFACE('',#3032,3.);
#2554=CYLINDRICAL_SURFACE('',#3041,3.);
#2555=CYLINDRICAL_SURFACE('',#3044,1.75);
#2556=CYLINDRICAL_SURFACE('',#3047,3.);
#2557=CYLINDRICAL_SURFACE('',#3056,3.);
#2558=CYLINDRICAL_SURFACE('',#3059,1.75);
#2559=CYLINDRICAL_SURFACE('',#3062,3.);
#2560=CYLINDRICAL_SURFACE('',#3071,3.);
#2561=ADVANCED_FACE('',(#229),#2502,.F.);
#2562=ADVANCED_FACE('',(#230),#2503,.F.);
#2563=ADVANCED_FACE('',(#231),#2504,.F.);
#2564=ADVANCED_FACE('',(#232),#2505,.F.);
#2565=ADVANCED_FACE('',(#233),#2506,.F.);
#2566=ADVANCED_FACE('',(#234),#2507,.F.);
#2567=ADVANCED_FACE('',(#235),#123,.T.);
#2568=ADVANCED_FACE('',(#236),#2508,.T.);
#2569=ADVANCED_FACE('',(#237),#124,.T.);
#2570=ADVANCED_FACE('',(#238),#2509,.T.);
#2571=ADVANCED_FACE('',(#239),#125,.T.);
#2572=ADVANCED_FACE('',(#240),#2510,.T.);
#2573=ADVANCED_FACE('',(#241,#77,#78,#79,#80,#81,#82),#126,.T.);
#2574=ADVANCED_FACE('',(#242,#83,#84,#85,#86,#87,#88),#127,.F.);
#2575=ADVANCED_FACE('',(#243),#2511,.F.);
#2576=ADVANCED_FACE('',(#244),#128,.T.);
#2577=ADVANCED_FACE('',(#245),#129,.T.);
#2578=ADVANCED_FACE('',(#246),#130,.T.);
#2579=ADVANCED_FACE('',(#247),#2512,.T.);
#2580=ADVANCED_FACE('',(#248,#89),#131,.T.);
#2581=ADVANCED_FACE('',(#249,#90),#132,.F.);
#2582=ADVANCED_FACE('',(#250),#2513,.T.);
#2583=ADVANCED_FACE('',(#251),#133,.T.);
#2584=ADVANCED_FACE('',(#252),#134,.T.);
#2585=ADVANCED_FACE('',(#253),#135,.T.);
#2586=ADVANCED_FACE('',(#254),#136,.F.);
#2587=ADVANCED_FACE('',(#255),#2514,.T.);
#2588=ADVANCED_FACE('',(#256),#137,.T.);
#2589=ADVANCED_FACE('',(#257),#138,.T.);
#2590=ADVANCED_FACE('',(#258),#139,.T.);
#2591=ADVANCED_FACE('',(#259),#140,.F.);
#2592=ADVANCED_FACE('',(#260),#2515,.F.);
#2593=ADVANCED_FACE('',(#261),#141,.T.);
#2594=ADVANCED_FACE('',(#262),#142,.T.);
#2595=ADVANCED_FACE('',(#263),#143,.T.);
#2596=ADVANCED_FACE('',(#264),#2516,.T.);
#2597=ADVANCED_FACE('',(#265,#91),#144,.T.);
#2598=ADVANCED_FACE('',(#266,#92),#145,.F.);
#2599=ADVANCED_FACE('',(#267),#2517,.T.);
#2600=ADVANCED_FACE('',(#268),#146,.T.);
#2601=ADVANCED_FACE('',(#269),#147,.T.);
#2602=ADVANCED_FACE('',(#270),#148,.T.);
#2603=ADVANCED_FACE('',(#271),#149,.F.);
#2604=ADVANCED_FACE('',(#272),#2518,.T.);
#2605=ADVANCED_FACE('',(#273),#150,.T.);
#2606=ADVANCED_FACE('',(#274),#151,.T.);
#2607=ADVANCED_FACE('',(#275),#152,.T.);
#2608=ADVANCED_FACE('',(#276),#153,.F.);
#2609=ADVANCED_FACE('',(#277),#2519,.F.);
#2610=ADVANCED_FACE('',(#278),#154,.T.);
#2611=ADVANCED_FACE('',(#279),#155,.T.);
#2612=ADVANCED_FACE('',(#280),#156,.T.);
#2613=ADVANCED_FACE('',(#281),#2520,.T.);
#2614=ADVANCED_FACE('',(#282,#93),#157,.T.);
#2615=ADVANCED_FACE('',(#283,#94),#158,.F.);
#2616=ADVANCED_FACE('',(#284),#2521,.T.);
#2617=ADVANCED_FACE('',(#285),#159,.T.);
#2618=ADVANCED_FACE('',(#286),#160,.T.);
#2619=ADVANCED_FACE('',(#287),#161,.T.);
#2620=ADVANCED_FACE('',(#288),#162,.F.);
#2621=ADVANCED_FACE('',(#289),#2522,.T.);
#2622=ADVANCED_FACE('',(#290),#163,.T.);
#2623=ADVANCED_FACE('',(#291),#164,.T.);
#2624=ADVANCED_FACE('',(#292),#165,.T.);
#2625=ADVANCED_FACE('',(#293),#166,.F.);
#2626=ADVANCED_FACE('',(#294),#2523,.F.);
#2627=ADVANCED_FACE('',(#295),#167,.T.);
#2628=ADVANCED_FACE('',(#296),#168,.T.);
#2629=ADVANCED_FACE('',(#297),#169,.T.);
#2630=ADVANCED_FACE('',(#298),#2524,.T.);
#2631=ADVANCED_FACE('',(#299,#95),#170,.T.);
#2632=ADVANCED_FACE('',(#300,#96),#171,.F.);
#2633=ADVANCED_FACE('',(#301),#2525,.T.);
#2634=ADVANCED_FACE('',(#302),#172,.T.);
#2635=ADVANCED_FACE('',(#303),#173,.T.);
#2636=ADVANCED_FACE('',(#304),#174,.T.);
#2637=ADVANCED_FACE('',(#305),#175,.F.);
#2638=ADVANCED_FACE('',(#306),#2526,.T.);
#2639=ADVANCED_FACE('',(#307),#176,.T.);
#2640=ADVANCED_FACE('',(#308),#177,.T.);
#2641=ADVANCED_FACE('',(#309),#178,.T.);
#2642=ADVANCED_FACE('',(#310),#179,.F.);
#2643=ADVANCED_FACE('',(#311),#2527,.F.);
#2644=ADVANCED_FACE('',(#312),#180,.T.);
#2645=ADVANCED_FACE('',(#313),#181,.T.);
#2646=ADVANCED_FACE('',(#314),#182,.T.);
#2647=ADVANCED_FACE('',(#315),#2528,.T.);
#2648=ADVANCED_FACE('',(#316,#97),#183,.T.);
#2649=ADVANCED_FACE('',(#317,#98),#184,.F.);
#2650=ADVANCED_FACE('',(#318),#2529,.T.);
#2651=ADVANCED_FACE('',(#319),#185,.T.);
#2652=ADVANCED_FACE('',(#320),#186,.T.);
#2653=ADVANCED_FACE('',(#321),#187,.T.);
#2654=ADVANCED_FACE('',(#322),#188,.F.);
#2655=ADVANCED_FACE('',(#323),#2530,.T.);
#2656=ADVANCED_FACE('',(#324),#189,.T.);
#2657=ADVANCED_FACE('',(#325),#190,.T.);
#2658=ADVANCED_FACE('',(#326),#191,.T.);
#2659=ADVANCED_FACE('',(#327),#192,.F.);
#2660=ADVANCED_FACE('',(#328),#2531,.F.);
#2661=ADVANCED_FACE('',(#329),#193,.T.);
#2662=ADVANCED_FACE('',(#330),#194,.T.);
#2663=ADVANCED_FACE('',(#331),#195,.T.);
#2664=ADVANCED_FACE('',(#332),#2532,.T.);
#2665=ADVANCED_FACE('',(#333,#99),#196,.T.);
#2666=ADVANCED_FACE('',(#334,#100),#197,.F.);
#2667=ADVANCED_FACE('',(#335),#2533,.T.);
#2668=ADVANCED_FACE('',(#336),#198,.T.);
#2669=ADVANCED_FACE('',(#337),#199,.T.);
#2670=ADVANCED_FACE('',(#338),#200,.T.);
#2671=ADVANCED_FACE('',(#339),#201,.F.);
#2672=ADVANCED_FACE('',(#340),#2534,.T.);
#2673=ADVANCED_FACE('',(#341),#202,.T.);
#2674=ADVANCED_FACE('',(#342),#203,.T.);
#2675=ADVANCED_FACE('',(#343),#204,.T.);
#2676=ADVANCED_FACE('',(#344),#205,.F.);
#2677=ADVANCED_FACE('',(#345),#2535,.F.);
#2678=ADVANCED_FACE('',(#346),#2536,.F.);
#2679=ADVANCED_FACE('',(#347),#2537,.F.);
#2680=ADVANCED_FACE('',(#348),#2538,.F.);
#2681=ADVANCED_FACE('',(#349),#19,.T.);
#2682=ADVANCED_FACE('',(#350),#2539,.F.);
#2683=ADVANCED_FACE('',(#351,#101,#102,#103,#104,#105),#206,.T.);
#2684=ADVANCED_FACE('',(#352),#20,.T.);
#2685=ADVANCED_FACE('',(#353),#2540,.T.);
#2686=ADVANCED_FACE('',(#354),#2541,.F.);
#2687=ADVANCED_FACE('',(#355),#207,.T.);
#2688=ADVANCED_FACE('',(#356),#2542,.T.);
#2689=ADVANCED_FACE('',(#357),#208,.T.);
#2690=ADVANCED_FACE('',(#358),#2543,.T.);
#2691=ADVANCED_FACE('',(#359),#209,.T.);
#2692=ADVANCED_FACE('',(#360),#2544,.T.);
#2693=ADVANCED_FACE('',(#361),#210,.T.);
#2694=ADVANCED_FACE('',(#362),#211,.T.);
#2695=ADVANCED_FACE('',(#363),#212,.T.);
#2696=ADVANCED_FACE('',(#364),#2545,.T.);
#2697=ADVANCED_FACE('',(#365),#213,.T.);
#2698=ADVANCED_FACE('',(#366),#2546,.T.);
#2699=ADVANCED_FACE('',(#367),#214,.T.);
#2700=ADVANCED_FACE('',(#368),#2547,.T.);
#2701=ADVANCED_FACE('',(#369),#215,.T.);
#2702=ADVANCED_FACE('',(#370),#2548,.F.);
#2703=ADVANCED_FACE('',(#371,#106,#107,#108,#109,#110),#216,.F.);
#2704=ADVANCED_FACE('',(#372),#2549,.F.);
#2705=ADVANCED_FACE('',(#373),#2550,.T.);
#2706=ADVANCED_FACE('',(#374,#111),#217,.T.);
#2707=ADVANCED_FACE('',(#375,#112),#218,.F.);
#2708=ADVANCED_FACE('',(#376),#13,.T.);
#2709=ADVANCED_FACE('',(#377),#2551,.F.);
#2710=ADVANCED_FACE('',(#378,#113),#219,.F.);
#2711=ADVANCED_FACE('',(#379),#2552,.F.);
#2712=ADVANCED_FACE('',(#380),#2553,.T.);
#2713=ADVANCED_FACE('',(#381,#114),#220,.T.);
#2714=ADVANCED_FACE('',(#382,#115),#221,.F.);
#2715=ADVANCED_FACE('',(#383),#14,.T.);
#2716=ADVANCED_FACE('',(#384),#2554,.F.);
#2717=ADVANCED_FACE('',(#385,#116),#222,.F.);
#2718=ADVANCED_FACE('',(#386),#2555,.F.);
#2719=ADVANCED_FACE('',(#387),#2556,.T.);
#2720=ADVANCED_FACE('',(#388,#117),#223,.T.);
#2721=ADVANCED_FACE('',(#389,#118),#224,.F.);
#2722=ADVANCED_FACE('',(#390),#15,.T.);
#2723=ADVANCED_FACE('',(#391),#2557,.F.);
#2724=ADVANCED_FACE('',(#392,#119),#225,.F.);
#2725=ADVANCED_FACE('',(#393),#2558,.F.);
#2726=ADVANCED_FACE('',(#394),#2559,.T.);
#2727=ADVANCED_FACE('',(#395,#120),#226,.T.);
#2728=ADVANCED_FACE('',(#396,#121),#227,.F.);
#2729=ADVANCED_FACE('',(#397),#16,.T.);
#2730=ADVANCED_FACE('',(#398),#2560,.F.);
#2731=ADVANCED_FACE('',(#399,#122),#228,.F.);
#2732=CLOSED_SHELL('',(#2561,#2562,#2563,#2564,#2565,#2566,#2567,#2568,
#2569,#2570,#2571,#2572,#2573,#2574));
#2733=CLOSED_SHELL('',(#2575,#2576,#2577,#2578,#2579,#2580,#2581));
#2734=CLOSED_SHELL('',(#2582,#2583,#2584,#2585,#2586));
#2735=CLOSED_SHELL('',(#2587,#2588,#2589,#2590,#2591));
#2736=CLOSED_SHELL('',(#2592,#2593,#2594,#2595,#2596,#2597,#2598));
#2737=CLOSED_SHELL('',(#2599,#2600,#2601,#2602,#2603));
#2738=CLOSED_SHELL('',(#2604,#2605,#2606,#2607,#2608));
#2739=CLOSED_SHELL('',(#2609,#2610,#2611,#2612,#2613,#2614,#2615));
#2740=CLOSED_SHELL('',(#2616,#2617,#2618,#2619,#2620));
#2741=CLOSED_SHELL('',(#2621,#2622,#2623,#2624,#2625));
#2742=CLOSED_SHELL('',(#2626,#2627,#2628,#2629,#2630,#2631,#2632));
#2743=CLOSED_SHELL('',(#2633,#2634,#2635,#2636,#2637));
#2744=CLOSED_SHELL('',(#2638,#2639,#2640,#2641,#2642));
#2745=CLOSED_SHELL('',(#2643,#2644,#2645,#2646,#2647,#2648,#2649));
#2746=CLOSED_SHELL('',(#2650,#2651,#2652,#2653,#2654));
#2747=CLOSED_SHELL('',(#2655,#2656,#2657,#2658,#2659));
#2748=CLOSED_SHELL('',(#2660,#2661,#2662,#2663,#2664,#2665,#2666));
#2749=CLOSED_SHELL('',(#2667,#2668,#2669,#2670,#2671));
#2750=CLOSED_SHELL('',(#2672,#2673,#2674,#2675,#2676));
#2751=CLOSED_SHELL('',(#2677,#2678,#2679,#2680,#2681,#2682,#2683,#2684,
#2685,#2686,#2687,#2688,#2689,#2690,#2691,#2692,#2693,#2694,#2695,#2696,
#2697,#2698,#2699,#2700,#2701,#2702,#2703));
#2752=CLOSED_SHELL('',(#2704,#2705,#2706,#2707));
#2753=CLOSED_SHELL('',(#2708,#2709,#2710));
#2754=CLOSED_SHELL('',(#2711,#2712,#2713,#2714));
#2755=CLOSED_SHELL('',(#2715,#2716,#2717));
#2756=CLOSED_SHELL('',(#2718,#2719,#2720,#2721));
#2757=CLOSED_SHELL('',(#2722,#2723,#2724));
#2758=CLOSED_SHELL('',(#2725,#2726,#2727,#2728));
#2759=CLOSED_SHELL('',(#2729,#2730,#2731));
#2760=DERIVED_UNIT_ELEMENT(#2762,1.);
#2761=DERIVED_UNIT_ELEMENT(#4799,-3.);
#2762=(
MASS_UNIT()
NAMED_UNIT(*)
SI_UNIT(.KILO.,.GRAM.)
);
#2763=DERIVED_UNIT((#2760,#2761));
#2764=MEASURE_REPRESENTATION_ITEM('density measure',
POSITIVE_RATIO_MEASURE(7850.),#2763);
#2765=PROPERTY_DEFINITION_REPRESENTATION(#2770,#2767);
#2766=PROPERTY_DEFINITION_REPRESENTATION(#2771,#2768);
#2767=REPRESENTATION('material name',(#2769),#4796);
#2768=REPRESENTATION('density',(#2764),#4796);
#2769=DESCRIPTIVE_REPRESENTATION_ITEM('Steel','Steel');
#2770=PROPERTY_DEFINITION('material property','material name',#4806);
#2771=PROPERTY_DEFINITION('material property','density of part',#4806);
#2772=AXIS2_PLACEMENT_3D('',#3899,#3074,#3075);
#2773=AXIS2_PLACEMENT_3D('',#3900,#3076,#3077);
#2774=AXIS2_PLACEMENT_3D('',#3902,#3078,#3079);
#2775=AXIS2_PLACEMENT_3D('',#3905,#3081,#3082);
#2776=AXIS2_PLACEMENT_3D('',#3906,#3083,#3084);
#2777=AXIS2_PLACEMENT_3D('',#3908,#3085,#3086);
#2778=AXIS2_PLACEMENT_3D('',#3911,#3088,#3089);
#2779=AXIS2_PLACEMENT_3D('',#3912,#3090,#3091);
#2780=AXIS2_PLACEMENT_3D('',#3914,#3092,#3093);
#2781=AXIS2_PLACEMENT_3D('',#3917,#3095,#3096);
#2782=AXIS2_PLACEMENT_3D('',#3918,#3097,#3098);
#2783=AXIS2_PLACEMENT_3D('',#3920,#3099,#3100);
#2784=AXIS2_PLACEMENT_3D('',#3923,#3102,#3103);
#2785=AXIS2_PLACEMENT_3D('',#3924,#3104,#3105);
#2786=AXIS2_PLACEMENT_3D('',#3926,#3106,#3107);
#2787=AXIS2_PLACEMENT_3D('',#3929,#3109,#3110);
#2788=AXIS2_PLACEMENT_3D('',#3930,#3111,#3112);
#2789=AXIS2_PLACEMENT_3D('',#3932,#3113,#3114);
#2790=AXIS2_PLACEMENT_3D('',#3935,#3116,#3117);
#2791=AXIS2_PLACEMENT_3D('',#3936,#3118,#3119);
#2792=AXIS2_PLACEMENT_3D('',#3945,#3124,#3125);
#2793=AXIS2_PLACEMENT_3D('',#3947,#3126,#3127);
#2794=AXIS2_PLACEMENT_3D('',#3949,#3128,#3129);
#2795=AXIS2_PLACEMENT_3D('',#3951,#3131,#3132);
#2796=AXIS2_PLACEMENT_3D('',#3957,#3136,#3137);
#2797=AXIS2_PLACEMENT_3D('',#3959,#3138,#3139);
#2798=AXIS2_PLACEMENT_3D('',#3961,#3140,#3141);
#2799=AXIS2_PLACEMENT_3D('',#3963,#3143,#3144);
#2800=AXIS2_PLACEMENT_3D('',#3969,#3148,#3149);
#2801=AXIS2_PLACEMENT_3D('',#3970,#3150,#3151);
#2802=AXIS2_PLACEMENT_3D('',#3971,#3152,#3153);
#2803=AXIS2_PLACEMENT_3D('',#3972,#3154,#3155);
#2804=AXIS2_PLACEMENT_3D('',#3973,#3156,#3157);
#2805=AXIS2_PLACEMENT_3D('',#3974,#3158,#3159);
#2806=AXIS2_PLACEMENT_3D('',#3976,#3160,#3161);
#2807=AXIS2_PLACEMENT_3D('',#3979,#3163,#3164);
#2808=AXIS2_PLACEMENT_3D('',#3980,#3165,#3166);
#2809=AXIS2_PLACEMENT_3D('',#3989,#3171,#3172);
#2810=AXIS2_PLACEMENT_3D('',#3995,#3176,#3177);
#2811=AXIS2_PLACEMENT_3D('',#4001,#3181,#3182);
#2812=AXIS2_PLACEMENT_3D('',#4002,#3183,#3184);
#2813=AXIS2_PLACEMENT_3D('',#4003,#3185,#3186);
#2814=AXIS2_PLACEMENT_3D('',#4004,#3187,#3188);
#2815=AXIS2_PLACEMENT_3D('',#4005,#3189,#3190);
#2816=AXIS2_PLACEMENT_3D('',#4006,#3191,#3192);
#2817=AXIS2_PLACEMENT_3D('',#4009,#3193,#3194);
#2818=AXIS2_PLACEMENT_3D('',#4013,#3196,#3197);
#2819=AXIS2_PLACEMENT_3D('',#4015,#3199,#3200);
#2820=AXIS2_PLACEMENT_3D('',#4019,#3203,#3204);
#2821=AXIS2_PLACEMENT_3D('',#4023,#3207,#3208);
#2822=AXIS2_PLACEMENT_3D('',#4025,#3210,#3211);
#2823=AXIS2_PLACEMENT_3D('',#4026,#3212,#3213);
#2824=AXIS2_PLACEMENT_3D('',#4029,#3214,#3215);
#2825=AXIS2_PLACEMENT_3D('',#4033,#3217,#3218);
#2826=AXIS2_PLACEMENT_3D('',#4035,#3220,#3221);
#2827=AXIS2_PLACEMENT_3D('',#4039,#3224,#3225);
#2828=AXIS2_PLACEMENT_3D('',#4043,#3228,#3229);
#2829=AXIS2_PLACEMENT_3D('',#4045,#3231,#3232);
#2830=AXIS2_PLACEMENT_3D('',#4046,#3233,#3234);
#2831=AXIS2_PLACEMENT_3D('',#4048,#3235,#3236);
#2832=AXIS2_PLACEMENT_3D('',#4051,#3238,#3239);
#2833=AXIS2_PLACEMENT_3D('',#4052,#3240,#3241);
#2834=AXIS2_PLACEMENT_3D('',#4061,#3246,#3247);
#2835=AXIS2_PLACEMENT_3D('',#4067,#3251,#3252);
#2836=AXIS2_PLACEMENT_3D('',#4073,#3256,#3257);
#2837=AXIS2_PLACEMENT_3D('',#4074,#3258,#3259);
#2838=AXIS2_PLACEMENT_3D('',#4075,#3260,#3261);
#2839=AXIS2_PLACEMENT_3D('',#4076,#3262,#3263);
#2840=AXIS2_PLACEMENT_3D('',#4077,#3264,#3265);
#2841=AXIS2_PLACEMENT_3D('',#4078,#3266,#3267);
#2842=AXIS2_PLACEMENT_3D('',#4081,#3268,#3269);
#2843=AXIS2_PLACEMENT_3D('',#4085,#3271,#3272);
#2844=AXIS2_PLACEMENT_3D('',#4087,#3274,#3275);
#2845=AXIS2_PLACEMENT_3D('',#4091,#3278,#3279);
#2846=AXIS2_PLACEMENT_3D('',#4095,#3282,#3283);
#2847=AXIS2_PLACEMENT_3D('',#4097,#3285,#3286);
#2848=AXIS2_PLACEMENT_3D('',#4098,#3287,#3288);
#2849=AXIS2_PLACEMENT_3D('',#4101,#3289,#3290);
#2850=AXIS2_PLACEMENT_3D('',#4105,#3292,#3293);
#2851=AXIS2_PLACEMENT_3D('',#4107,#3295,#3296);
#2852=AXIS2_PLACEMENT_3D('',#4111,#3299,#3300);
#2853=AXIS2_PLACEMENT_3D('',#4115,#3303,#3304);
#2854=AXIS2_PLACEMENT_3D('',#4117,#3306,#3307);
#2855=AXIS2_PLACEMENT_3D('',#4118,#3308,#3309);
#2856=AXIS2_PLACEMENT_3D('',#4120,#3310,#3311);
#2857=AXIS2_PLACEMENT_3D('',#4123,#3313,#3314);
#2858=AXIS2_PLACEMENT_3D('',#4124,#3315,#3316);
#2859=AXIS2_PLACEMENT_3D('',#4133,#3321,#3322);
#2860=AXIS2_PLACEMENT_3D('',#4139,#3326,#3327);
#2861=AXIS2_PLACEMENT_3D('',#4145,#3331,#3332);
#2862=AXIS2_PLACEMENT_3D('',#4146,#3333,#3334);
#2863=AXIS2_PLACEMENT_3D('',#4147,#3335,#3336);
#2864=AXIS2_PLACEMENT_3D('',#4148,#3337,#3338);
#2865=AXIS2_PLACEMENT_3D('',#4149,#3339,#3340);
#2866=AXIS2_PLACEMENT_3D('',#4150,#3341,#3342);
#2867=AXIS2_PLACEMENT_3D('',#4153,#3343,#3344);
#2868=AXIS2_PLACEMENT_3D('',#4157,#3346,#3347);
#2869=AXIS2_PLACEMENT_3D('',#4159,#3349,#3350);
#2870=AXIS2_PLACEMENT_3D('',#4163,#3353,#3354);
#2871=AXIS2_PLACEMENT_3D('',#4167,#3357,#3358);
#2872=AXIS2_PLACEMENT_3D('',#4169,#3360,#3361);
#2873=AXIS2_PLACEMENT_3D('',#4170,#3362,#3363);
#2874=AXIS2_PLACEMENT_3D('',#4173,#3364,#3365);
#2875=AXIS2_PLACEMENT_3D('',#4177,#3367,#3368);
#2876=AXIS2_PLACEMENT_3D('',#4179,#3370,#3371);
#2877=AXIS2_PLACEMENT_3D('',#4183,#3374,#3375);
#2878=AXIS2_PLACEMENT_3D('',#4187,#3378,#3379);
#2879=AXIS2_PLACEMENT_3D('',#4189,#3381,#3382);
#2880=AXIS2_PLACEMENT_3D('',#4190,#3383,#3384);
#2881=AXIS2_PLACEMENT_3D('',#4192,#3385,#3386);
#2882=AXIS2_PLACEMENT_3D('',#4195,#3388,#3389);
#2883=AXIS2_PLACEMENT_3D('',#4196,#3390,#3391);
#2884=AXIS2_PLACEMENT_3D('',#4205,#3396,#3397);
#2885=AXIS2_PLACEMENT_3D('',#4211,#3401,#3402);
#2886=AXIS2_PLACEMENT_3D('',#4217,#3406,#3407);
#2887=AXIS2_PLACEMENT_3D('',#4218,#3408,#3409);
#2888=AXIS2_PLACEMENT_3D('',#4219,#3410,#3411);
#2889=AXIS2_PLACEMENT_3D('',#4220,#3412,#3413);
#2890=AXIS2_PLACEMENT_3D('',#4221,#3414,#3415);
#2891=AXIS2_PLACEMENT_3D('',#4222,#3416,#3417);
#2892=AXIS2_PLACEMENT_3D('',#4225,#3418,#3419);
#2893=AXIS2_PLACEMENT_3D('',#4229,#3421,#3422);
#2894=AXIS2_PLACEMENT_3D('',#4231,#3424,#3425);
#2895=AXIS2_PLACEMENT_3D('',#4235,#3428,#3429);
#2896=AXIS2_PLACEMENT_3D('',#4239,#3432,#3433);
#2897=AXIS2_PLACEMENT_3D('',#4241,#3435,#3436);
#2898=AXIS2_PLACEMENT_3D('',#4242,#3437,#3438);
#2899=AXIS2_PLACEMENT_3D('',#4245,#3439,#3440);
#2900=AXIS2_PLACEMENT_3D('',#4249,#3442,#3443);
#2901=AXIS2_PLACEMENT_3D('',#4251,#3445,#3446);
#2902=AXIS2_PLACEMENT_3D('',#4255,#3449,#3450);
#2903=AXIS2_PLACEMENT_3D('',#4259,#3453,#3454);
#2904=AXIS2_PLACEMENT_3D('',#4261,#3456,#3457);
#2905=AXIS2_PLACEMENT_3D('',#4262,#3458,#3459);
#2906=AXIS2_PLACEMENT_3D('',#4264,#3460,#3461);
#2907=AXIS2_PLACEMENT_3D('',#4267,#3463,#3464);
#2908=AXIS2_PLACEMENT_3D('',#4268,#3465,#3466);
#2909=AXIS2_PLACEMENT_3D('',#4277,#3471,#3472);
#2910=AXIS2_PLACEMENT_3D('',#4283,#3476,#3477);
#2911=AXIS2_PLACEMENT_3D('',#4289,#3481,#3482);
#2912=AXIS2_PLACEMENT_3D('',#4290,#3483,#3484);
#2913=AXIS2_PLACEMENT_3D('',#4291,#3485,#3486);
#2914=AXIS2_PLACEMENT_3D('',#4292,#3487,#3488);
#2915=AXIS2_PLACEMENT_3D('',#4293,#3489,#3490);
#2916=AXIS2_PLACEMENT_3D('',#4294,#3491,#3492);
#2917=AXIS2_PLACEMENT_3D('',#4297,#3493,#3494);
#2918=AXIS2_PLACEMENT_3D('',#4301,#3496,#3497);
#2919=AXIS2_PLACEMENT_3D('',#4303,#3499,#3500);
#2920=AXIS2_PLACEMENT_3D('',#4307,#3503,#3504);
#2921=AXIS2_PLACEMENT_3D('',#4311,#3507,#3508);
#2922=AXIS2_PLACEMENT_3D('',#4313,#3510,#3511);
#2923=AXIS2_PLACEMENT_3D('',#4314,#3512,#3513);
#2924=AXIS2_PLACEMENT_3D('',#4317,#3514,#3515);
#2925=AXIS2_PLACEMENT_3D('',#4321,#3517,#3518);
#2926=AXIS2_PLACEMENT_3D('',#4323,#3520,#3521);
#2927=AXIS2_PLACEMENT_3D('',#4327,#3524,#3525);
#2928=AXIS2_PLACEMENT_3D('',#4331,#3528,#3529);
#2929=AXIS2_PLACEMENT_3D('',#4333,#3531,#3532);
#2930=AXIS2_PLACEMENT_3D('',#4334,#3533,#3534);
#2931=AXIS2_PLACEMENT_3D('',#4336,#3535,#3536);
#2932=AXIS2_PLACEMENT_3D('',#4339,#3538,#3539);
#2933=AXIS2_PLACEMENT_3D('',#4340,#3540,#3541);
#2934=AXIS2_PLACEMENT_3D('',#4349,#3546,#3547);
#2935=AXIS2_PLACEMENT_3D('',#4355,#3551,#3552);
#2936=AXIS2_PLACEMENT_3D('',#4361,#3556,#3557);
#2937=AXIS2_PLACEMENT_3D('',#4362,#3558,#3559);
#2938=AXIS2_PLACEMENT_3D('',#4363,#3560,#3561);
#2939=AXIS2_PLACEMENT_3D('',#4364,#3562,#3563);
#2940=AXIS2_PLACEMENT_3D('',#4365,#3564,#3565);
#2941=AXIS2_PLACEMENT_3D('',#4366,#3566,#3567);
#2942=AXIS2_PLACEMENT_3D('',#4369,#3568,#3569);
#2943=AXIS2_PLACEMENT_3D('',#4373,#3571,#3572);
#2944=AXIS2_PLACEMENT_3D('',#4375,#3574,#3575);
#2945=AXIS2_PLACEMENT_3D('',#4379,#3578,#3579);
#2946=AXIS2_PLACEMENT_3D('',#4383,#3582,#3583);
#2947=AXIS2_PLACEMENT_3D('',#4385,#3585,#3586);
#2948=AXIS2_PLACEMENT_3D('',#4386,#3587,#3588);
#2949=AXIS2_PLACEMENT_3D('',#4389,#3589,#3590);
#2950=AXIS2_PLACEMENT_3D('',#4393,#3592,#3593);
#2951=AXIS2_PLACEMENT_3D('',#4395,#3595,#3596);
#2952=AXIS2_PLACEMENT_3D('',#4399,#3599,#3600);
#2953=AXIS2_PLACEMENT_3D('',#4403,#3603,#3604);
#2954=AXIS2_PLACEMENT_3D('',#4405,#3606,#3607);
#2955=AXIS2_PLACEMENT_3D('',#4406,#3608,#3609);
#2956=AXIS2_PLACEMENT_3D('',#4408,#3610,#3611);
#2957=AXIS2_PLACEMENT_3D('',#4411,#3613,#3614);
#2958=AXIS2_PLACEMENT_3D('',#4412,#3615,#3616);
#2959=AXIS2_PLACEMENT_3D('',#4414,#3617,#3618);
#2960=AXIS2_PLACEMENT_3D('',#4417,#3620,#3621);
#2961=AXIS2_PLACEMENT_3D('',#4418,#3622,#3623);
#2962=AXIS2_PLACEMENT_3D('',#4420,#3624,#3625);
#2963=AXIS2_PLACEMENT_3D('',#4423,#3627,#3628);
#2964=AXIS2_PLACEMENT_3D('',#4424,#3629,#3630);
#2965=AXIS2_PLACEMENT_3D('',#4426,#3631,#3632);
#2966=AXIS2_PLACEMENT_3D('',#4429,#3634,#3635);
#2967=AXIS2_PLACEMENT_3D('',#4430,#3636,#3637);
#2968=AXIS2_PLACEMENT_3D('',#4432,#3638,#3639);
#2969=AXIS2_PLACEMENT_3D('',#4434,#3640,#3641);
#2970=AXIS2_PLACEMENT_3D('',#4436,#3642,#3643);
#2971=AXIS2_PLACEMENT_3D('',#4437,#3644,#3645);
#2972=AXIS2_PLACEMENT_3D('',#4438,#3646,#3647);
#2973=AXIS2_PLACEMENT_3D('',#4441,#3649,#3650);
#2974=AXIS2_PLACEMENT_3D('',#4442,#3651,#3652);
#2975=AXIS2_PLACEMENT_3D('',#4445,#3653,#3654);
#2976=AXIS2_PLACEMENT_3D('',#4449,#3656,#3657);
#2977=AXIS2_PLACEMENT_3D('',#4453,#3659,#3660);
#2978=AXIS2_PLACEMENT_3D('',#4457,#3662,#3663);
#2979=AXIS2_PLACEMENT_3D('',#4465,#3667,#3668);
#2980=AXIS2_PLACEMENT_3D('',#4469,#3670,#3671);
#2981=AXIS2_PLACEMENT_3D('',#4473,#3673,#3674);
#2982=AXIS2_PLACEMENT_3D('',#4477,#3676,#3677);
#2983=AXIS2_PLACEMENT_3D('',#4478,#3678,#3679);
#2984=AXIS2_PLACEMENT_3D('',#4479,#3680,#3681);
#2985=AXIS2_PLACEMENT_3D('',#4494,#3682,#3683);
#2986=AXIS2_PLACEMENT_3D('',#4509,#3684,#3685);
#2987=AXIS2_PLACEMENT_3D('',#4513,#3687,#3688);
#2988=AXIS2_PLACEMENT_3D('',#4515,#3690,#3691);
#2989=AXIS2_PLACEMENT_3D('',#4517,#3692,#3693);
#2990=AXIS2_PLACEMENT_3D('',#4519,#3695,#3696);
#2991=AXIS2_PLACEMENT_3D('',#4523,#3699,#3700);
#2992=AXIS2_PLACEMENT_3D('',#4525,#3701,#3702);
#2993=AXIS2_PLACEMENT_3D('',#4527,#3704,#3705);
#2994=AXIS2_PLACEMENT_3D('',#4531,#3708,#3709);
#2995=AXIS2_PLACEMENT_3D('',#4533,#3710,#3711);
#2996=AXIS2_PLACEMENT_3D('',#4535,#3713,#3714);
#2997=AXIS2_PLACEMENT_3D('',#4539,#3717,#3718);
#2998=AXIS2_PLACEMENT_3D('',#4541,#3719,#3720);
#2999=AXIS2_PLACEMENT_3D('',#4543,#3722,#3723);
#3000=AXIS2_PLACEMENT_3D('',#4547,#3726,#3727);
#3001=AXIS2_PLACEMENT_3D('',#4551,#3730,#3731);
#3002=AXIS2_PLACEMENT_3D('',#4555,#3734,#3735);
#3003=AXIS2_PLACEMENT_3D('',#4557,#3736,#3737);
#3004=AXIS2_PLACEMENT_3D('',#4559,#3739,#3740);
#3005=AXIS2_PLACEMENT_3D('',#4563,#3743,#3744);
#3006=AXIS2_PLACEMENT_3D('',#4565,#3745,#3746);
#3007=AXIS2_PLACEMENT_3D('',#4567,#3748,#3749);
#3008=AXIS2_PLACEMENT_3D('',#4571,#3752,#3753);
#3009=AXIS2_PLACEMENT_3D('',#4573,#3754,#3755);
#3010=AXIS2_PLACEMENT_3D('',#4575,#3757,#3758);
#3011=AXIS2_PLACEMENT_3D('',#4579,#3761,#3762);
#3012=AXIS2_PLACEMENT_3D('',#4580,#3763,#3764);
#3013=AXIS2_PLACEMENT_3D('',#4581,#3765,#3766);
#3014=AXIS2_PLACEMENT_3D('',#4582,#3767,#3768);
#3015=AXIS2_PLACEMENT_3D('',#4584,#3769,#3770);
#3016=AXIS2_PLACEMENT_3D('',#4587,#3772,#3773);
#3017=AXIS2_PLACEMENT_3D('',#4588,#3774,#3775);
#3018=AXIS2_PLACEMENT_3D('',#4590,#3776,#3777);
#3019=AXIS2_PLACEMENT_3D('',#4593,#3779,#3780);
#3020=AXIS2_PLACEMENT_3D('',#4594,#3781,#3782);
#3021=AXIS2_PLACEMENT_3D('',#4595,#3783,#3784);
#3022=AXIS2_PLACEMENT_3D('',#4624,#3785,#3786);
#3023=AXIS2_PLACEMENT_3D('',#4626,#3787,#3788);
#3024=AXIS2_PLACEMENT_3D('',#4628,#3789,#3790);
#3025=AXIS2_PLACEMENT_3D('',#4629,#3791,#3792);
#3026=AXIS2_PLACEMENT_3D('',#4630,#3793,#3794);
#3027=AXIS2_PLACEMENT_3D('',#4633,#3796,#3797);
#3028=AXIS2_PLACEMENT_3D('',#4634,#3798,#3799);
#3029=AXIS2_PLACEMENT_3D('',#4635,#3800,#3801);
#3030=AXIS2_PLACEMENT_3D('',#4637,#3802,#3803);
#3031=AXIS2_PLACEMENT_3D('',#4640,#3805,#3806);
#3032=AXIS2_PLACEMENT_3D('',#4641,#3807,#3808);
#3033=AXIS2_PLACEMENT_3D('',#4643,#3809,#3810);
#3034=AXIS2_PLACEMENT_3D('',#4646,#3812,#3813);
#3035=AXIS2_PLACEMENT_3D('',#4647,#3814,#3815);
#3036=AXIS2_PLACEMENT_3D('',#4648,#3816,#3817);
#3037=AXIS2_PLACEMENT_3D('',#4677,#3818,#3819);
#3038=AXIS2_PLACEMENT_3D('',#4679,#3820,#3821);
#3039=AXIS2_PLACEMENT_3D('',#4681,#3822,#3823);
#3040=AXIS2_PLACEMENT_3D('',#4682,#3824,#3825);
#3041=AXIS2_PLACEMENT_3D('',#4683,#3826,#3827);
#3042=AXIS2_PLACEMENT_3D('',#4686,#3829,#3830);
#3043=AXIS2_PLACEMENT_3D('',#4687,#3831,#3832);
#3044=AXIS2_PLACEMENT_3D('',#4688,#3833,#3834);
#3045=AXIS2_PLACEMENT_3D('',#4690,#3835,#3836);
#3046=AXIS2_PLACEMENT_3D('',#4693,#3838,#3839);
#3047=AXIS2_PLACEMENT_3D('',#4694,#3840,#3841);
#3048=AXIS2_PLACEMENT_3D('',#4696,#3842,#3843);
#3049=AXIS2_PLACEMENT_3D('',#4699,#3845,#3846);
#3050=AXIS2_PLACEMENT_3D('',#4700,#3847,#3848);
#3051=AXIS2_PLACEMENT_3D('',#4701,#3849,#3850);
#3052=AXIS2_PLACEMENT_3D('',#4730,#3851,#3852);
#3053=AXIS2_PLACEMENT_3D('',#4732,#3853,#3854);
#3054=AXIS2_PLACEMENT_3D('',#4734,#3855,#3856);
#3055=AXIS2_PLACEMENT_3D('',#4735,#3857,#3858);
#3056=AXIS2_PLACEMENT_3D('',#4736,#3859,#3860);
#3057=AXIS2_PLACEMENT_3D('',#4739,#3862,#3863);
#3058=AXIS2_PLACEMENT_3D('',#4740,#3864,#3865);
#3059=AXIS2_PLACEMENT_3D('',#4741,#3866,#3867);
#3060=AXIS2_PLACEMENT_3D('',#4743,#3868,#3869);
#3061=AXIS2_PLACEMENT_3D('',#4746,#3871,#3872);
#3062=AXIS2_PLACEMENT_3D('',#4747,#3873,#3874);
#3063=AXIS2_PLACEMENT_3D('',#4749,#3875,#3876);
#3064=AXIS2_PLACEMENT_3D('',#4752,#3878,#3879);
#3065=AXIS2_PLACEMENT_3D('',#4753,#3880,#3881);
#3066=AXIS2_PLACEMENT_3D('',#4754,#3882,#3883);
#3067=AXIS2_PLACEMENT_3D('',#4783,#3884,#3885);
#3068=AXIS2_PLACEMENT_3D('',#4785,#3886,#3887);
#3069=AXIS2_PLACEMENT_3D('',#4787,#3888,#3889);
#3070=AXIS2_PLACEMENT_3D('',#4788,#3890,#3891);
#3071=AXIS2_PLACEMENT_3D('',#4789,#3892,#3893);
#3072=AXIS2_PLACEMENT_3D('',#4792,#3895,#3896);
#3073=AXIS2_PLACEMENT_3D('',#4793,#3897,#3898);
#3074=DIRECTION('axis',(0.,0.,1.));
#3075=DIRECTION('refdir',(1.,0.,0.));
#3076=DIRECTION('center_axis',(0.,0.,-1.));
#3077=DIRECTION('ref_axis',(1.,0.,0.));
#3078=DIRECTION('center_axis',(0.,0.,-1.));
#3079=DIRECTION('ref_axis',(1.,0.,0.));
#3080=DIRECTION('',(0.,0.,-1.));
#3081=DIRECTION('center_axis',(0.,0.,1.));
#3082=DIRECTION('ref_axis',(1.,0.,0.));
#3083=DIRECTION('center_axis',(0.,0.,-1.));
#3084=DIRECTION('ref_axis',(1.,0.,0.));
#3085=DIRECTION('center_axis',(0.,0.,-1.));
#3086=DIRECTION('ref_axis',(1.,0.,0.));
#3087=DIRECTION('',(0.,0.,-1.));
#3088=DIRECTION('center_axis',(0.,0.,1.));
#3089=DIRECTION('ref_axis',(1.,0.,0.));
#3090=DIRECTION('center_axis',(0.,0.,-1.));
#3091=DIRECTION('ref_axis',(1.,0.,0.));
#3092=DIRECTION('center_axis',(0.,0.,-1.));
#3093=DIRECTION('ref_axis',(1.,0.,0.));
#3094=DIRECTION('',(0.,0.,-1.));
#3095=DIRECTION('center_axis',(0.,0.,1.));
#3096=DIRECTION('ref_axis',(1.,0.,0.));
#3097=DIRECTION('center_axis',(0.,0.,-1.));
#3098=DIRECTION('ref_axis',(1.,0.,0.));
#3099=DIRECTION('center_axis',(0.,0.,-1.));
#3100=DIRECTION('ref_axis',(1.,0.,0.));
#3101=DIRECTION('',(0.,0.,-1.));
#3102=DIRECTION('center_axis',(0.,0.,1.));
#3103=DIRECTION('ref_axis',(1.,0.,0.));
#3104=DIRECTION('center_axis',(0.,0.,-1.));
#3105=DIRECTION('ref_axis',(1.,0.,0.));
#3106=DIRECTION('center_axis',(0.,0.,-1.));
#3107=DIRECTION('ref_axis',(1.,0.,0.));
#3108=DIRECTION('',(0.,0.,-1.));
#3109=DIRECTION('center_axis',(0.,0.,1.));
#3110=DIRECTION('ref_axis',(1.,0.,0.));
#3111=DIRECTION('center_axis',(0.,0.,-1.));
#3112=DIRECTION('ref_axis',(1.,0.,0.));
#3113=DIRECTION('center_axis',(0.,0.,-1.));
#3114=DIRECTION('ref_axis',(1.,0.,0.));
#3115=DIRECTION('',(0.,0.,-1.));
#3116=DIRECTION('center_axis',(0.,0.,1.));
#3117=DIRECTION('ref_axis',(1.,0.,0.));
#3118=DIRECTION('center_axis',(1.,1.48029736616688E-16,0.));
#3119=DIRECTION('ref_axis',(-1.48029736616688E-16,1.,0.));
#3120=DIRECTION('',(-1.48029736616688E-16,1.,0.));
#3121=DIRECTION('',(0.,0.,1.));
#3122=DIRECTION('',(-1.48029736616688E-16,1.,0.));
#3123=DIRECTION('',(0.,0.,1.));
#3124=DIRECTION('center_axis',(0.,0.,1.));
#3125=DIRECTION('ref_axis',(-1.77635683940025E-15,-1.,0.));
#3126=DIRECTION('center_axis',(0.,0.,1.));
#3127=DIRECTION('ref_axis',(-1.77635683940025E-15,-1.,0.));
#3128=DIRECTION('center_axis',(0.,0.,1.));
#3129=DIRECTION('ref_axis',(-1.77635683940025E-15,-1.,0.));
#3130=DIRECTION('',(0.,0.,1.));
#3131=DIRECTION('center_axis',(0.,-1.,0.));
#3132=DIRECTION('ref_axis',(1.,0.,0.));
#3133=DIRECTION('',(1.,0.,0.));
#3134=DIRECTION('',(1.,0.,0.));
#3135=DIRECTION('',(0.,0.,1.));
#3136=DIRECTION('center_axis',(0.,0.,1.));
#3137=DIRECTION('ref_axis',(-1.,1.11022302462516E-15,0.));
#3138=DIRECTION('center_axis',(0.,0.,1.));
#3139=DIRECTION('ref_axis',(-1.,1.11022302462516E-15,0.));
#3140=DIRECTION('center_axis',(0.,0.,1.));
#3141=DIRECTION('ref_axis',(-1.,1.11022302462516E-15,0.));
#3142=DIRECTION('',(0.,0.,1.));
#3143=DIRECTION('center_axis',(-1.,-9.25185853854297E-18,0.));
#3144=DIRECTION('ref_axis',(9.25185853854297E-18,-1.,0.));
#3145=DIRECTION('',(9.25185853854297E-18,-1.,0.));
#3146=DIRECTION('',(9.25185853854297E-18,-1.,0.));
#3147=DIRECTION('',(0.,0.,1.));
#3148=DIRECTION('center_axis',(0.,0.,1.));
#3149=DIRECTION('ref_axis',(1.,0.,0.));
#3150=DIRECTION('center_axis',(0.,0.,1.));
#3151=DIRECTION('ref_axis',(1.,0.,0.));
#3152=DIRECTION('center_axis',(0.,0.,1.));
#3153=DIRECTION('ref_axis',(1.,0.,0.));
#3154=DIRECTION('center_axis',(0.,0.,1.));
#3155=DIRECTION('ref_axis',(1.,0.,0.));
#3156=DIRECTION('center_axis',(0.,0.,1.));
#3157=DIRECTION('ref_axis',(1.,0.,0.));
#3158=DIRECTION('center_axis',(1.,0.,0.));
#3159=DIRECTION('ref_axis',(0.,-1.,0.));
#3160=DIRECTION('center_axis',(1.,0.,0.));
#3161=DIRECTION('ref_axis',(0.,-1.,0.));
#3162=DIRECTION('',(1.,0.,0.));
#3163=DIRECTION('center_axis',(-1.,0.,0.));
#3164=DIRECTION('ref_axis',(0.,-1.,0.));
#3165=DIRECTION('center_axis',(0.,1.,0.));
#3166=DIRECTION('ref_axis',(0.,0.,1.));
#3167=DIRECTION('',(0.,0.,1.));
#3168=DIRECTION('',(1.,0.,0.));
#3169=DIRECTION('',(0.,0.,1.));
#3170=DIRECTION('',(1.,0.,0.));
#3171=DIRECTION('center_axis',(0.,0.,-1.));
#3172=DIRECTION('ref_axis',(0.,1.,0.));
#3173=DIRECTION('',(0.,1.,0.));
#3174=DIRECTION('',(0.,1.,0.));
#3175=DIRECTION('',(1.,0.,0.));
#3176=DIRECTION('center_axis',(0.,-1.,0.));
#3177=DIRECTION('ref_axis',(0.,0.,-1.));
#3178=DIRECTION('',(0.,0.,-1.));
#3179=DIRECTION('',(0.,0.,-1.));
#3180=DIRECTION('',(1.,0.,0.));
#3181=DIRECTION('center_axis',(1.,0.,0.));
#3182=DIRECTION('ref_axis',(0.,1.,0.));
#3183=DIRECTION('center_axis',(1.,0.,0.));
#3184=DIRECTION('ref_axis',(0.,1.,0.));
#3185=DIRECTION('center_axis',(1.,0.,0.));
#3186=DIRECTION('ref_axis',(0.,1.,0.));
#3187=DIRECTION('center_axis',(1.,0.,0.));
#3188=DIRECTION('ref_axis',(0.,1.,0.));
#3189=DIRECTION('center_axis',(1.,0.,0.));
#3190=DIRECTION('ref_axis',(0.,1.,0.));
#3191=DIRECTION('center_axis',(1.,0.,0.));
#3192=DIRECTION('ref_axis',(0.,0.737665914968992,0.675165903976911));
#3193=DIRECTION('center_axis',(1.,0.,0.));
#3194=DIRECTION('ref_axis',(0.,0.737665914968992,0.675165903976911));
#3195=DIRECTION('',(1.,0.,0.));
#3196=DIRECTION('center_axis',(-1.,0.,0.));
#3197=DIRECTION('ref_axis',(0.,0.737665914968992,0.675165903976911));
#3198=DIRECTION('',(-1.,0.,0.));
#3199=DIRECTION('center_axis',(1.,0.,0.));
#3200=DIRECTION('ref_axis',(0.,0.,-1.));
#3201=DIRECTION('',(0.,0.,1.));
#3202=DIRECTION('',(0.,1.,0.));
#3203=DIRECTION('center_axis',(0.,0.,-1.));
#3204=DIRECTION('ref_axis',(-1.,0.,0.));
#3205=DIRECTION('',(1.,0.,0.));
#3206=DIRECTION('',(0.,1.,0.));
#3207=DIRECTION('center_axis',(-1.,0.,0.));
#3208=DIRECTION('ref_axis',(0.,0.,1.));
#3209=DIRECTION('',(0.,0.,1.));
#3210=DIRECTION('center_axis',(0.,1.,0.));
#3211=DIRECTION('ref_axis',(0.,0.,1.));
#3212=DIRECTION('center_axis',(-1.,0.,0.));
#3213=DIRECTION('ref_axis',(0.,-0.732282763182094,0.681000700988183));
#3214=DIRECTION('center_axis',(-1.,0.,0.));
#3215=DIRECTION('ref_axis',(0.,-0.732282763182094,0.681000700988183));
#3216=DIRECTION('',(1.,0.,0.));
#3217=DIRECTION('center_axis',(1.,0.,0.));
#3218=DIRECTION('ref_axis',(0.,-0.732282763182094,0.681000700988183));
#3219=DIRECTION('',(1.,0.,0.));
#3220=DIRECTION('center_axis',(-1.,0.,0.));
#3221=DIRECTION('ref_axis',(0.,0.,-1.));
#3222=DIRECTION('',(0.,0.,-1.));
#3223=DIRECTION('',(0.,-1.,0.));
#3224=DIRECTION('center_axis',(1.,0.,0.));
#3225=DIRECTION('ref_axis',(0.,0.,1.));
#3226=DIRECTION('',(0.,-1.,0.));
#3227=DIRECTION('',(0.,0.,-1.));
#3228=DIRECTION('center_axis',(0.,0.,-1.));
#3229=DIRECTION('ref_axis',(1.,0.,0.));
#3230=DIRECTION('',(1.,0.,0.));
#3231=DIRECTION('center_axis',(0.,-1.,0.));
#3232=DIRECTION('ref_axis',(0.,0.,-1.));
#3233=DIRECTION('center_axis',(1.,0.,0.));
#3234=DIRECTION('ref_axis',(0.,-1.,0.));
#3235=DIRECTION('center_axis',(1.,0.,0.));
#3236=DIRECTION('ref_axis',(0.,-1.,0.));
#3237=DIRECTION('',(1.,0.,0.));
#3238=DIRECTION('center_axis',(-1.,0.,0.));
#3239=DIRECTION('ref_axis',(0.,-1.,0.));
#3240=DIRECTION('center_axis',(0.,1.,0.));
#3241=DIRECTION('ref_axis',(0.,0.,1.));
#3242=DIRECTION('',(0.,0.,1.));
#3243=DIRECTION('',(1.,0.,0.));
#3244=DIRECTION('',(0.,0.,1.));
#3245=DIRECTION('',(1.,0.,0.));
#3246=DIRECTION('center_axis',(0.,0.,-1.));
#3247=DIRECTION('ref_axis',(0.,1.,0.));
#3248=DIRECTION('',(0.,1.,0.));
#3249=DIRECTION('',(0.,1.,0.));
#3250=DIRECTION('',(1.,0.,0.));
#3251=DIRECTION('center_axis',(0.,-1.,0.));
#3252=DIRECTION('ref_axis',(0.,0.,-1.));
#3253=DIRECTION('',(0.,0.,-1.));
#3254=DIRECTION('',(0.,0.,-1.));
#3255=DIRECTION('',(1.,0.,0.));
#3256=DIRECTION('center_axis',(1.,0.,0.));
#3257=DIRECTION('ref_axis',(0.,1.,0.));
#3258=DIRECTION('center_axis',(1.,0.,0.));
#3259=DIRECTION('ref_axis',(0.,1.,0.));
#3260=DIRECTION('center_axis',(1.,0.,0.));
#3261=DIRECTION('ref_axis',(0.,1.,0.));
#3262=DIRECTION('center_axis',(1.,0.,0.));
#3263=DIRECTION('ref_axis',(0.,1.,0.));
#3264=DIRECTION('center_axis',(1.,0.,0.));
#3265=DIRECTION('ref_axis',(0.,1.,0.));
#3266=DIRECTION('center_axis',(1.,0.,0.));
#3267=DIRECTION('ref_axis',(0.,0.737665914968992,0.675165903976911));
#3268=DIRECTION('center_axis',(1.,0.,0.));
#3269=DIRECTION('ref_axis',(0.,0.737665914968992,0.675165903976911));
#3270=DIRECTION('',(1.,0.,0.));
#3271=DIRECTION('center_axis',(-1.,0.,0.));
#3272=DIRECTION('ref_axis',(0.,0.737665914968992,0.675165903976911));
#3273=DIRECTION('',(-1.,0.,0.));
#3274=DIRECTION('center_axis',(1.,0.,0.));
#3275=DIRECTION('ref_axis',(0.,0.,-1.));
#3276=DIRECTION('',(0.,0.,1.));
#3277=DIRECTION('',(0.,1.,0.));
#3278=DIRECTION('center_axis',(0.,0.,-1.));
#3279=DIRECTION('ref_axis',(-1.,0.,0.));
#3280=DIRECTION('',(1.,0.,0.));
#3281=DIRECTION('',(0.,1.,0.));
#3282=DIRECTION('center_axis',(-1.,0.,0.));
#3283=DIRECTION('ref_axis',(0.,0.,1.));
#3284=DIRECTION('',(0.,0.,1.));
#3285=DIRECTION('center_axis',(0.,1.,0.));
#3286=DIRECTION('ref_axis',(0.,0.,1.));
#3287=DIRECTION('center_axis',(-1.,0.,0.));
#3288=DIRECTION('ref_axis',(0.,-0.732282763182094,0.681000700988183));
#3289=DIRECTION('center_axis',(-1.,0.,0.));
#3290=DIRECTION('ref_axis',(0.,-0.732282763182094,0.681000700988183));
#3291=DIRECTION('',(1.,0.,0.));
#3292=DIRECTION('center_axis',(1.,0.,0.));
#3293=DIRECTION('ref_axis',(0.,-0.732282763182094,0.681000700988183));
#3294=DIRECTION('',(1.,0.,0.));
#3295=DIRECTION('center_axis',(-1.,0.,0.));
#3296=DIRECTION('ref_axis',(0.,0.,-1.));
#3297=DIRECTION('',(0.,0.,-1.));
#3298=DIRECTION('',(0.,-1.,0.));
#3299=DIRECTION('center_axis',(1.,0.,0.));
#3300=DIRECTION('ref_axis',(0.,0.,1.));
#3301=DIRECTION('',(0.,-1.,0.));
#3302=DIRECTION('',(0.,0.,-1.));
#3303=DIRECTION('center_axis',(0.,0.,-1.));
#3304=DIRECTION('ref_axis',(1.,0.,0.));
#3305=DIRECTION('',(1.,0.,0.));
#3306=DIRECTION('center_axis',(0.,-1.,0.));
#3307=DIRECTION('ref_axis',(0.,0.,-1.));
#3308=DIRECTION('center_axis',(1.,0.,0.));
#3309=DIRECTION('ref_axis',(0.,-1.,0.));
#3310=DIRECTION('center_axis',(1.,0.,0.));
#3311=DIRECTION('ref_axis',(0.,-1.,0.));
#3312=DIRECTION('',(1.,0.,0.));
#3313=DIRECTION('center_axis',(-1.,0.,0.));
#3314=DIRECTION('ref_axis',(0.,-1.,0.));
#3315=DIRECTION('center_axis',(0.,1.,0.));
#3316=DIRECTION('ref_axis',(0.,0.,1.));
#3317=DIRECTION('',(0.,0.,1.));
#3318=DIRECTION('',(1.,0.,0.));
#3319=DIRECTION('',(0.,0.,1.));
#3320=DIRECTION('',(1.,0.,0.));
#3321=DIRECTION('center_axis',(0.,0.,-1.));
#3322=DIRECTION('ref_axis',(0.,1.,0.));
#3323=DIRECTION('',(0.,1.,0.));
#3324=DIRECTION('',(0.,1.,0.));
#3325=DIRECTION('',(1.,0.,0.));
#3326=DIRECTION('center_axis',(0.,-1.,0.));
#3327=DIRECTION('ref_axis',(0.,0.,-1.));
#3328=DIRECTION('',(0.,0.,-1.));
#3329=DIRECTION('',(0.,0.,-1.));
#3330=DIRECTION('',(1.,0.,0.));
#3331=DIRECTION('center_axis',(1.,0.,0.));
#3332=DIRECTION('ref_axis',(0.,1.,0.));
#3333=DIRECTION('center_axis',(1.,0.,0.));
#3334=DIRECTION('ref_axis',(0.,1.,0.));
#3335=DIRECTION('center_axis',(1.,0.,0.));
#3336=DIRECTION('ref_axis',(0.,1.,0.));
#3337=DIRECTION('center_axis',(1.,0.,0.));
#3338=DIRECTION('ref_axis',(0.,1.,0.));
#3339=DIRECTION('center_axis',(1.,0.,0.));
#3340=DIRECTION('ref_axis',(0.,1.,0.));
#3341=DIRECTION('center_axis',(1.,0.,0.));
#3342=DIRECTION('ref_axis',(0.,0.737665914968992,0.675165903976911));
#3343=DIRECTION('center_axis',(1.,0.,0.));
#3344=DIRECTION('ref_axis',(0.,0.737665914968992,0.675165903976911));
#3345=DIRECTION('',(1.,0.,0.));
#3346=DIRECTION('center_axis',(-1.,0.,0.));
#3347=DIRECTION('ref_axis',(0.,0.737665914968992,0.675165903976911));
#3348=DIRECTION('',(-1.,0.,0.));
#3349=DIRECTION('center_axis',(1.,0.,0.));
#3350=DIRECTION('ref_axis',(0.,0.,-1.));
#3351=DIRECTION('',(0.,0.,1.));
#3352=DIRECTION('',(0.,1.,0.));
#3353=DIRECTION('center_axis',(0.,0.,-1.));
#3354=DIRECTION('ref_axis',(-1.,0.,0.));
#3355=DIRECTION('',(1.,0.,0.));
#3356=DIRECTION('',(0.,1.,0.));
#3357=DIRECTION('center_axis',(-1.,0.,0.));
#3358=DIRECTION('ref_axis',(0.,0.,1.));
#3359=DIRECTION('',(0.,0.,1.));
#3360=DIRECTION('center_axis',(0.,1.,0.));
#3361=DIRECTION('ref_axis',(0.,0.,1.));
#3362=DIRECTION('center_axis',(-1.,0.,0.));
#3363=DIRECTION('ref_axis',(0.,-0.732282763182094,0.681000700988183));
#3364=DIRECTION('center_axis',(-1.,0.,0.));
#3365=DIRECTION('ref_axis',(0.,-0.732282763182094,0.681000700988183));
#3366=DIRECTION('',(1.,0.,0.));
#3367=DIRECTION('center_axis',(1.,0.,0.));
#3368=DIRECTION('ref_axis',(0.,-0.732282763182094,0.681000700988183));
#3369=DIRECTION('',(1.,0.,0.));
#3370=DIRECTION('center_axis',(-1.,0.,0.));
#3371=DIRECTION('ref_axis',(0.,0.,-1.));
#3372=DIRECTION('',(0.,0.,-1.));
#3373=DIRECTION('',(0.,-1.,0.));
#3374=DIRECTION('center_axis',(1.,0.,0.));
#3375=DIRECTION('ref_axis',(0.,0.,1.));
#3376=DIRECTION('',(0.,-1.,0.));
#3377=DIRECTION('',(0.,0.,-1.));
#3378=DIRECTION('center_axis',(0.,0.,-1.));
#3379=DIRECTION('ref_axis',(1.,0.,0.));
#3380=DIRECTION('',(1.,0.,0.));
#3381=DIRECTION('center_axis',(0.,-1.,0.));
#3382=DIRECTION('ref_axis',(0.,0.,-1.));
#3383=DIRECTION('center_axis',(1.,0.,0.));
#3384=DIRECTION('ref_axis',(0.,-1.,0.));
#3385=DIRECTION('center_axis',(1.,0.,0.));
#3386=DIRECTION('ref_axis',(0.,-1.,0.));
#3387=DIRECTION('',(1.,0.,0.));
#3388=DIRECTION('center_axis',(-1.,0.,0.));
#3389=DIRECTION('ref_axis',(0.,-1.,0.));
#3390=DIRECTION('center_axis',(0.,1.,0.));
#3391=DIRECTION('ref_axis',(0.,0.,1.));
#3392=DIRECTION('',(0.,0.,1.));
#3393=DIRECTION('',(1.,0.,0.));
#3394=DIRECTION('',(0.,0.,1.));
#3395=DIRECTION('',(1.,0.,0.));
#3396=DIRECTION('center_axis',(0.,0.,-1.));
#3397=DIRECTION('ref_axis',(0.,1.,0.));
#3398=DIRECTION('',(0.,1.,0.));
#3399=DIRECTION('',(0.,1.,0.));
#3400=DIRECTION('',(1.,0.,0.));
#3401=DIRECTION('center_axis',(0.,-1.,0.));
#3402=DIRECTION('ref_axis',(0.,0.,-1.));
#3403=DIRECTION('',(0.,0.,-1.));
#3404=DIRECTION('',(0.,0.,-1.));
#3405=DIRECTION('',(1.,0.,0.));
#3406=DIRECTION('center_axis',(1.,0.,0.));
#3407=DIRECTION('ref_axis',(0.,1.,0.));
#3408=DIRECTION('center_axis',(1.,0.,0.));
#3409=DIRECTION('ref_axis',(0.,1.,0.));
#3410=DIRECTION('center_axis',(1.,0.,0.));
#3411=DIRECTION('ref_axis',(0.,1.,0.));
#3412=DIRECTION('center_axis',(1.,0.,0.));
#3413=DIRECTION('ref_axis',(0.,1.,0.));
#3414=DIRECTION('center_axis',(1.,0.,0.));
#3415=DIRECTION('ref_axis',(0.,1.,0.));
#3416=DIRECTION('center_axis',(1.,0.,0.));
#3417=DIRECTION('ref_axis',(0.,0.737665914968992,0.675165903976911));
#3418=DIRECTION('center_axis',(1.,0.,0.));
#3419=DIRECTION('ref_axis',(0.,0.737665914968992,0.675165903976911));
#3420=DIRECTION('',(1.,0.,0.));
#3421=DIRECTION('center_axis',(-1.,0.,0.));
#3422=DIRECTION('ref_axis',(0.,0.737665914968992,0.675165903976911));
#3423=DIRECTION('',(-1.,0.,0.));
#3424=DIRECTION('center_axis',(1.,0.,0.));
#3425=DIRECTION('ref_axis',(0.,0.,-1.));
#3426=DIRECTION('',(0.,0.,1.));
#3427=DIRECTION('',(0.,1.,0.));
#3428=DIRECTION('center_axis',(0.,0.,-1.));
#3429=DIRECTION('ref_axis',(-1.,0.,0.));
#3430=DIRECTION('',(1.,0.,0.));
#3431=DIRECTION('',(0.,1.,0.));
#3432=DIRECTION('center_axis',(-1.,0.,0.));
#3433=DIRECTION('ref_axis',(0.,0.,1.));
#3434=DIRECTION('',(0.,0.,1.));
#3435=DIRECTION('center_axis',(0.,1.,0.));
#3436=DIRECTION('ref_axis',(0.,0.,1.));
#3437=DIRECTION('center_axis',(-1.,0.,0.));
#3438=DIRECTION('ref_axis',(0.,-0.732282763182094,0.681000700988183));
#3439=DIRECTION('center_axis',(-1.,0.,0.));
#3440=DIRECTION('ref_axis',(0.,-0.732282763182094,0.681000700988183));
#3441=DIRECTION('',(1.,0.,0.));
#3442=DIRECTION('center_axis',(1.,0.,0.));
#3443=DIRECTION('ref_axis',(0.,-0.732282763182094,0.681000700988183));
#3444=DIRECTION('',(1.,0.,0.));
#3445=DIRECTION('center_axis',(-1.,0.,0.));
#3446=DIRECTION('ref_axis',(0.,0.,-1.));
#3447=DIRECTION('',(0.,0.,-1.));
#3448=DIRECTION('',(0.,-1.,0.));
#3449=DIRECTION('center_axis',(1.,0.,0.));
#3450=DIRECTION('ref_axis',(0.,0.,1.));
#3451=DIRECTION('',(0.,-1.,0.));
#3452=DIRECTION('',(0.,0.,-1.));
#3453=DIRECTION('center_axis',(0.,0.,-1.));
#3454=DIRECTION('ref_axis',(1.,0.,0.));
#3455=DIRECTION('',(1.,0.,0.));
#3456=DIRECTION('center_axis',(0.,-1.,0.));
#3457=DIRECTION('ref_axis',(0.,0.,-1.));
#3458=DIRECTION('center_axis',(1.,0.,0.));
#3459=DIRECTION('ref_axis',(0.,-1.,0.));
#3460=DIRECTION('center_axis',(1.,0.,0.));
#3461=DIRECTION('ref_axis',(0.,-1.,0.));
#3462=DIRECTION('',(1.,0.,0.));
#3463=DIRECTION('center_axis',(-1.,0.,0.));
#3464=DIRECTION('ref_axis',(0.,-1.,0.));
#3465=DIRECTION('center_axis',(0.,1.,0.));
#3466=DIRECTION('ref_axis',(0.,0.,1.));
#3467=DIRECTION('',(0.,0.,1.));
#3468=DIRECTION('',(1.,0.,0.));
#3469=DIRECTION('',(0.,0.,1.));
#3470=DIRECTION('',(1.,0.,0.));
#3471=DIRECTION('center_axis',(0.,0.,-1.));
#3472=DIRECTION('ref_axis',(0.,1.,0.));
#3473=DIRECTION('',(0.,1.,0.));
#3474=DIRECTION('',(0.,1.,0.));
#3475=DIRECTION('',(1.,0.,0.));
#3476=DIRECTION('center_axis',(0.,-1.,0.));
#3477=DIRECTION('ref_axis',(0.,0.,-1.));
#3478=DIRECTION('',(0.,0.,-1.));
#3479=DIRECTION('',(0.,0.,-1.));
#3480=DIRECTION('',(1.,0.,0.));
#3481=DIRECTION('center_axis',(1.,0.,0.));
#3482=DIRECTION('ref_axis',(0.,1.,0.));
#3483=DIRECTION('center_axis',(1.,0.,0.));
#3484=DIRECTION('ref_axis',(0.,1.,0.));
#3485=DIRECTION('center_axis',(1.,0.,0.));
#3486=DIRECTION('ref_axis',(0.,1.,0.));
#3487=DIRECTION('center_axis',(1.,0.,0.));
#3488=DIRECTION('ref_axis',(0.,1.,0.));
#3489=DIRECTION('center_axis',(1.,0.,0.));
#3490=DIRECTION('ref_axis',(0.,1.,0.));
#3491=DIRECTION('center_axis',(1.,0.,0.));
#3492=DIRECTION('ref_axis',(0.,0.737665914968992,0.675165903976911));
#3493=DIRECTION('center_axis',(1.,0.,0.));
#3494=DIRECTION('ref_axis',(0.,0.737665914968992,0.675165903976911));
#3495=DIRECTION('',(1.,0.,0.));
#3496=DIRECTION('center_axis',(-1.,0.,0.));
#3497=DIRECTION('ref_axis',(0.,0.737665914968992,0.675165903976911));
#3498=DIRECTION('',(-1.,0.,0.));
#3499=DIRECTION('center_axis',(1.,0.,0.));
#3500=DIRECTION('ref_axis',(0.,0.,-1.));
#3501=DIRECTION('',(0.,0.,1.));
#3502=DIRECTION('',(0.,1.,0.));
#3503=DIRECTION('center_axis',(0.,0.,-1.));
#3504=DIRECTION('ref_axis',(-1.,0.,0.));
#3505=DIRECTION('',(1.,0.,0.));
#3506=DIRECTION('',(0.,1.,0.));
#3507=DIRECTION('center_axis',(-1.,0.,0.));
#3508=DIRECTION('ref_axis',(0.,0.,1.));
#3509=DIRECTION('',(0.,0.,1.));
#3510=DIRECTION('center_axis',(0.,1.,0.));
#3511=DIRECTION('ref_axis',(0.,0.,1.));
#3512=DIRECTION('center_axis',(-1.,0.,0.));
#3513=DIRECTION('ref_axis',(0.,-0.732282763182094,0.681000700988183));
#3514=DIRECTION('center_axis',(-1.,0.,0.));
#3515=DIRECTION('ref_axis',(0.,-0.732282763182094,0.681000700988183));
#3516=DIRECTION('',(1.,0.,0.));
#3517=DIRECTION('center_axis',(1.,0.,0.));
#3518=DIRECTION('ref_axis',(0.,-0.732282763182094,0.681000700988183));
#3519=DIRECTION('',(1.,0.,0.));
#3520=DIRECTION('center_axis',(-1.,0.,0.));
#3521=DIRECTION('ref_axis',(0.,0.,-1.));
#3522=DIRECTION('',(0.,0.,-1.));
#3523=DIRECTION('',(0.,-1.,0.));
#3524=DIRECTION('center_axis',(1.,0.,0.));
#3525=DIRECTION('ref_axis',(0.,0.,1.));
#3526=DIRECTION('',(0.,-1.,0.));
#3527=DIRECTION('',(0.,0.,-1.));
#3528=DIRECTION('center_axis',(0.,0.,-1.));
#3529=DIRECTION('ref_axis',(1.,0.,0.));
#3530=DIRECTION('',(1.,0.,0.));
#3531=DIRECTION('center_axis',(0.,-1.,0.));
#3532=DIRECTION('ref_axis',(0.,0.,-1.));
#3533=DIRECTION('center_axis',(1.,0.,0.));
#3534=DIRECTION('ref_axis',(0.,-1.,0.));
#3535=DIRECTION('center_axis',(1.,0.,0.));
#3536=DIRECTION('ref_axis',(0.,-1.,0.));
#3537=DIRECTION('',(1.,0.,0.));
#3538=DIRECTION('center_axis',(-1.,0.,0.));
#3539=DIRECTION('ref_axis',(0.,-1.,0.));
#3540=DIRECTION('center_axis',(0.,1.,0.));
#3541=DIRECTION('ref_axis',(0.,0.,1.));
#3542=DIRECTION('',(0.,0.,1.));
#3543=DIRECTION('',(1.,0.,0.));
#3544=DIRECTION('',(0.,0.,1.));
#3545=DIRECTION('',(1.,0.,0.));
#3546=DIRECTION('center_axis',(0.,0.,-1.));
#3547=DIRECTION('ref_axis',(0.,1.,0.));
#3548=DIRECTION('',(0.,1.,0.));
#3549=DIRECTION('',(0.,1.,0.));
#3550=DIRECTION('',(1.,0.,0.));
#3551=DIRECTION('center_axis',(0.,-1.,0.));
#3552=DIRECTION('ref_axis',(0.,0.,-1.));
#3553=DIRECTION('',(0.,0.,-1.));
#3554=DIRECTION('',(0.,0.,-1.));
#3555=DIRECTION('',(1.,0.,0.));
#3556=DIRECTION('center_axis',(1.,0.,0.));
#3557=DIRECTION('ref_axis',(0.,1.,0.));
#3558=DIRECTION('center_axis',(1.,0.,0.));
#3559=DIRECTION('ref_axis',(0.,1.,0.));
#3560=DIRECTION('center_axis',(1.,0.,0.));
#3561=DIRECTION('ref_axis',(0.,1.,0.));
#3562=DIRECTION('center_axis',(1.,0.,0.));
#3563=DIRECTION('ref_axis',(0.,1.,0.));
#3564=DIRECTION('center_axis',(1.,0.,0.));
#3565=DIRECTION('ref_axis',(0.,1.,0.));
#3566=DIRECTION('center_axis',(1.,0.,0.));
#3567=DIRECTION('ref_axis',(0.,0.737665914968992,0.675165903976911));
#3568=DIRECTION('center_axis',(1.,0.,0.));
#3569=DIRECTION('ref_axis',(0.,0.737665914968992,0.675165903976911));
#3570=DIRECTION('',(1.,0.,0.));
#3571=DIRECTION('center_axis',(-1.,0.,0.));
#3572=DIRECTION('ref_axis',(0.,0.737665914968992,0.675165903976911));
#3573=DIRECTION('',(-1.,0.,0.));
#3574=DIRECTION('center_axis',(1.,0.,0.));
#3575=DIRECTION('ref_axis',(0.,0.,-1.));
#3576=DIRECTION('',(0.,0.,1.));
#3577=DIRECTION('',(0.,1.,0.));
#3578=DIRECTION('center_axis',(0.,0.,-1.));
#3579=DIRECTION('ref_axis',(-1.,0.,0.));
#3580=DIRECTION('',(1.,0.,0.));
#3581=DIRECTION('',(0.,1.,0.));
#3582=DIRECTION('center_axis',(-1.,0.,0.));
#3583=DIRECTION('ref_axis',(0.,0.,1.));
#3584=DIRECTION('',(0.,0.,1.));
#3585=DIRECTION('center_axis',(0.,1.,0.));
#3586=DIRECTION('ref_axis',(0.,0.,1.));
#3587=DIRECTION('center_axis',(-1.,0.,0.));
#3588=DIRECTION('ref_axis',(0.,-0.732282763182094,0.681000700988183));
#3589=DIRECTION('center_axis',(-1.,0.,0.));
#3590=DIRECTION('ref_axis',(0.,-0.732282763182094,0.681000700988183));
#3591=DIRECTION('',(1.,0.,0.));
#3592=DIRECTION('center_axis',(1.,0.,0.));
#3593=DIRECTION('ref_axis',(0.,-0.732282763182094,0.681000700988183));
#3594=DIRECTION('',(1.,0.,0.));
#3595=DIRECTION('center_axis',(-1.,0.,0.));
#3596=DIRECTION('ref_axis',(0.,0.,-1.));
#3597=DIRECTION('',(0.,0.,-1.));
#3598=DIRECTION('',(0.,-1.,0.));
#3599=DIRECTION('center_axis',(1.,0.,0.));
#3600=DIRECTION('ref_axis',(0.,0.,1.));
#3601=DIRECTION('',(0.,-1.,0.));
#3602=DIRECTION('',(0.,0.,-1.));
#3603=DIRECTION('center_axis',(0.,0.,-1.));
#3604=DIRECTION('ref_axis',(1.,0.,0.));
#3605=DIRECTION('',(1.,0.,0.));
#3606=DIRECTION('center_axis',(0.,-1.,0.));
#3607=DIRECTION('ref_axis',(0.,0.,-1.));
#3608=DIRECTION('center_axis',(0.,0.,-1.));
#3609=DIRECTION('ref_axis',(1.,0.,0.));
#3610=DIRECTION('center_axis',(0.,0.,-1.));
#3611=DIRECTION('ref_axis',(1.,0.,0.));
#3612=DIRECTION('',(0.,0.,-1.));
#3613=DIRECTION('center_axis',(0.,0.,1.));
#3614=DIRECTION('ref_axis',(1.,0.,0.));
#3615=DIRECTION('center_axis',(0.,0.,-1.));
#3616=DIRECTION('ref_axis',(1.,0.,0.));
#3617=DIRECTION('center_axis',(0.,0.,-1.));
#3618=DIRECTION('ref_axis',(1.,0.,0.));
#3619=DIRECTION('',(0.,0.,-1.));
#3620=DIRECTION('center_axis',(0.,0.,1.));
#3621=DIRECTION('ref_axis',(1.,0.,0.));
#3622=DIRECTION('center_axis',(0.,0.,-1.));
#3623=DIRECTION('ref_axis',(1.,0.,0.));
#3624=DIRECTION('center_axis',(0.,0.,-1.));
#3625=DIRECTION('ref_axis',(1.,0.,0.));
#3626=DIRECTION('',(0.,0.,-1.));
#3627=DIRECTION('center_axis',(0.,0.,1.));
#3628=DIRECTION('ref_axis',(1.,0.,0.));
#3629=DIRECTION('center_axis',(0.,0.,-1.));
#3630=DIRECTION('ref_axis',(1.,0.,0.));
#3631=DIRECTION('center_axis',(0.,0.,-1.));
#3632=DIRECTION('ref_axis',(1.,0.,0.));
#3633=DIRECTION('',(0.,0.,-1.));
#3634=DIRECTION('center_axis',(0.,0.,1.));
#3635=DIRECTION('ref_axis',(1.,0.,0.));
#3636=DIRECTION('center_axis',(0.,0.,-1.));
#3637=DIRECTION('ref_axis',(-1.,0.,0.));
#3638=DIRECTION('center_axis',(0.,0.,1.));
#3639=DIRECTION('ref_axis',(-1.,0.,0.));
#3640=DIRECTION('center_axis',(0.,-1.,0.));
#3641=DIRECTION('ref_axis',(1.,0.,0.));
#3642=DIRECTION('center_axis',(0.,0.,-1.));
#3643=DIRECTION('ref_axis',(-1.,0.,0.));
#3644=DIRECTION('center_axis',(0.,0.,-1.));
#3645=DIRECTION('ref_axis',(-1.,0.,0.));
#3646=DIRECTION('center_axis',(0.,0.,-1.));
#3647=DIRECTION('ref_axis',(1.,0.,0.));
#3648=DIRECTION('',(0.,0.,-1.));
#3649=DIRECTION('center_axis',(0.,0.,1.));
#3650=DIRECTION('ref_axis',(1.,0.,0.));
#3651=DIRECTION('center_axis',(0.,0.,1.));
#3652=DIRECTION('ref_axis',(-1.,0.,0.));
#3653=DIRECTION('center_axis',(0.,0.,-1.));
#3654=DIRECTION('ref_axis',(0.0255299629970152,0.999674057375388,0.));
#3655=DIRECTION('',(1.,0.,0.));
#3656=DIRECTION('center_axis',(0.,0.,1.));
#3657=DIRECTION('ref_axis',(-1.77635683940028E-14,-1.,0.));
#3658=DIRECTION('',(-1.26882628684734E-15,1.,0.));
#3659=DIRECTION('center_axis',(0.,0.,1.));
#3660=DIRECTION('ref_axis',(1.,0.,0.));
#3661=DIRECTION('',(-1.,0.,0.));
#3662=DIRECTION('center_axis',(0.,0.,1.));
#3663=DIRECTION('ref_axis',(-2.96059473233374E-15,1.,0.));
#3664=DIRECTION('',(0.,-1.,0.));
#3665=DIRECTION('',(-1.,0.,0.));
#3666=DIRECTION('',(-1.26882628684734E-15,1.,0.));
#3667=DIRECTION('center_axis',(0.,0.,1.));
#3668=DIRECTION('ref_axis',(1.,1.1842378929335E-14,0.));
#3669=DIRECTION('',(-1.,0.,0.));
#3670=DIRECTION('center_axis',(0.,0.,1.));
#3671=DIRECTION('ref_axis',(-2.96059473233374E-15,1.,0.));
#3672=DIRECTION('',(-3.17206571711836E-16,-1.,0.));
#3673=DIRECTION('center_axis',(0.,0.,1.));
#3674=DIRECTION('ref_axis',(-1.,5.92118946466752E-15,0.));
#3675=DIRECTION('',(1.,0.,0.));
#3676=DIRECTION('center_axis',(0.,0.,-1.));
#3677=DIRECTION('ref_axis',(0.999256062331571,0.0385658124976371,0.));
#3678=DIRECTION('center_axis',(0.,0.,-1.));
#3679=DIRECTION('ref_axis',(2.35498065897843E-5,-0.999999999722703,0.));
#3680=DIRECTION('center_axis',(0.,0.,1.));
#3681=DIRECTION('ref_axis',(2.35498065904949E-5,-0.999999999722703,0.));
#3682=DIRECTION('center_axis',(0.,0.,1.));
#3683=DIRECTION('ref_axis',(2.35498065897843E-5,-0.999999999722703,0.));
#3684=DIRECTION('center_axis',(0.,0.,1.));
#3685=DIRECTION('ref_axis',(2.35498065894559E-5,-0.999999999722703,0.));
#3686=DIRECTION('',(0.,0.,1.));
#3687=DIRECTION('center_axis',(0.,0.,1.));
#3688=DIRECTION('ref_axis',(-1.,0.,0.));
#3689=DIRECTION('',(0.,0.,1.));
#3690=DIRECTION('center_axis',(0.,0.,1.));
#3691=DIRECTION('ref_axis',(0.999256062331571,0.0385658124976371,0.));
#3692=DIRECTION('center_axis',(0.,0.,1.));
#3693=DIRECTION('ref_axis',(0.999256062331571,0.0385658124976371,0.));
#3694=DIRECTION('',(0.,0.,1.));
#3695=DIRECTION('center_axis',(0.,-1.,0.));
#3696=DIRECTION('ref_axis',(1.,0.,0.));
#3697=DIRECTION('',(1.,0.,0.));
#3698=DIRECTION('',(0.,0.,1.));
#3699=DIRECTION('center_axis',(0.,0.,1.));
#3700=DIRECTION('ref_axis',(-1.,5.92118946466752E-15,0.));
#3701=DIRECTION('center_axis',(0.,0.,1.));
#3702=DIRECTION('ref_axis',(-1.,5.92118946466752E-15,0.));
#3703=DIRECTION('',(0.,0.,1.));
#3704=DIRECTION('center_axis',(-1.,3.17206571711836E-16,0.));
#3705=DIRECTION('ref_axis',(-3.17206571711836E-16,-1.,0.));
#3706=DIRECTION('',(3.17206571711836E-16,1.,0.));
#3707=DIRECTION('',(0.,0.,1.));
#3708=DIRECTION('center_axis',(0.,0.,1.));
#3709=DIRECTION('ref_axis',(-2.96059473233374E-15,1.,0.));
#3710=DIRECTION('center_axis',(0.,0.,1.));
#3711=DIRECTION('ref_axis',(-2.96059473233374E-15,1.,0.));
#3712=DIRECTION('',(0.,0.,1.));
#3713=DIRECTION('center_axis',(0.,1.,0.));
#3714=DIRECTION('ref_axis',(-1.,0.,0.));
#3715=DIRECTION('',(1.,0.,0.));
#3716=DIRECTION('',(0.,0.,1.));
#3717=DIRECTION('center_axis',(0.,0.,1.));
#3718=DIRECTION('ref_axis',(1.,1.1842378929335E-14,0.));
#3719=DIRECTION('center_axis',(0.,0.,1.));
#3720=DIRECTION('ref_axis',(1.,1.1842378929335E-14,0.));
#3721=DIRECTION('',(0.,0.,1.));
#3722=DIRECTION('center_axis',(1.,1.26882628684734E-15,0.));
#3723=DIRECTION('ref_axis',(-1.26882628684734E-15,1.,0.));
#3724=DIRECTION('',(1.26882628684734E-15,-1.,0.));
#3725=DIRECTION('',(0.,0.,1.));
#3726=DIRECTION('center_axis',(0.,1.,0.));
#3727=DIRECTION('ref_axis',(-1.,0.,0.));
#3728=DIRECTION('',(1.,0.,0.));
#3729=DIRECTION('',(0.,0.,1.));
#3730=DIRECTION('center_axis',(-1.,0.,0.));
#3731=DIRECTION('ref_axis',(0.,-1.,0.));
#3732=DIRECTION('',(0.,1.,0.));
#3733=DIRECTION('',(0.,0.,1.));
#3734=DIRECTION('center_axis',(0.,0.,1.));
#3735=DIRECTION('ref_axis',(-2.96059473233374E-15,1.,0.));
#3736=DIRECTION('center_axis',(0.,0.,1.));
#3737=DIRECTION('ref_axis',(-2.96059473233374E-15,1.,0.));
#3738=DIRECTION('',(0.,0.,1.));
#3739=DIRECTION('center_axis',(0.,1.,0.));
#3740=DIRECTION('ref_axis',(-1.,0.,0.));
#3741=DIRECTION('',(1.,0.,0.));
#3742=DIRECTION('',(0.,0.,1.));
#3743=DIRECTION('center_axis',(0.,0.,1.));
#3744=DIRECTION('ref_axis',(1.,0.,0.));
#3745=DIRECTION('center_axis',(0.,0.,1.));
#3746=DIRECTION('ref_axis',(1.,0.,0.));
#3747=DIRECTION('',(0.,0.,1.));
#3748=DIRECTION('center_axis',(1.,1.26882628684734E-15,0.));
#3749=DIRECTION('ref_axis',(-1.26882628684734E-15,1.,0.));
#3750=DIRECTION('',(1.26882628684734E-15,-1.,0.));
#3751=DIRECTION('',(0.,0.,1.));
#3752=DIRECTION('center_axis',(0.,0.,1.));
#3753=DIRECTION('ref_axis',(-1.77635683940028E-14,-1.,0.));
#3754=DIRECTION('center_axis',(0.,0.,1.));
#3755=DIRECTION('ref_axis',(-1.77635683940028E-14,-1.,0.));
#3756=DIRECTION('',(0.,0.,1.));
#3757=DIRECTION('center_axis',(0.,-1.,0.));
#3758=DIRECTION('ref_axis',(1.,0.,0.));
#3759=DIRECTION('',(-1.,0.,0.));
#3760=DIRECTION('',(0.,0.,1.));
#3761=DIRECTION('center_axis',(0.,0.,1.));
#3762=DIRECTION('ref_axis',(0.0255299629970152,0.999674057375388,0.));
#3763=DIRECTION('center_axis',(0.,0.,1.));
#3764=DIRECTION('ref_axis',(0.0255299629970152,0.999674057375388,0.));
#3765=DIRECTION('center_axis',(0.,0.,1.));
#3766=DIRECTION('ref_axis',(-1.,0.,0.));
#3767=DIRECTION('center_axis',(0.,0.,-1.));
#3768=DIRECTION('ref_axis',(-1.,0.,0.));
#3769=DIRECTION('center_axis',(0.,0.,-1.));
#3770=DIRECTION('ref_axis',(-1.,0.,0.));
#3771=DIRECTION('',(0.,0.,-1.));
#3772=DIRECTION('center_axis',(0.,0.,1.));
#3773=DIRECTION('ref_axis',(-1.,0.,0.));
#3774=DIRECTION('center_axis',(0.,0.,1.));
#3775=DIRECTION('ref_axis',(-1.,0.,0.));
#3776=DIRECTION('center_axis',(0.,0.,1.));
#3777=DIRECTION('ref_axis',(-1.,0.,0.));
#3778=DIRECTION('',(0.,0.,-1.));
#3779=DIRECTION('center_axis',(0.,0.,1.));
#3780=DIRECTION('ref_axis',(-1.,0.,0.));
#3781=DIRECTION('center_axis',(0.,0.,1.));
#3782=DIRECTION('ref_axis',(-1.,0.,0.));
#3783=DIRECTION('center_axis',(0.,0.,1.));
#3784=DIRECTION('ref_axis',(-1.,0.,0.));
#3785=DIRECTION('center_axis',(0.,0.,1.));
#3786=DIRECTION('ref_axis',(-1.,0.,0.));
#3787=DIRECTION('center_axis',(0.,1.,0.));
#3788=DIRECTION('ref_axis',(-1.,0.,0.));
#3789=DIRECTION('center_axis',(0.,0.,-1.));
#3790=DIRECTION('ref_axis',(-1.,0.,0.));
#3791=DIRECTION('center_axis',(0.,0.,-1.));
#3792=DIRECTION('ref_axis',(-1.,0.,0.));
#3793=DIRECTION('center_axis',(0.,0.,1.));
#3794=DIRECTION('ref_axis',(-1.,0.,0.));
#3795=DIRECTION('',(0.,0.,-1.));
#3796=DIRECTION('center_axis',(0.,0.,1.));
#3797=DIRECTION('ref_axis',(-1.,0.,0.));
#3798=DIRECTION('center_axis',(0.,0.,1.));
#3799=DIRECTION('ref_axis',(-1.,0.,0.));
#3800=DIRECTION('center_axis',(0.,0.,-1.));
#3801=DIRECTION('ref_axis',(-1.,0.,0.));
#3802=DIRECTION('center_axis',(0.,0.,-1.));
#3803=DIRECTION('ref_axis',(-1.,0.,0.));
#3804=DIRECTION('',(0.,0.,-1.));
#3805=DIRECTION('center_axis',(0.,0.,1.));
#3806=DIRECTION('ref_axis',(-1.,0.,0.));
#3807=DIRECTION('center_axis',(0.,0.,1.));
#3808=DIRECTION('ref_axis',(-1.,0.,0.));
#3809=DIRECTION('center_axis',(0.,0.,1.));
#3810=DIRECTION('ref_axis',(-1.,0.,0.));
#3811=DIRECTION('',(0.,0.,-1.));
#3812=DIRECTION('center_axis',(0.,0.,1.));
#3813=DIRECTION('ref_axis',(-1.,0.,0.));
#3814=DIRECTION('center_axis',(0.,0.,1.));
#3815=DIRECTION('ref_axis',(-1.,0.,0.));
#3816=DIRECTION('center_axis',(0.,0.,1.));
#3817=DIRECTION('ref_axis',(-1.,0.,0.));
#3818=DIRECTION('center_axis',(0.,0.,1.));
#3819=DIRECTION('ref_axis',(-1.,0.,0.));
#3820=DIRECTION('center_axis',(0.,1.,0.));
#3821=DIRECTION('ref_axis',(-1.,0.,0.));
#3822=DIRECTION('center_axis',(0.,0.,-1.));
#3823=DIRECTION('ref_axis',(-1.,0.,0.));
#3824=DIRECTION('center_axis',(0.,0.,-1.));
#3825=DIRECTION('ref_axis',(-1.,0.,0.));
#3826=DIRECTION('center_axis',(0.,0.,1.));
#3827=DIRECTION('ref_axis',(-1.,0.,0.));
#3828=DIRECTION('',(0.,0.,-1.));
#3829=DIRECTION('center_axis',(0.,0.,1.));
#3830=DIRECTION('ref_axis',(-1.,0.,0.));
#3831=DIRECTION('center_axis',(0.,0.,1.));
#3832=DIRECTION('ref_axis',(-1.,0.,0.));
#3833=DIRECTION('center_axis',(0.,0.,-1.));
#3834=DIRECTION('ref_axis',(-1.,0.,0.));
#3835=DIRECTION('center_axis',(0.,0.,-1.));
#3836=DIRECTION('ref_axis',(-1.,0.,0.));
#3837=DIRECTION('',(0.,0.,-1.));
#3838=DIRECTION('center_axis',(0.,0.,1.));
#3839=DIRECTION('ref_axis',(-1.,0.,0.));
#3840=DIRECTION('center_axis',(0.,0.,1.));
#3841=DIRECTION('ref_axis',(-1.,0.,0.));
#3842=DIRECTION('center_axis',(0.,0.,1.));
#3843=DIRECTION('ref_axis',(-1.,0.,0.));
#3844=DIRECTION('',(0.,0.,-1.));
#3845=DIRECTION('center_axis',(0.,0.,1.));
#3846=DIRECTION('ref_axis',(-1.,0.,0.));
#3847=DIRECTION('center_axis',(0.,0.,1.));
#3848=DIRECTION('ref_axis',(-1.,0.,0.));
#3849=DIRECTION('center_axis',(0.,0.,1.));
#3850=DIRECTION('ref_axis',(-1.,0.,0.));
#3851=DIRECTION('center_axis',(0.,0.,1.));
#3852=DIRECTION('ref_axis',(-1.,0.,0.));
#3853=DIRECTION('center_axis',(0.,1.,0.));
#3854=DIRECTION('ref_axis',(-1.,0.,0.));
#3855=DIRECTION('center_axis',(0.,0.,-1.));
#3856=DIRECTION('ref_axis',(-1.,0.,0.));
#3857=DIRECTION('center_axis',(0.,0.,-1.));
#3858=DIRECTION('ref_axis',(-1.,0.,0.));
#3859=DIRECTION('center_axis',(0.,0.,1.));
#3860=DIRECTION('ref_axis',(-1.,0.,0.));
#3861=DIRECTION('',(0.,0.,-1.));
#3862=DIRECTION('center_axis',(0.,0.,1.));
#3863=DIRECTION('ref_axis',(-1.,0.,0.));
#3864=DIRECTION('center_axis',(0.,0.,1.));
#3865=DIRECTION('ref_axis',(-1.,0.,0.));
#3866=DIRECTION('center_axis',(0.,0.,-1.));
#3867=DIRECTION('ref_axis',(-1.,0.,0.));
#3868=DIRECTION('center_axis',(0.,0.,-1.));
#3869=DIRECTION('ref_axis',(-1.,0.,0.));
#3870=DIRECTION('',(0.,0.,-1.));
#3871=DIRECTION('center_axis',(0.,0.,1.));
#3872=DIRECTION('ref_axis',(-1.,0.,0.));
#3873=DIRECTION('center_axis',(0.,0.,1.));
#3874=DIRECTION('ref_axis',(-1.,0.,0.));
#3875=DIRECTION('center_axis',(0.,0.,1.));
#3876=DIRECTION('ref_axis',(-1.,0.,0.));
#3877=DIRECTION('',(0.,0.,-1.));
#3878=DIRECTION('center_axis',(0.,0.,1.));
#3879=DIRECTION('ref_axis',(-1.,0.,0.));
#3880=DIRECTION('center_axis',(0.,0.,1.));
#3881=DIRECTION('ref_axis',(-1.,0.,0.));
#3882=DIRECTION('center_axis',(0.,0.,1.));
#3883=DIRECTION('ref_axis',(-1.,0.,0.));
#3884=DIRECTION('center_axis',(0.,0.,1.));
#3885=DIRECTION('ref_axis',(-1.,0.,0.));
#3886=DIRECTION('center_axis',(0.,1.,0.));
#3887=DIRECTION('ref_axis',(-1.,0.,0.));
#3888=DIRECTION('center_axis',(0.,0.,-1.));
#3889=DIRECTION('ref_axis',(-1.,0.,0.));
#3890=DIRECTION('center_axis',(0.,0.,-1.));
#3891=DIRECTION('ref_axis',(-1.,0.,0.));
#3892=DIRECTION('center_axis',(0.,0.,1.));
#3893=DIRECTION('ref_axis',(-1.,0.,0.));
#3894=DIRECTION('',(0.,0.,-1.));
#3895=DIRECTION('center_axis',(0.,0.,1.));
#3896=DIRECTION('ref_axis',(-1.,0.,0.));
#3897=DIRECTION('center_axis',(0.,0.,1.));
#3898=DIRECTION('ref_axis',(-1.,0.,0.));
#3899=CARTESIAN_POINT('',(0.,0.,0.));
#3900=CARTESIAN_POINT('Origin',(56.2411597528849,126.381864367119,-7.));
#3901=CARTESIAN_POINT('',(36.2411597528849,126.381864367119,3.));
#3902=CARTESIAN_POINT('Origin',(56.2411597528849,126.381864367119,3.));
#3903=CARTESIAN_POINT('',(36.2411597528849,126.381864367119,0.));
#3904=CARTESIAN_POINT('',(36.2411597528849,126.381864367119,-7.));
#3905=CARTESIAN_POINT('Origin',(56.2411597528849,126.381864367119,0.));
#3906=CARTESIAN_POINT('Origin',(102.311716079712,114.929466247559,-7.));
#3907=CARTESIAN_POINT('',(100.311716079712,114.929466247559,3.));
#3908=CARTESIAN_POINT('Origin',(102.311716079712,114.929466247559,3.));
#3909=CARTESIAN_POINT('',(100.311716079712,114.929466247559,0.));
#3910=CARTESIAN_POINT('',(100.311716079712,114.929466247559,-7.));
#3911=CARTESIAN_POINT('Origin',(102.311716079712,114.929466247559,0.));
#3912=CARTESIAN_POINT('Origin',(10.8315622806549,115.671195983887,-7.));
#3913=CARTESIAN_POINT('',(8.83156228065491,115.671195983887,3.));
#3914=CARTESIAN_POINT('Origin',(10.8315622806549,115.671195983887,3.));
#3915=CARTESIAN_POINT('',(8.83156228065491,115.671195983887,0.));
#3916=CARTESIAN_POINT('',(8.83156228065491,115.671195983887,-7.));
#3917=CARTESIAN_POINT('Origin',(10.8315622806549,115.671195983887,0.));
#3918=CARTESIAN_POINT('Origin',(101.817226409912,148.554592132568,-7.));
#3919=CARTESIAN_POINT('',(99.8172264099121,148.554592132568,3.));
#3920=CARTESIAN_POINT('Origin',(101.817226409912,148.554592132568,3.));
#3921=CARTESIAN_POINT('',(99.8172264099121,148.554592132568,0.));
#3922=CARTESIAN_POINT('',(99.8172264099121,148.554592132568,-7.));
#3923=CARTESIAN_POINT('Origin',(101.817226409912,148.554592132568,0.));
#3924=CARTESIAN_POINT('Origin',(11.0311521085194,149.025787070299,-7.));
#3925=CARTESIAN_POINT('',(9.03115210851944,149.025787070299,3.));
#3926=CARTESIAN_POINT('Origin',(11.0311521085194,149.025787070299,3.));
#3927=CARTESIAN_POINT('',(9.03115210851944,149.025787070299,0.));
#3928=CARTESIAN_POINT('',(9.03115210851944,149.025787070299,-7.));
#3929=CARTESIAN_POINT('Origin',(11.0311521085194,149.025787070299,0.));
#3930=CARTESIAN_POINT('Origin',(55.1453117202272,180.541558885173,-7.));
#3931=CARTESIAN_POINT('',(53.1453117202272,180.541558885173,3.));
#3932=CARTESIAN_POINT('Origin',(55.1453117202272,180.541558885173,3.));
#3933=CARTESIAN_POINT('',(53.1453117202272,180.541558885173,0.));
#3934=CARTESIAN_POINT('',(53.1453117202272,180.541558885173,-7.));
#3935=CARTESIAN_POINT('Origin',(55.1453117202272,180.541558885173,0.));
#3936=CARTESIAN_POINT('Origin',(112.,10.,0.));
#3937=CARTESIAN_POINT('',(112.,10.,0.));
#3938=CARTESIAN_POINT('',(112.,130.,0.));
#3939=CARTESIAN_POINT('',(112.,10.,0.));
#3940=CARTESIAN_POINT('',(112.,130.,3.));
#3941=CARTESIAN_POINT('',(112.,130.,0.));
#3942=CARTESIAN_POINT('',(112.,10.,3.));
#3943=CARTESIAN_POINT('',(112.,10.,3.));
#3944=CARTESIAN_POINT('',(112.,10.,0.));
#3945=CARTESIAN_POINT('Origin',(102.,9.99999999999999,0.));
#3946=CARTESIAN_POINT('',(102.,0.,0.));
#3947=CARTESIAN_POINT('Origin',(102.,9.99999999999999,0.));
#3948=CARTESIAN_POINT('',(102.,0.,3.));
#3949=CARTESIAN_POINT('Origin',(102.,9.99999999999999,3.));
#3950=CARTESIAN_POINT('',(102.,0.,0.));
#3951=CARTESIAN_POINT('Origin',(10.,0.,0.));
#3952=CARTESIAN_POINT('',(10.,1.11022302462516E-15,0.));
#3953=CARTESIAN_POINT('',(10.,0.,0.));
#3954=CARTESIAN_POINT('',(10.,0.,3.));
#3955=CARTESIAN_POINT('',(10.,0.,3.));
#3956=CARTESIAN_POINT('',(10.,1.11022302462516E-15,0.));
#3957=CARTESIAN_POINT('Origin',(9.99999999999999,9.99999999999999,0.));
#3958=CARTESIAN_POINT('',(1.11022302462516E-15,10.,0.));
#3959=CARTESIAN_POINT('Origin',(9.99999999999999,9.99999999999999,0.));
#3960=CARTESIAN_POINT('',(0.,10.,3.));
#3961=CARTESIAN_POINT('Origin',(9.99999999999999,9.99999999999999,3.));
#3962=CARTESIAN_POINT('',(1.11022302462516E-15,10.,0.));
#3963=CARTESIAN_POINT('Origin',(0.,130.,0.));
#3964=CARTESIAN_POINT('',(0.,130.,0.));
#3965=CARTESIAN_POINT('',(0.,130.,0.));
#3966=CARTESIAN_POINT('',(0.,130.,3.));
#3967=CARTESIAN_POINT('',(0.,130.,3.));
#3968=CARTESIAN_POINT('',(0.,130.,0.));
#3969=CARTESIAN_POINT('Origin',(56.,130.,0.));
#3970=CARTESIAN_POINT('Origin',(56.,130.,0.));
#3971=CARTESIAN_POINT('Origin',(56.,130.,3.));
#3972=CARTESIAN_POINT('Origin',(56.,93.,3.));
#3973=CARTESIAN_POINT('Origin',(56.,93.,0.));
#3974=CARTESIAN_POINT('Origin',(10.,125.773345522759,5.86726827460509));
#3975=CARTESIAN_POINT('',(0.,127.273345522759,5.86726827460509));
#3976=CARTESIAN_POINT('Origin',(0.,125.773345522759,5.86726827460509));
#3977=CARTESIAN_POINT('',(3.,127.273345522759,5.86726827460509));
#3978=CARTESIAN_POINT('',(10.,127.273345522759,5.86726827460509));
#3979=CARTESIAN_POINT('Origin',(3.,125.773345522759,5.86726827460509));
#3980=CARTESIAN_POINT('Origin',(0.,130.000001937151,3.00000004470348));
#3981=CARTESIAN_POINT('',(0.,130.000001937151,3.00000004470348));
#3982=CARTESIAN_POINT('',(0.,130.000001937151,5.00000007450581));
#3983=CARTESIAN_POINT('',(0.,130.000001937151,3.00000004470348));
#3984=CARTESIAN_POINT('',(3.,130.000001937151,5.00000007450581));
#3985=CARTESIAN_POINT('',(0.,130.000001937151,5.00000007450581));
#3986=CARTESIAN_POINT('',(3.,130.000001937151,3.00000004470348));
#3987=CARTESIAN_POINT('',(3.,130.000001937151,3.00000004470348));
#3988=CARTESIAN_POINT('',(0.,130.000001937151,3.00000004470348));
#3989=CARTESIAN_POINT('Origin',(0.,121.360929994814,3.00000004470348));
#3990=CARTESIAN_POINT('',(0.,121.360929994814,3.00000004470348));
#3991=CARTESIAN_POINT('',(0.,121.360929994814,3.00000004470348));
#3992=CARTESIAN_POINT('',(3.,121.360929994814,3.00000004470348));
#3993=CARTESIAN_POINT('',(3.,121.360929994814,3.00000004470348));
#3994=CARTESIAN_POINT('',(0.,121.360929994814,3.00000004470348));
#3995=CARTESIAN_POINT('Origin',(0.,121.360929994814,5.00000007450581));
#3996=CARTESIAN_POINT('',(0.,121.360929994814,5.00000007450581));
#3997=CARTESIAN_POINT('',(0.,121.360929994814,5.00000007450581));
#3998=CARTESIAN_POINT('',(3.,121.360929994814,5.00000007450581));
#3999=CARTESIAN_POINT('',(3.,121.360929994814,5.00000007450581));
#4000=CARTESIAN_POINT('',(0.,121.360929994814,5.00000007450581));
#4001=CARTESIAN_POINT('Origin',(0.,125.680465965983,5.00000007450581));
#4002=CARTESIAN_POINT('Origin',(0.,125.680465965983,5.00000007450581));
#4003=CARTESIAN_POINT('Origin',(3.,125.680465965983,5.00000007450581));
#4004=CARTESIAN_POINT('Origin',(3.,125.680465965983,6.15976804518885));
#4005=CARTESIAN_POINT('Origin',(0.,125.680465965983,6.15976804518885));
#4006=CARTESIAN_POINT('Origin',(0.,108.394692658143,-18.6053088825577));
#4007=CARTESIAN_POINT('',(0.,132.000001937151,3.00000004470348));
#4008=CARTESIAN_POINT('',(0.,130.000001937151,5.00000007450581));
#4009=CARTESIAN_POINT('Origin',(0.,108.394692658143,-18.6053088825577));
#4010=CARTESIAN_POINT('',(3.,130.000001937151,5.00000007450581));
#4011=CARTESIAN_POINT('',(0.,130.000001937151,5.00000007450581));
#4012=CARTESIAN_POINT('',(3.,132.000001937151,3.00000004470348));
#4013=CARTESIAN_POINT('Origin',(3.,108.394692658143,-18.6053088825577));
#4014=CARTESIAN_POINT('',(0.,132.000001937151,3.00000004470348));
#4015=CARTESIAN_POINT('Origin',(3.,130.000001937151,5.00000007450581));
#4016=CARTESIAN_POINT('',(3.,130.000001937151,3.00000004470348));
#4017=CARTESIAN_POINT('',(3.,130.000001937151,3.00000004470348));
#4018=CARTESIAN_POINT('',(3.,130.000001937151,3.00000004470348));
#4019=CARTESIAN_POINT('Origin',(3.,130.000001937151,3.00000004470348));
#4020=CARTESIAN_POINT('',(0.,130.000001937151,3.00000004470348));
#4021=CARTESIAN_POINT('',(0.,130.000001937151,3.00000004470348));
#4022=CARTESIAN_POINT('',(0.,130.000001937151,3.00000004470348));
#4023=CARTESIAN_POINT('Origin',(0.,130.000001937151,3.00000004470348));
#4024=CARTESIAN_POINT('',(0.,130.000001937151,3.00000004470348));
#4025=CARTESIAN_POINT('Origin',(0.,130.000001937151,3.00000004470348));
#4026=CARTESIAN_POINT('Origin',(0.,147.919957758916,-23.5590272938357));
#4027=CARTESIAN_POINT('',(3.,119.360929994814,3.00000004470348));
#4028=CARTESIAN_POINT('',(3.,121.360929994814,5.00000007450581));
#4029=CARTESIAN_POINT('Origin',(3.,147.919957758916,-23.5590272938357));
#4030=CARTESIAN_POINT('',(0.,121.360929994814,5.00000007450581));
#4031=CARTESIAN_POINT('',(0.,121.360929994814,5.00000007450581));
#4032=CARTESIAN_POINT('',(0.,119.360929994814,3.00000004470348));
#4033=CARTESIAN_POINT('Origin',(0.,147.919957758916,-23.5590272938357));
#4034=CARTESIAN_POINT('',(0.,119.360929994814,3.00000004470348));
#4035=CARTESIAN_POINT('Origin',(0.,121.360929994814,5.00000007450581));
#4036=CARTESIAN_POINT('',(0.,121.360929994814,3.00000004470348));
#4037=CARTESIAN_POINT('',(0.,121.360929994814,5.00000007450581));
#4038=CARTESIAN_POINT('',(0.,121.360929994814,3.00000004470348));
#4039=CARTESIAN_POINT('Origin',(3.,121.360929994814,3.00000004470348));
#4040=CARTESIAN_POINT('',(3.,121.360929994814,3.00000004470348));
#4041=CARTESIAN_POINT('',(3.,121.360929994814,3.00000004470348));
#4042=CARTESIAN_POINT('',(3.,121.360929994814,5.00000007450581));
#4043=CARTESIAN_POINT('Origin',(0.,121.360929994814,3.00000004470348));
#4044=CARTESIAN_POINT('',(0.,121.360929994814,3.00000004470348));
#4045=CARTESIAN_POINT('Origin',(0.,121.360929994814,5.00000007450581));
#4046=CARTESIAN_POINT('Origin',(10.,70.7733455227591,5.86726827460509));
#4047=CARTESIAN_POINT('',(0.,72.2733455227591,5.86726827460509));
#4048=CARTESIAN_POINT('Origin',(0.,70.7733455227591,5.86726827460509));
#4049=CARTESIAN_POINT('',(3.,72.2733455227591,5.86726827460509));
#4050=CARTESIAN_POINT('',(10.,72.2733455227591,5.86726827460509));
#4051=CARTESIAN_POINT('Origin',(3.,70.7733455227591,5.86726827460509));
#4052=CARTESIAN_POINT('Origin',(0.,75.000001937151,3.00000004470348));
#4053=CARTESIAN_POINT('',(0.,75.000001937151,3.00000004470348));
#4054=CARTESIAN_POINT('',(0.,75.000001937151,5.00000007450581));
#4055=CARTESIAN_POINT('',(0.,75.000001937151,3.00000004470348));
#4056=CARTESIAN_POINT('',(3.,75.000001937151,5.00000007450581));
#4057=CARTESIAN_POINT('',(0.,75.000001937151,5.00000007450581));
#4058=CARTESIAN_POINT('',(3.,75.000001937151,3.00000004470348));
#4059=CARTESIAN_POINT('',(3.,75.000001937151,3.00000004470348));
#4060=CARTESIAN_POINT('',(0.,75.000001937151,3.00000004470348));
#4061=CARTESIAN_POINT('Origin',(0.,66.3609299948141,3.00000004470348));
#4062=CARTESIAN_POINT('',(0.,66.3609299948141,3.00000004470348));
#4063=CARTESIAN_POINT('',(0.,66.3609299948141,3.00000004470348));
#4064=CARTESIAN_POINT('',(3.,66.3609299948141,3.00000004470348));
#4065=CARTESIAN_POINT('',(3.,66.3609299948141,3.00000004470348));
#4066=CARTESIAN_POINT('',(0.,66.3609299948141,3.00000004470348));
#4067=CARTESIAN_POINT('Origin',(0.,66.3609299948141,5.00000007450581));
#4068=CARTESIAN_POINT('',(0.,66.3609299948141,5.00000007450581));
#4069=CARTESIAN_POINT('',(0.,66.3609299948141,5.00000007450581));
#4070=CARTESIAN_POINT('',(3.,66.3609299948141,5.00000007450581));
#4071=CARTESIAN_POINT('',(3.,66.3609299948141,5.00000007450581));
#4072=CARTESIAN_POINT('',(0.,66.3609299948141,5.00000007450581));
#4073=CARTESIAN_POINT('Origin',(0.,70.6804659659825,5.00000007450581));
#4074=CARTESIAN_POINT('Origin',(0.,70.6804659659825,5.00000007450581));
#4075=CARTESIAN_POINT('Origin',(3.,70.6804659659825,5.00000007450581));
#4076=CARTESIAN_POINT('Origin',(3.,70.6804659659825,6.15976804518885));
#4077=CARTESIAN_POINT('Origin',(0.,70.6804659659825,6.15976804518885));
#4078=CARTESIAN_POINT('Origin',(0.,53.3946926581432,-18.6053088825577));
#4079=CARTESIAN_POINT('',(0.,77.000001937151,3.00000004470348));
#4080=CARTESIAN_POINT('',(0.,75.000001937151,5.00000007450581));
#4081=CARTESIAN_POINT('Origin',(0.,53.3946926581432,-18.6053088825577));
#4082=CARTESIAN_POINT('',(3.,75.000001937151,5.00000007450581));
#4083=CARTESIAN_POINT('',(0.,75.000001937151,5.00000007450581));
#4084=CARTESIAN_POINT('',(3.,77.000001937151,3.00000004470348));
#4085=CARTESIAN_POINT('Origin',(3.,53.3946926581432,-18.6053088825577));
#4086=CARTESIAN_POINT('',(0.,77.000001937151,3.00000004470348));
#4087=CARTESIAN_POINT('Origin',(3.,75.000001937151,5.00000007450581));
#4088=CARTESIAN_POINT('',(3.,75.000001937151,3.00000004470348));
#4089=CARTESIAN_POINT('',(3.,75.000001937151,3.00000004470348));
#4090=CARTESIAN_POINT('',(3.,75.000001937151,3.00000004470348));
#4091=CARTESIAN_POINT('Origin',(3.,75.000001937151,3.00000004470348));
#4092=CARTESIAN_POINT('',(0.,75.000001937151,3.00000004470348));
#4093=CARTESIAN_POINT('',(0.,75.000001937151,3.00000004470348));
#4094=CARTESIAN_POINT('',(0.,75.000001937151,3.00000004470348));
#4095=CARTESIAN_POINT('Origin',(0.,75.000001937151,3.00000004470348));
#4096=CARTESIAN_POINT('',(0.,75.000001937151,3.00000004470348));
#4097=CARTESIAN_POINT('Origin',(0.,75.000001937151,3.00000004470348));
#4098=CARTESIAN_POINT('Origin',(0.,92.9199577589158,-23.5590272938357));
#4099=CARTESIAN_POINT('',(3.,64.3609299948141,3.00000004470348));
#4100=CARTESIAN_POINT('',(3.,66.3609299948141,5.00000007450581));
#4101=CARTESIAN_POINT('Origin',(3.,92.9199577589158,-23.5590272938357));
#4102=CARTESIAN_POINT('',(0.,66.3609299948141,5.00000007450581));
#4103=CARTESIAN_POINT('',(0.,66.3609299948141,5.00000007450581));
#4104=CARTESIAN_POINT('',(0.,64.3609299948141,3.00000004470348));
#4105=CARTESIAN_POINT('Origin',(0.,92.9199577589158,-23.5590272938357));
#4106=CARTESIAN_POINT('',(0.,64.3609299948141,3.00000004470348));
#4107=CARTESIAN_POINT('Origin',(0.,66.3609299948141,5.00000007450581));
#4108=CARTESIAN_POINT('',(0.,66.3609299948141,3.00000004470348));
#4109=CARTESIAN_POINT('',(0.,66.3609299948141,5.00000007450581));
#4110=CARTESIAN_POINT('',(0.,66.3609299948141,3.00000004470348));
#4111=CARTESIAN_POINT('Origin',(3.,66.3609299948141,3.00000004470348));
#4112=CARTESIAN_POINT('',(3.,66.3609299948141,3.00000004470348));
#4113=CARTESIAN_POINT('',(3.,66.3609299948141,3.00000004470348));
#4114=CARTESIAN_POINT('',(3.,66.3609299948141,5.00000007450581));
#4115=CARTESIAN_POINT('Origin',(0.,66.3609299948141,3.00000004470348));
#4116=CARTESIAN_POINT('',(0.,66.3609299948141,3.00000004470348));
#4117=CARTESIAN_POINT('Origin',(0.,66.3609299948141,5.00000007450581));
#4118=CARTESIAN_POINT('Origin',(10.,15.7733455227591,5.86726827460509));
#4119=CARTESIAN_POINT('',(0.,17.2733455227591,5.86726827460509));
#4120=CARTESIAN_POINT('Origin',(0.,15.7733455227591,5.86726827460509));
#4121=CARTESIAN_POINT('',(3.,17.2733455227591,5.86726827460509));
#4122=CARTESIAN_POINT('',(10.,17.2733455227591,5.86726827460509));
#4123=CARTESIAN_POINT('Origin',(3.,15.7733455227591,5.86726827460509));
#4124=CARTESIAN_POINT('Origin',(0.,20.000001937151,3.00000004470348));
#4125=CARTESIAN_POINT('',(0.,20.000001937151,3.00000004470348));
#4126=CARTESIAN_POINT('',(0.,20.000001937151,5.00000007450581));
#4127=CARTESIAN_POINT('',(0.,20.000001937151,3.00000004470348));
#4128=CARTESIAN_POINT('',(3.,20.000001937151,5.00000007450581));
#4129=CARTESIAN_POINT('',(0.,20.000001937151,5.00000007450581));
#4130=CARTESIAN_POINT('',(3.,20.000001937151,3.00000004470348));
#4131=CARTESIAN_POINT('',(3.,20.000001937151,3.00000004470348));
#4132=CARTESIAN_POINT('',(0.,20.000001937151,3.00000004470348));
#4133=CARTESIAN_POINT('Origin',(0.,11.3609299948141,3.00000004470348));
#4134=CARTESIAN_POINT('',(0.,11.3609299948141,3.00000004470348));
#4135=CARTESIAN_POINT('',(0.,11.3609299948141,3.00000004470348));
#4136=CARTESIAN_POINT('',(3.,11.3609299948141,3.00000004470348));
#4137=CARTESIAN_POINT('',(3.,11.3609299948141,3.00000004470348));
#4138=CARTESIAN_POINT('',(0.,11.3609299948141,3.00000004470348));
#4139=CARTESIAN_POINT('Origin',(0.,11.3609299948141,5.00000007450581));
#4140=CARTESIAN_POINT('',(0.,11.3609299948141,5.00000007450581));
#4141=CARTESIAN_POINT('',(0.,11.3609299948141,5.00000007450581));
#4142=CARTESIAN_POINT('',(3.,11.3609299948141,5.00000007450581));
#4143=CARTESIAN_POINT('',(3.,11.3609299948141,5.00000007450581));
#4144=CARTESIAN_POINT('',(0.,11.3609299948141,5.00000007450581));
#4145=CARTESIAN_POINT('Origin',(0.,15.6804659659825,5.00000007450581));
#4146=CARTESIAN_POINT('Origin',(0.,15.6804659659825,5.00000007450581));
#4147=CARTESIAN_POINT('Origin',(3.,15.6804659659825,5.00000007450581));
#4148=CARTESIAN_POINT('Origin',(3.,15.6804659659825,6.15976804518885));
#4149=CARTESIAN_POINT('Origin',(0.,15.6804659659825,6.15976804518885));
#4150=CARTESIAN_POINT('Origin',(0.,-1.60530734185681,-18.6053088825577));
#4151=CARTESIAN_POINT('',(0.,22.0000019371509,3.00000004470348));
#4152=CARTESIAN_POINT('',(0.,20.000001937151,5.00000007450581));
#4153=CARTESIAN_POINT('Origin',(0.,-1.60530734185681,-18.6053088825577));
#4154=CARTESIAN_POINT('',(3.,20.000001937151,5.00000007450581));
#4155=CARTESIAN_POINT('',(0.,20.000001937151,5.00000007450581));
#4156=CARTESIAN_POINT('',(3.,22.0000019371509,3.00000004470348));
#4157=CARTESIAN_POINT('Origin',(3.,-1.60530734185681,-18.6053088825577));
#4158=CARTESIAN_POINT('',(0.,22.0000019371509,3.00000004470348));
#4159=CARTESIAN_POINT('Origin',(3.,20.000001937151,5.00000007450581));
#4160=CARTESIAN_POINT('',(3.,20.000001937151,3.00000004470348));
#4161=CARTESIAN_POINT('',(3.,20.000001937151,3.00000004470348));
#4162=CARTESIAN_POINT('',(3.,20.000001937151,3.00000004470348));
#4163=CARTESIAN_POINT('Origin',(3.,20.000001937151,3.00000004470348));
#4164=CARTESIAN_POINT('',(0.,20.000001937151,3.00000004470348));
#4165=CARTESIAN_POINT('',(0.,20.000001937151,3.00000004470348));
#4166=CARTESIAN_POINT('',(0.,20.000001937151,3.00000004470348));
#4167=CARTESIAN_POINT('Origin',(0.,20.000001937151,3.00000004470348));
#4168=CARTESIAN_POINT('',(0.,20.000001937151,3.00000004470348));
#4169=CARTESIAN_POINT('Origin',(0.,20.000001937151,3.00000004470348));
#4170=CARTESIAN_POINT('Origin',(0.,37.9199577589158,-23.5590272938357));
#4171=CARTESIAN_POINT('',(3.,9.36092999481412,3.00000004470348));
#4172=CARTESIAN_POINT('',(3.,11.3609299948141,5.00000007450581));
#4173=CARTESIAN_POINT('Origin',(3.,37.9199577589158,-23.5590272938357));
#4174=CARTESIAN_POINT('',(0.,11.3609299948141,5.00000007450581));
#4175=CARTESIAN_POINT('',(0.,11.3609299948141,5.00000007450581));
#4176=CARTESIAN_POINT('',(0.,9.36092999481412,3.00000004470348));
#4177=CARTESIAN_POINT('Origin',(0.,37.9199577589158,-23.5590272938357));
#4178=CARTESIAN_POINT('',(0.,9.36092999481412,3.00000004470348));
#4179=CARTESIAN_POINT('Origin',(0.,11.3609299948141,5.00000007450581));
#4180=CARTESIAN_POINT('',(0.,11.3609299948141,3.00000004470348));
#4181=CARTESIAN_POINT('',(0.,11.3609299948141,5.00000007450581));
#4182=CARTESIAN_POINT('',(0.,11.3609299948141,3.00000004470348));
#4183=CARTESIAN_POINT('Origin',(3.,11.3609299948141,3.00000004470348));
#4184=CARTESIAN_POINT('',(3.,11.3609299948141,3.00000004470348));
#4185=CARTESIAN_POINT('',(3.,11.3609299948141,3.00000004470348));
#4186=CARTESIAN_POINT('',(3.,11.3609299948141,5.00000007450581));
#4187=CARTESIAN_POINT('Origin',(0.,11.3609299948141,3.00000004470348));
#4188=CARTESIAN_POINT('',(0.,11.3609299948141,3.00000004470348));
#4189=CARTESIAN_POINT('Origin',(0.,11.3609299948141,5.00000007450581));
#4190=CARTESIAN_POINT('Origin',(119.,125.773345522759,5.86726827460509));
#4191=CARTESIAN_POINT('',(109.,127.273345522759,5.86726827460509));
#4192=CARTESIAN_POINT('Origin',(109.,125.773345522759,5.86726827460509));
#4193=CARTESIAN_POINT('',(112.,127.273345522759,5.86726827460509));
#4194=CARTESIAN_POINT('',(119.,127.273345522759,5.86726827460509));
#4195=CARTESIAN_POINT('Origin',(112.,125.773345522759,5.86726827460509));
#4196=CARTESIAN_POINT('Origin',(109.,130.000001937151,3.00000004470348));
#4197=CARTESIAN_POINT('',(109.,130.000001937151,3.00000004470348));
#4198=CARTESIAN_POINT('',(109.,130.000001937151,5.00000007450581));
#4199=CARTESIAN_POINT('',(109.,130.000001937151,3.00000004470348));
#4200=CARTESIAN_POINT('',(112.,130.000001937151,5.00000007450581));
#4201=CARTESIAN_POINT('',(109.,130.000001937151,5.00000007450581));
#4202=CARTESIAN_POINT('',(112.,130.000001937151,3.00000004470348));
#4203=CARTESIAN_POINT('',(112.,130.000001937151,3.00000004470348));
#4204=CARTESIAN_POINT('',(109.,130.000001937151,3.00000004470348));
#4205=CARTESIAN_POINT('Origin',(109.,121.360929994814,3.00000004470348));
#4206=CARTESIAN_POINT('',(109.,121.360929994814,3.00000004470348));
#4207=CARTESIAN_POINT('',(109.,121.360929994814,3.00000004470348));
#4208=CARTESIAN_POINT('',(112.,121.360929994814,3.00000004470348));
#4209=CARTESIAN_POINT('',(112.,121.360929994814,3.00000004470348));
#4210=CARTESIAN_POINT('',(109.,121.360929994814,3.00000004470348));
#4211=CARTESIAN_POINT('Origin',(109.,121.360929994814,5.00000007450581));
#4212=CARTESIAN_POINT('',(109.,121.360929994814,5.00000007450581));
#4213=CARTESIAN_POINT('',(109.,121.360929994814,5.00000007450581));
#4214=CARTESIAN_POINT('',(112.,121.360929994814,5.00000007450581));
#4215=CARTESIAN_POINT('',(112.,121.360929994814,5.00000007450581));
#4216=CARTESIAN_POINT('',(109.,121.360929994814,5.00000007450581));
#4217=CARTESIAN_POINT('Origin',(109.,125.680465965983,5.00000007450581));
#4218=CARTESIAN_POINT('Origin',(109.,125.680465965983,5.00000007450581));
#4219=CARTESIAN_POINT('Origin',(112.,125.680465965983,5.00000007450581));
#4220=CARTESIAN_POINT('Origin',(112.,125.680465965983,6.15976804518885));
#4221=CARTESIAN_POINT('Origin',(109.,125.680465965983,6.15976804518885));
#4222=CARTESIAN_POINT('Origin',(109.,108.394692658143,-18.6053088825577));
#4223=CARTESIAN_POINT('',(109.,132.000001937151,3.00000004470348));
#4224=CARTESIAN_POINT('',(109.,130.000001937151,5.00000007450581));
#4225=CARTESIAN_POINT('Origin',(109.,108.394692658143,-18.6053088825577));
#4226=CARTESIAN_POINT('',(112.,130.000001937151,5.00000007450581));
#4227=CARTESIAN_POINT('',(109.,130.000001937151,5.00000007450581));
#4228=CARTESIAN_POINT('',(112.,132.000001937151,3.00000004470348));
#4229=CARTESIAN_POINT('Origin',(112.,108.394692658143,-18.6053088825577));
#4230=CARTESIAN_POINT('',(109.,132.000001937151,3.00000004470348));
#4231=CARTESIAN_POINT('Origin',(112.,130.000001937151,5.00000007450581));
#4232=CARTESIAN_POINT('',(112.,130.000001937151,3.00000004470348));
#4233=CARTESIAN_POINT('',(112.,130.000001937151,3.00000004470348));
#4234=CARTESIAN_POINT('',(112.,130.000001937151,3.00000004470348));
#4235=CARTESIAN_POINT('Origin',(112.,130.000001937151,3.00000004470348));
#4236=CARTESIAN_POINT('',(109.,130.000001937151,3.00000004470348));
#4237=CARTESIAN_POINT('',(109.,130.000001937151,3.00000004470348));
#4238=CARTESIAN_POINT('',(109.,130.000001937151,3.00000004470348));
#4239=CARTESIAN_POINT('Origin',(109.,130.000001937151,3.00000004470348));
#4240=CARTESIAN_POINT('',(109.,130.000001937151,3.00000004470348));
#4241=CARTESIAN_POINT('Origin',(109.,130.000001937151,3.00000004470348));
#4242=CARTESIAN_POINT('Origin',(109.,147.919957758916,-23.5590272938357));
#4243=CARTESIAN_POINT('',(112.,119.360929994814,3.00000004470348));
#4244=CARTESIAN_POINT('',(112.,121.360929994814,5.00000007450581));
#4245=CARTESIAN_POINT('Origin',(112.,147.919957758916,-23.5590272938357));
#4246=CARTESIAN_POINT('',(109.,121.360929994814,5.00000007450581));
#4247=CARTESIAN_POINT('',(109.,121.360929994814,5.00000007450581));
#4248=CARTESIAN_POINT('',(109.,119.360929994814,3.00000004470348));
#4249=CARTESIAN_POINT('Origin',(109.,147.919957758916,-23.5590272938357));
#4250=CARTESIAN_POINT('',(109.,119.360929994814,3.00000004470348));
#4251=CARTESIAN_POINT('Origin',(109.,121.360929994814,5.00000007450581));
#4252=CARTESIAN_POINT('',(109.,121.360929994814,3.00000004470348));
#4253=CARTESIAN_POINT('',(109.,121.360929994814,5.00000007450581));
#4254=CARTESIAN_POINT('',(109.,121.360929994814,3.00000004470348));
#4255=CARTESIAN_POINT('Origin',(112.,121.360929994814,3.00000004470348));
#4256=CARTESIAN_POINT('',(112.,121.360929994814,3.00000004470348));
#4257=CARTESIAN_POINT('',(112.,121.360929994814,3.00000004470348));
#4258=CARTESIAN_POINT('',(112.,121.360929994814,5.00000007450581));
#4259=CARTESIAN_POINT('Origin',(109.,121.360929994814,3.00000004470348));
#4260=CARTESIAN_POINT('',(109.,121.360929994814,3.00000004470348));
#4261=CARTESIAN_POINT('Origin',(109.,121.360929994814,5.00000007450581));
#4262=CARTESIAN_POINT('Origin',(119.,70.7733455227591,5.86726827460509));
#4263=CARTESIAN_POINT('',(109.,72.2733455227591,5.86726827460509));
#4264=CARTESIAN_POINT('Origin',(109.,70.7733455227591,5.86726827460509));
#4265=CARTESIAN_POINT('',(112.,72.2733455227591,5.86726827460509));
#4266=CARTESIAN_POINT('',(119.,72.2733455227591,5.86726827460509));
#4267=CARTESIAN_POINT('Origin',(112.,70.7733455227591,5.86726827460509));
#4268=CARTESIAN_POINT('Origin',(109.,75.000001937151,3.00000004470348));
#4269=CARTESIAN_POINT('',(109.,75.000001937151,3.00000004470348));
#4270=CARTESIAN_POINT('',(109.,75.000001937151,5.00000007450581));
#4271=CARTESIAN_POINT('',(109.,75.000001937151,3.00000004470348));
#4272=CARTESIAN_POINT('',(112.,75.000001937151,5.00000007450581));
#4273=CARTESIAN_POINT('',(109.,75.000001937151,5.00000007450581));
#4274=CARTESIAN_POINT('',(112.,75.000001937151,3.00000004470348));
#4275=CARTESIAN_POINT('',(112.,75.000001937151,3.00000004470348));
#4276=CARTESIAN_POINT('',(109.,75.000001937151,3.00000004470348));
#4277=CARTESIAN_POINT('Origin',(109.,66.3609299948141,3.00000004470348));
#4278=CARTESIAN_POINT('',(109.,66.3609299948141,3.00000004470348));
#4279=CARTESIAN_POINT('',(109.,66.3609299948141,3.00000004470348));
#4280=CARTESIAN_POINT('',(112.,66.3609299948141,3.00000004470348));
#4281=CARTESIAN_POINT('',(112.,66.3609299948141,3.00000004470348));
#4282=CARTESIAN_POINT('',(109.,66.3609299948141,3.00000004470348));
#4283=CARTESIAN_POINT('Origin',(109.,66.3609299948141,5.00000007450581));
#4284=CARTESIAN_POINT('',(109.,66.3609299948141,5.00000007450581));
#4285=CARTESIAN_POINT('',(109.,66.3609299948141,5.00000007450581));
#4286=CARTESIAN_POINT('',(112.,66.3609299948141,5.00000007450581));
#4287=CARTESIAN_POINT('',(112.,66.3609299948141,5.00000007450581));
#4288=CARTESIAN_POINT('',(109.,66.3609299948141,5.00000007450581));
#4289=CARTESIAN_POINT('Origin',(109.,70.6804659659825,5.00000007450581));
#4290=CARTESIAN_POINT('Origin',(109.,70.6804659659825,5.00000007450581));
#4291=CARTESIAN_POINT('Origin',(112.,70.6804659659825,5.00000007450581));
#4292=CARTESIAN_POINT('Origin',(112.,70.6804659659825,6.15976804518885));
#4293=CARTESIAN_POINT('Origin',(109.,70.6804659659825,6.15976804518885));
#4294=CARTESIAN_POINT('Origin',(109.,53.3946926581432,-18.6053088825577));
#4295=CARTESIAN_POINT('',(109.,77.000001937151,3.00000004470348));
#4296=CARTESIAN_POINT('',(109.,75.000001937151,5.00000007450581));
#4297=CARTESIAN_POINT('Origin',(109.,53.3946926581432,-18.6053088825577));
#4298=CARTESIAN_POINT('',(112.,75.000001937151,5.00000007450581));
#4299=CARTESIAN_POINT('',(109.,75.000001937151,5.00000007450581));
#4300=CARTESIAN_POINT('',(112.,77.000001937151,3.00000004470348));
#4301=CARTESIAN_POINT('Origin',(112.,53.3946926581432,-18.6053088825577));
#4302=CARTESIAN_POINT('',(109.,77.000001937151,3.00000004470348));
#4303=CARTESIAN_POINT('Origin',(112.,75.000001937151,5.00000007450581));
#4304=CARTESIAN_POINT('',(112.,75.000001937151,3.00000004470348));
#4305=CARTESIAN_POINT('',(112.,75.000001937151,3.00000004470348));
#4306=CARTESIAN_POINT('',(112.,75.000001937151,3.00000004470348));
#4307=CARTESIAN_POINT('Origin',(112.,75.000001937151,3.00000004470348));
#4308=CARTESIAN_POINT('',(109.,75.000001937151,3.00000004470348));
#4309=CARTESIAN_POINT('',(109.,75.000001937151,3.00000004470348));
#4310=CARTESIAN_POINT('',(109.,75.000001937151,3.00000004470348));
#4311=CARTESIAN_POINT('Origin',(109.,75.000001937151,3.00000004470348));
#4312=CARTESIAN_POINT('',(109.,75.000001937151,3.00000004470348));
#4313=CARTESIAN_POINT('Origin',(109.,75.000001937151,3.00000004470348));
#4314=CARTESIAN_POINT('Origin',(109.,92.9199577589158,-23.5590272938357));
#4315=CARTESIAN_POINT('',(112.,64.3609299948141,3.00000004470348));
#4316=CARTESIAN_POINT('',(112.,66.3609299948141,5.00000007450581));
#4317=CARTESIAN_POINT('Origin',(112.,92.9199577589158,-23.5590272938357));
#4318=CARTESIAN_POINT('',(109.,66.3609299948141,5.00000007450581));
#4319=CARTESIAN_POINT('',(109.,66.3609299948141,5.00000007450581));
#4320=CARTESIAN_POINT('',(109.,64.3609299948141,3.00000004470348));
#4321=CARTESIAN_POINT('Origin',(109.,92.9199577589158,-23.5590272938357));
#4322=CARTESIAN_POINT('',(109.,64.3609299948141,3.00000004470348));
#4323=CARTESIAN_POINT('Origin',(109.,66.3609299948141,5.00000007450581));
#4324=CARTESIAN_POINT('',(109.,66.3609299948141,3.00000004470348));
#4325=CARTESIAN_POINT('',(109.,66.3609299948141,5.00000007450581));
#4326=CARTESIAN_POINT('',(109.,66.3609299948141,3.00000004470348));
#4327=CARTESIAN_POINT('Origin',(112.,66.3609299948141,3.00000004470348));
#4328=CARTESIAN_POINT('',(112.,66.3609299948141,3.00000004470348));
#4329=CARTESIAN_POINT('',(112.,66.3609299948141,3.00000004470348));
#4330=CARTESIAN_POINT('',(112.,66.3609299948141,5.00000007450581));
#4331=CARTESIAN_POINT('Origin',(109.,66.3609299948141,3.00000004470348));
#4332=CARTESIAN_POINT('',(109.,66.3609299948141,3.00000004470348));
#4333=CARTESIAN_POINT('Origin',(109.,66.3609299948141,5.00000007450581));
#4334=CARTESIAN_POINT('Origin',(119.,15.7733455227591,5.86726827460509));
#4335=CARTESIAN_POINT('',(109.,17.2733455227591,5.86726827460509));
#4336=CARTESIAN_POINT('Origin',(109.,15.7733455227591,5.86726827460509));
#4337=CARTESIAN_POINT('',(112.,17.2733455227591,5.86726827460509));
#4338=CARTESIAN_POINT('',(119.,17.2733455227591,5.86726827460509));
#4339=CARTESIAN_POINT('Origin',(112.,15.7733455227591,5.86726827460509));
#4340=CARTESIAN_POINT('Origin',(109.,20.000001937151,3.00000004470348));
#4341=CARTESIAN_POINT('',(109.,20.000001937151,3.00000004470348));
#4342=CARTESIAN_POINT('',(109.,20.000001937151,5.00000007450581));
#4343=CARTESIAN_POINT('',(109.,20.000001937151,3.00000004470348));
#4344=CARTESIAN_POINT('',(112.,20.000001937151,5.00000007450581));
#4345=CARTESIAN_POINT('',(109.,20.000001937151,5.00000007450581));
#4346=CARTESIAN_POINT('',(112.,20.000001937151,3.00000004470348));
#4347=CARTESIAN_POINT('',(112.,20.000001937151,3.00000004470348));
#4348=CARTESIAN_POINT('',(109.,20.000001937151,3.00000004470348));
#4349=CARTESIAN_POINT('Origin',(109.,11.3609299948141,3.00000004470348));
#4350=CARTESIAN_POINT('',(109.,11.3609299948141,3.00000004470348));
#4351=CARTESIAN_POINT('',(109.,11.3609299948141,3.00000004470348));
#4352=CARTESIAN_POINT('',(112.,11.3609299948141,3.00000004470348));
#4353=CARTESIAN_POINT('',(112.,11.3609299948141,3.00000004470348));
#4354=CARTESIAN_POINT('',(109.,11.3609299948141,3.00000004470348));
#4355=CARTESIAN_POINT('Origin',(109.,11.3609299948141,5.00000007450581));
#4356=CARTESIAN_POINT('',(109.,11.3609299948141,5.00000007450581));
#4357=CARTESIAN_POINT('',(109.,11.3609299948141,5.00000007450581));
#4358=CARTESIAN_POINT('',(112.,11.3609299948141,5.00000007450581));
#4359=CARTESIAN_POINT('',(112.,11.3609299948141,5.00000007450581));
#4360=CARTESIAN_POINT('',(109.,11.3609299948141,5.00000007450581));
#4361=CARTESIAN_POINT('Origin',(109.,15.6804659659825,5.00000007450581));
#4362=CARTESIAN_POINT('Origin',(109.,15.6804659659825,5.00000007450581));
#4363=CARTESIAN_POINT('Origin',(112.,15.6804659659825,5.00000007450581));
#4364=CARTESIAN_POINT('Origin',(112.,15.6804659659825,6.15976804518885));
#4365=CARTESIAN_POINT('Origin',(109.,15.6804659659825,6.15976804518885));
#4366=CARTESIAN_POINT('Origin',(109.,-1.60530734185681,-18.6053088825577));
#4367=CARTESIAN_POINT('',(109.,22.0000019371509,3.00000004470348));
#4368=CARTESIAN_POINT('',(109.,20.000001937151,5.00000007450581));
#4369=CARTESIAN_POINT('Origin',(109.,-1.60530734185681,-18.6053088825577));
#4370=CARTESIAN_POINT('',(112.,20.000001937151,5.00000007450581));
#4371=CARTESIAN_POINT('',(109.,20.000001937151,5.00000007450581));
#4372=CARTESIAN_POINT('',(112.,22.0000019371509,3.00000004470348));
#4373=CARTESIAN_POINT('Origin',(112.,-1.60530734185681,-18.6053088825577));
#4374=CARTESIAN_POINT('',(109.,22.0000019371509,3.00000004470348));
#4375=CARTESIAN_POINT('Origin',(112.,20.000001937151,5.00000007450581));
#4376=CARTESIAN_POINT('',(112.,20.000001937151,3.00000004470348));
#4377=CARTESIAN_POINT('',(112.,20.000001937151,3.00000004470348));
#4378=CARTESIAN_POINT('',(112.,20.000001937151,3.00000004470348));
#4379=CARTESIAN_POINT('Origin',(112.,20.000001937151,3.00000004470348));
#4380=CARTESIAN_POINT('',(109.,20.000001937151,3.00000004470348));
#4381=CARTESIAN_POINT('',(109.,20.000001937151,3.00000004470348));
#4382=CARTESIAN_POINT('',(109.,20.000001937151,3.00000004470348));
#4383=CARTESIAN_POINT('Origin',(109.,20.000001937151,3.00000004470348));
#4384=CARTESIAN_POINT('',(109.,20.000001937151,3.00000004470348));
#4385=CARTESIAN_POINT('Origin',(109.,20.000001937151,3.00000004470348));
#4386=CARTESIAN_POINT('Origin',(109.,37.9199577589158,-23.5590272938357));
#4387=CARTESIAN_POINT('',(112.,9.36092999481412,3.00000004470348));
#4388=CARTESIAN_POINT('',(112.,11.3609299948141,5.00000007450581));
#4389=CARTESIAN_POINT('Origin',(112.,37.9199577589158,-23.5590272938357));
#4390=CARTESIAN_POINT('',(109.,11.3609299948141,5.00000007450581));
#4391=CARTESIAN_POINT('',(109.,11.3609299948141,5.00000007450581));
#4392=CARTESIAN_POINT('',(109.,9.36092999481412,3.00000004470348));
#4393=CARTESIAN_POINT('Origin',(109.,37.9199577589158,-23.5590272938357));
#4394=CARTESIAN_POINT('',(109.,9.36092999481412,3.00000004470348));
#4395=CARTESIAN_POINT('Origin',(109.,11.3609299948141,5.00000007450581));
#4396=CARTESIAN_POINT('',(109.,11.3609299948141,3.00000004470348));
#4397=CARTESIAN_POINT('',(109.,11.3609299948141,5.00000007450581));
#4398=CARTESIAN_POINT('',(109.,11.3609299948141,3.00000004470348));
#4399=CARTESIAN_POINT('Origin',(112.,11.3609299948141,3.00000004470348));
#4400=CARTESIAN_POINT('',(112.,11.3609299948141,3.00000004470348));
#4401=CARTESIAN_POINT('',(112.,11.3609299948141,3.00000004470348));
#4402=CARTESIAN_POINT('',(112.,11.3609299948141,5.00000007450581));
#4403=CARTESIAN_POINT('Origin',(109.,11.3609299948141,3.00000004470348));
#4404=CARTESIAN_POINT('',(109.,11.3609299948141,3.00000004470348));
#4405=CARTESIAN_POINT('Origin',(109.,11.3609299948141,5.00000007450581));
#4406=CARTESIAN_POINT('Origin',(29.9430683606606,164.379468921453,23.));
#4407=CARTESIAN_POINT('',(27.4430683606607,164.379468921453,43.));
#4408=CARTESIAN_POINT('Origin',(29.9430683606606,164.379468921453,43.));
#4409=CARTESIAN_POINT('',(27.4430683606607,164.379468921453,3.));
#4410=CARTESIAN_POINT('',(27.4430683606607,164.379468921453,23.));
#4411=CARTESIAN_POINT('Origin',(29.9430683606606,164.379468921453,3.));
#4412=CARTESIAN_POINT('Origin',(29.8370659177186,155.85826823915,23.));
#4413=CARTESIAN_POINT('',(27.3370659177186,155.85826823915,43.));
#4414=CARTESIAN_POINT('Origin',(29.8370659177186,155.85826823915,43.));
#4415=CARTESIAN_POINT('',(27.3370659177186,155.85826823915,3.));
#4416=CARTESIAN_POINT('',(27.3370659177186,155.85826823915,23.));
#4417=CARTESIAN_POINT('Origin',(29.8370659177186,155.85826823915,3.));
#4418=CARTESIAN_POINT('Origin',(79.9430691057187,164.581469760603,23.));
#4419=CARTESIAN_POINT('',(77.4430691057187,164.581469760603,43.));
#4420=CARTESIAN_POINT('Origin',(79.9430691057187,164.581469760603,43.));
#4421=CARTESIAN_POINT('',(77.4430691057187,164.581469760603,3.));
#4422=CARTESIAN_POINT('',(77.4430691057187,164.581469760603,23.));
#4423=CARTESIAN_POINT('Origin',(79.9430691057187,164.581469760603,3.));
#4424=CARTESIAN_POINT('Origin',(79.9430691057187,155.638401623459,23.));
#4425=CARTESIAN_POINT('',(77.4430691057187,155.638401623459,43.));
#4426=CARTESIAN_POINT('Origin',(79.9430691057187,155.638401623459,43.));
#4427=CARTESIAN_POINT('',(77.4430691057187,155.638401623459,3.));
#4428=CARTESIAN_POINT('',(77.4430691057187,155.638401623459,23.));
#4429=CARTESIAN_POINT('Origin',(79.9430691057187,155.638401623459,3.));
#4430=CARTESIAN_POINT('Origin',(56.2411597528849,126.381864367119,42.));
#4431=CARTESIAN_POINT('',(77.2411597528849,126.381864367119,43.));
#4432=CARTESIAN_POINT('Origin',(56.2411597528849,126.381864367119,43.));
#4433=CARTESIAN_POINT('',(76.2411597528849,126.381864367119,42.));
#4434=CARTESIAN_POINT('Origin',(77.2411597528849,126.381864367119,42.));
#4435=CARTESIAN_POINT('',(36.2411597528849,126.381864367119,42.));
#4436=CARTESIAN_POINT('Origin',(56.2411597528849,126.381864367119,42.));
#4437=CARTESIAN_POINT('Origin',(56.2411597528849,126.381864367119,42.));
#4438=CARTESIAN_POINT('Origin',(56.2411597528849,126.381864367119,-7.));
#4439=CARTESIAN_POINT('',(36.2411597528849,126.381864367119,3.));
#4440=CARTESIAN_POINT('',(36.2411597528849,126.381864367119,-7.));
#4441=CARTESIAN_POINT('Origin',(56.2411597528849,126.381864367119,3.));
#4442=CARTESIAN_POINT('Origin',(56.,93.,43.));
#4443=CARTESIAN_POINT('',(71.3385394704431,145.613462582155,43.));
#4444=CARTESIAN_POINT('',(74.0766159648675,150.000002235174,43.));
#4445=CARTESIAN_POINT('Origin',(74.0000011026859,147.000002190471,43.));
#4446=CARTESIAN_POINT('',(82.0000012665987,150.000002235174,43.));
#4447=CARTESIAN_POINT('',(82.0000012665987,150.000002235174,43.));
#4448=CARTESIAN_POINT('',(85.0000012665987,153.000002235174,43.));
#4449=CARTESIAN_POINT('Origin',(82.0000012665987,153.000002235174,43.));
#4450=CARTESIAN_POINT('',(85.0000012665987,167.000002533197,43.));
#4451=CARTESIAN_POINT('',(85.0000012665987,167.000002533197,43.));
#4452=CARTESIAN_POINT('',(82.0000012665987,170.000002533197,43.));
#4453=CARTESIAN_POINT('Origin',(82.0000012665987,167.000002533197,43.));
#4454=CARTESIAN_POINT('',(78.0000011175871,170.000002533197,43.));
#4455=CARTESIAN_POINT('',(78.0000011175871,170.000002533197,43.));
#4456=CARTESIAN_POINT('',(75.0000011175871,167.000002533197,43.));
#4457=CARTESIAN_POINT('Origin',(78.0000011175871,167.000002533197,43.));
#4458=CARTESIAN_POINT('',(75.0000011175871,160.000002384186,43.));
#4459=CARTESIAN_POINT('',(75.0000011175871,160.000002384186,43.));
#4460=CARTESIAN_POINT('',(35.0000005215406,160.000002384186,43.));
#4461=CARTESIAN_POINT('',(35.0000005215406,160.000002384186,43.));
#4462=CARTESIAN_POINT('',(35.0000005215406,167.000002533197,43.));
#4463=CARTESIAN_POINT('',(35.0000005215406,167.000002533197,43.));
#4464=CARTESIAN_POINT('',(32.0000005215406,170.000002533197,43.));
#4465=CARTESIAN_POINT('Origin',(32.0000005215406,167.000002533197,43.));
#4466=CARTESIAN_POINT('',(28.000000372529,170.000002533197,43.));
#4467=CARTESIAN_POINT('',(28.000000372529,170.000002533197,43.));
#4468=CARTESIAN_POINT('',(25.000000372529,167.000002533197,43.));
#4469=CARTESIAN_POINT('Origin',(28.000000372529,167.000002533197,43.));
#4470=CARTESIAN_POINT('',(25.000000372529,153.000002235174,43.));
#4471=CARTESIAN_POINT('',(25.000000372529,153.000002235174,43.));
#4472=CARTESIAN_POINT('',(28.000000372529,150.000002235174,43.));
#4473=CARTESIAN_POINT('Origin',(28.000000372529,153.000002235174,43.));
#4474=CARTESIAN_POINT('',(38.0000005662441,150.000002235174,43.));
#4475=CARTESIAN_POINT('',(28.000000372529,150.000002235174,43.));
#4476=CARTESIAN_POINT('',(40.6595166450755,145.611847121806,43.));
#4477=CARTESIAN_POINT('Origin',(38.0000005662441,147.000002190471,43.));
#4478=CARTESIAN_POINT('Origin',(56.,127.154610859644,43.));
#4479=CARTESIAN_POINT('Origin',(56.,127.154610859644,42.));
#4480=CARTESIAN_POINT('',(40.9961612060288,147.151731188444,42.));
#4481=CARTESIAN_POINT('Ctrl Pts',(40.9961612060288,147.151731188444,42.));
#4482=CARTESIAN_POINT('Ctrl Pts',(40.9961612060288,147.151731188444,42.068549232894));
#4483=CARTESIAN_POINT('Ctrl Pts',(40.9966267851546,147.143242907366,42.1369921215587));
#4484=CARTESIAN_POINT('Ctrl Pts',(40.9984929502806,147.098967332242,42.3123094583179));
#4485=CARTESIAN_POINT('Ctrl Pts',(41.0003123243059,147.050410870031,42.4135110046742));
#4486=CARTESIAN_POINT('Ctrl Pts',(40.9995648084736,146.910330969252,42.604220480802));
#4487=CARTESIAN_POINT('Ctrl Pts',(40.9963178866688,146.817677700843,42.6874522799598));
#4488=CARTESIAN_POINT('Ctrl Pts',(40.9743908991009,146.589908721858,42.8329421060273));
#4489=CARTESIAN_POINT('Ctrl Pts',(40.953143633441,146.445463576291,42.8923729245999));
#4490=CARTESIAN_POINT('Ctrl Pts',(40.8599760602203,146.067851655634,42.9848188528866));
#4491=CARTESIAN_POINT('Ctrl Pts',(40.7792927380467,145.841321805368,43.));
#4492=CARTESIAN_POINT('Ctrl Pts',(40.6595166450756,145.611847121807,43.));
#4493=CARTESIAN_POINT('',(71.0028969206972,147.152437841267,42.));
#4494=CARTESIAN_POINT('Origin',(56.,127.154610859644,42.));
#4495=CARTESIAN_POINT('Ctrl Pts',(71.3385394704431,145.613462582155,43.));
#4496=CARTESIAN_POINT('Ctrl Pts',(71.3383740937622,145.613780022558,43.));
#4497=CARTESIAN_POINT('Ctrl Pts',(71.3382087737759,145.614097492737,42.9999999712448));
#4498=CARTESIAN_POINT('Ctrl Pts',(71.2055638929872,145.868931723339,42.9999537458719));
#4499=CARTESIAN_POINT('Ctrl Pts',(71.1216427120145,146.118776144043,42.9808395581411));
#4500=CARTESIAN_POINT('Ctrl Pts',(71.0329323939181,146.517994906544,42.8664274132313));
#4501=CARTESIAN_POINT('Ctrl Pts',(71.0154876826678,146.663786997947,42.7961588007796));
#4502=CARTESIAN_POINT('Ctrl Pts',(70.9995675098613,146.884245362839,42.630018494961));
#4503=CARTESIAN_POINT('Ctrl Pts',(70.9984938951212,146.969746937927,42.5379903070366));
#4504=CARTESIAN_POINT('Ctrl Pts',(70.9998511475569,147.09060231751,42.3336236583259));
#4505=CARTESIAN_POINT('Ctrl Pts',(71.0017275150272,147.128356715901,42.2279381136286));
#4506=CARTESIAN_POINT('Ctrl Pts',(71.0027524444477,147.149673211726,42.0782843890419));
#4507=CARTESIAN_POINT('Ctrl Pts',(71.0028969206972,147.152437841267,42.039124745026));
#4508=CARTESIAN_POINT('Ctrl Pts',(71.0028969206972,147.152437841267,42.));
#4509=CARTESIAN_POINT('Origin',(56.,127.154610859644,3.));
#4510=CARTESIAN_POINT('',(40.9961612060288,147.151731188444,3.));
#4511=CARTESIAN_POINT('',(40.9961612060288,147.151731188444,3.));
#4512=CARTESIAN_POINT('',(71.0028969206972,147.152437841267,3.));
#4513=CARTESIAN_POINT('Origin',(56.,127.154610859644,3.));
#4514=CARTESIAN_POINT('',(71.0028969206972,147.152437841267,3.));
#4515=CARTESIAN_POINT('Origin',(38.0000005662441,147.000002190471,3.));
#4516=CARTESIAN_POINT('',(38.0000005662441,150.000002235174,3.));
#4517=CARTESIAN_POINT('Origin',(38.0000005662441,147.000002190471,3.));
#4518=CARTESIAN_POINT('',(38.0000005662441,150.000002235174,3.));
#4519=CARTESIAN_POINT('Origin',(28.000000372529,150.000002235174,3.));
#4520=CARTESIAN_POINT('',(28.000000372529,150.000002235174,3.));
#4521=CARTESIAN_POINT('',(28.000000372529,150.000002235174,3.));
#4522=CARTESIAN_POINT('',(28.000000372529,150.000002235174,3.));
#4523=CARTESIAN_POINT('Origin',(28.000000372529,153.000002235174,3.));
#4524=CARTESIAN_POINT('',(25.000000372529,153.000002235174,3.));
#4525=CARTESIAN_POINT('Origin',(28.000000372529,153.000002235174,3.));
#4526=CARTESIAN_POINT('',(25.000000372529,153.000002235174,3.));
#4527=CARTESIAN_POINT('Origin',(25.000000372529,167.000002533197,3.));
#4528=CARTESIAN_POINT('',(25.000000372529,167.000002533197,3.));
#4529=CARTESIAN_POINT('',(25.000000372529,153.000002235174,3.));
#4530=CARTESIAN_POINT('',(25.000000372529,167.000002533197,3.));
#4531=CARTESIAN_POINT('Origin',(28.000000372529,167.000002533197,3.));
#4532=CARTESIAN_POINT('',(28.000000372529,170.000002533197,3.));
#4533=CARTESIAN_POINT('Origin',(28.000000372529,167.000002533197,3.));
#4534=CARTESIAN_POINT('',(28.000000372529,170.000002533197,3.));
#4535=CARTESIAN_POINT('Origin',(32.0000005215406,170.000002533197,3.));
#4536=CARTESIAN_POINT('',(32.0000005215406,170.000002533197,3.));
#4537=CARTESIAN_POINT('',(28.000000372529,170.000002533197,3.));
#4538=CARTESIAN_POINT('',(32.0000005215406,170.000002533197,3.));
#4539=CARTESIAN_POINT('Origin',(32.0000005215406,167.000002533197,3.));
#4540=CARTESIAN_POINT('',(35.0000005215406,167.000002533197,3.));
#4541=CARTESIAN_POINT('Origin',(32.0000005215406,167.000002533197,3.));
#4542=CARTESIAN_POINT('',(35.0000005215406,167.000002533197,3.));
#4543=CARTESIAN_POINT('Origin',(35.0000005215406,160.000002384186,3.));
#4544=CARTESIAN_POINT('',(35.0000005215406,160.000002384186,3.));
#4545=CARTESIAN_POINT('',(35.0000005215406,167.000002533197,3.));
#4546=CARTESIAN_POINT('',(35.0000005215406,160.000002384186,3.));
#4547=CARTESIAN_POINT('Origin',(75.0000011175871,160.000002384186,3.));
#4548=CARTESIAN_POINT('',(75.0000011175871,160.000002384186,3.));
#4549=CARTESIAN_POINT('',(35.0000005215406,160.000002384186,3.));
#4550=CARTESIAN_POINT('',(75.0000011175871,160.000002384186,3.));
#4551=CARTESIAN_POINT('Origin',(75.0000011175871,167.000002533197,3.));
#4552=CARTESIAN_POINT('',(75.0000011175871,167.000002533197,3.));
#4553=CARTESIAN_POINT('',(75.0000011175871,160.000002384186,3.));
#4554=CARTESIAN_POINT('',(75.0000011175871,167.000002533197,3.));
#4555=CARTESIAN_POINT('Origin',(78.0000011175871,167.000002533197,3.));
#4556=CARTESIAN_POINT('',(78.0000011175871,170.000002533197,3.));
#4557=CARTESIAN_POINT('Origin',(78.0000011175871,167.000002533197,3.));
#4558=CARTESIAN_POINT('',(78.0000011175871,170.000002533197,3.));
#4559=CARTESIAN_POINT('Origin',(82.0000012665987,170.000002533197,3.));
#4560=CARTESIAN_POINT('',(82.0000012665987,170.000002533197,3.));
#4561=CARTESIAN_POINT('',(78.0000011175871,170.000002533197,3.));
#4562=CARTESIAN_POINT('',(82.0000012665987,170.000002533197,3.));
#4563=CARTESIAN_POINT('Origin',(82.0000012665987,167.000002533197,3.));
#4564=CARTESIAN_POINT('',(85.0000012665987,167.000002533197,3.));
#4565=CARTESIAN_POINT('Origin',(82.0000012665987,167.000002533197,3.));
#4566=CARTESIAN_POINT('',(85.0000012665987,167.000002533197,3.));
#4567=CARTESIAN_POINT('Origin',(85.0000012665987,153.000002235174,3.));
#4568=CARTESIAN_POINT('',(85.0000012665987,153.000002235174,3.));
#4569=CARTESIAN_POINT('',(85.0000012665987,167.000002533197,3.));
#4570=CARTESIAN_POINT('',(85.0000012665987,153.000002235174,3.));
#4571=CARTESIAN_POINT('Origin',(82.0000012665987,153.000002235174,3.));
#4572=CARTESIAN_POINT('',(82.0000012665987,150.000002235174,3.));
#4573=CARTESIAN_POINT('Origin',(82.0000012665987,153.000002235174,3.));
#4574=CARTESIAN_POINT('',(82.0000012665987,150.000002235174,3.));
#4575=CARTESIAN_POINT('Origin',(74.0766159648675,150.000002235174,3.));
#4576=CARTESIAN_POINT('',(74.0766159648675,150.000002235174,3.));
#4577=CARTESIAN_POINT('',(82.0000012665987,150.000002235174,3.));
#4578=CARTESIAN_POINT('',(74.0766159648675,150.000002235174,3.));
#4579=CARTESIAN_POINT('Origin',(74.0000011026859,147.000002190471,3.));
#4580=CARTESIAN_POINT('Origin',(74.0000011026859,147.000002190471,3.));
#4581=CARTESIAN_POINT('Origin',(56.,93.,3.));
#4582=CARTESIAN_POINT('Origin',(50.,20.,7.5));
#4583=CARTESIAN_POINT('',(51.75,20.,7.5));
#4584=CARTESIAN_POINT('Origin',(50.,20.,7.5));
#4585=CARTESIAN_POINT('',(51.75,20.,3.));
#4586=CARTESIAN_POINT('',(51.75,20.,7.5));
#4587=CARTESIAN_POINT('Origin',(50.,20.,3.));
#4588=CARTESIAN_POINT('Origin',(50.,20.,3.));
#4589=CARTESIAN_POINT('',(53.,20.,7.5));
#4590=CARTESIAN_POINT('Origin',(50.,20.,7.5));
#4591=CARTESIAN_POINT('',(53.,20.,3.));
#4592=CARTESIAN_POINT('',(53.,20.,3.));
#4593=CARTESIAN_POINT('Origin',(50.,20.,3.));
#4594=CARTESIAN_POINT('Origin',(56.,93.,7.5));
#4595=CARTESIAN_POINT('Origin',(56.,93.,3.));
#4596=CARTESIAN_POINT('Ctrl Pts',(47.,20.,5.5));
#4597=CARTESIAN_POINT('Ctrl Pts',(47.,17.,5.5));
#4598=CARTESIAN_POINT('Ctrl Pts',(50.,17.,5.5));
#4599=CARTESIAN_POINT('Ctrl Pts',(53.,17.,5.5));
#4600=CARTESIAN_POINT('Ctrl Pts',(53.,20.,5.5));
#4601=CARTESIAN_POINT('Ctrl Pts',(53.,23.,5.5));
#4602=CARTESIAN_POINT('Ctrl Pts',(50.,23.,5.5));
#4603=CARTESIAN_POINT('Ctrl Pts',(47.,23.,5.5));
#4604=CARTESIAN_POINT('Ctrl Pts',(47.,20.,5.5));
#4605=CARTESIAN_POINT('Ctrl Pts',(45.0697990986365,20.,4.76624108163622));
#4606=CARTESIAN_POINT('Ctrl Pts',(45.0697990986365,15.0697990986365,4.76624108163622));
#4607=CARTESIAN_POINT('Ctrl Pts',(50.,15.0697990986365,4.76624108163622));
#4608=CARTESIAN_POINT('Ctrl Pts',(54.9302009013635,15.0697990986365,4.76624108163622));
#4609=CARTESIAN_POINT('Ctrl Pts',(54.9302009013635,20.,4.76624108163622));
#4610=CARTESIAN_POINT('Ctrl Pts',(54.9302009013635,24.9302009013635,4.76624108163622));
#4611=CARTESIAN_POINT('Ctrl Pts',(50.,24.9302009013635,4.76624108163622));
#4612=CARTESIAN_POINT('Ctrl Pts',(45.0697990986365,24.9302009013635,4.76624108163622));
#4613=CARTESIAN_POINT('Ctrl Pts',(45.0697990986365,20.,4.76624108163622));
#4614=CARTESIAN_POINT('Ctrl Pts',(44.,20.,3.));
#4615=CARTESIAN_POINT('Ctrl Pts',(44.,14.,3.));
#4616=CARTESIAN_POINT('Ctrl Pts',(50.,14.,3.));
#4617=CARTESIAN_POINT('Ctrl Pts',(56.,14.,3.));
#4618=CARTESIAN_POINT('Ctrl Pts',(56.,20.,3.));
#4619=CARTESIAN_POINT('Ctrl Pts',(56.,26.,3.));
#4620=CARTESIAN_POINT('Ctrl Pts',(50.,26.,3.));
#4621=CARTESIAN_POINT('Ctrl Pts',(44.,26.,3.));
#4622=CARTESIAN_POINT('Ctrl Pts',(44.,20.,3.));
#4623=CARTESIAN_POINT('',(44.,20.,3.));
#4624=CARTESIAN_POINT('Origin',(50.,20.,3.));
#4625=CARTESIAN_POINT('',(47.,20.,5.5));
#4626=CARTESIAN_POINT('Origin',(49.1320240033149,20.,-0.108428803977904));
#4627=CARTESIAN_POINT('',(53.,20.,5.5));
#4628=CARTESIAN_POINT('Origin',(50.,20.,5.5));
#4629=CARTESIAN_POINT('Origin',(50.,20.,5.5));
#4630=CARTESIAN_POINT('Origin',(50.,20.,3.));
#4631=CARTESIAN_POINT('',(53.,20.,3.));
#4632=CARTESIAN_POINT('',(53.,20.,3.));
#4633=CARTESIAN_POINT('Origin',(50.,20.,3.));
#4634=CARTESIAN_POINT('Origin',(56.,93.,3.));
#4635=CARTESIAN_POINT('Origin',(100.,20.,7.5));
#4636=CARTESIAN_POINT('',(101.75,20.,7.5));
#4637=CARTESIAN_POINT('Origin',(100.,20.,7.5));
#4638=CARTESIAN_POINT('',(101.75,20.,3.));
#4639=CARTESIAN_POINT('',(101.75,20.,7.5));
#4640=CARTESIAN_POINT('Origin',(100.,20.,3.));
#4641=CARTESIAN_POINT('Origin',(100.,20.,3.));
#4642=CARTESIAN_POINT('',(103.,20.,7.5));
#4643=CARTESIAN_POINT('Origin',(100.,20.,7.5));
#4644=CARTESIAN_POINT('',(103.,20.,3.));
#4645=CARTESIAN_POINT('',(103.,20.,3.));
#4646=CARTESIAN_POINT('Origin',(100.,20.,3.));
#4647=CARTESIAN_POINT('Origin',(106.,93.,7.5));
#4648=CARTESIAN_POINT('Origin',(106.,93.,3.));
#4649=CARTESIAN_POINT('Ctrl Pts',(97.,20.,5.5));
#4650=CARTESIAN_POINT('Ctrl Pts',(97.,17.,5.5));
#4651=CARTESIAN_POINT('Ctrl Pts',(100.,17.,5.5));
#4652=CARTESIAN_POINT('Ctrl Pts',(103.,17.,5.5));
#4653=CARTESIAN_POINT('Ctrl Pts',(103.,20.,5.5));
#4654=CARTESIAN_POINT('Ctrl Pts',(103.,23.,5.5));
#4655=CARTESIAN_POINT('Ctrl Pts',(100.,23.,5.5));
#4656=CARTESIAN_POINT('Ctrl Pts',(97.,23.,5.5));
#4657=CARTESIAN_POINT('Ctrl Pts',(97.,20.,5.5));
#4658=CARTESIAN_POINT('Ctrl Pts',(95.0697990986365,20.,4.76624108163622));
#4659=CARTESIAN_POINT('Ctrl Pts',(95.0697990986365,15.0697990986365,4.76624108163622));
#4660=CARTESIAN_POINT('Ctrl Pts',(100.,15.0697990986365,4.76624108163622));
#4661=CARTESIAN_POINT('Ctrl Pts',(104.930200901364,15.0697990986365,4.76624108163622));
#4662=CARTESIAN_POINT('Ctrl Pts',(104.930200901364,20.,4.76624108163622));
#4663=CARTESIAN_POINT('Ctrl Pts',(104.930200901364,24.9302009013635,4.76624108163622));
#4664=CARTESIAN_POINT('Ctrl Pts',(100.,24.9302009013635,4.76624108163622));
#4665=CARTESIAN_POINT('Ctrl Pts',(95.0697990986365,24.9302009013635,4.76624108163622));
#4666=CARTESIAN_POINT('Ctrl Pts',(95.0697990986365,20.,4.76624108163622));
#4667=CARTESIAN_POINT('Ctrl Pts',(94.,20.,3.));
#4668=CARTESIAN_POINT('Ctrl Pts',(94.,14.,3.));
#4669=CARTESIAN_POINT('Ctrl Pts',(100.,14.,3.));
#4670=CARTESIAN_POINT('Ctrl Pts',(106.,14.,3.));
#4671=CARTESIAN_POINT('Ctrl Pts',(106.,20.,3.));
#4672=CARTESIAN_POINT('Ctrl Pts',(106.,26.,3.));
#4673=CARTESIAN_POINT('Ctrl Pts',(100.,26.,3.));
#4674=CARTESIAN_POINT('Ctrl Pts',(94.,26.,3.));
#4675=CARTESIAN_POINT('Ctrl Pts',(94.,20.,3.));
#4676=CARTESIAN_POINT('',(94.,20.,3.));
#4677=CARTESIAN_POINT('Origin',(100.,20.,3.));
#4678=CARTESIAN_POINT('',(97.,20.,5.5));
#4679=CARTESIAN_POINT('Origin',(99.1320240033149,20.,-0.108428803977904));
#4680=CARTESIAN_POINT('',(103.,20.,5.5));
#4681=CARTESIAN_POINT('Origin',(100.,20.,5.5));
#4682=CARTESIAN_POINT('Origin',(100.,20.,5.5));
#4683=CARTESIAN_POINT('Origin',(100.,20.,3.));
#4684=CARTESIAN_POINT('',(103.,20.,3.));
#4685=CARTESIAN_POINT('',(103.,20.,3.));
#4686=CARTESIAN_POINT('Origin',(100.,20.,3.));
#4687=CARTESIAN_POINT('Origin',(106.,93.,3.));
#4688=CARTESIAN_POINT('Origin',(100.,60.,7.5));
#4689=CARTESIAN_POINT('',(101.75,60.,7.5));
#4690=CARTESIAN_POINT('Origin',(100.,60.,7.5));
#4691=CARTESIAN_POINT('',(101.75,60.,3.));
#4692=CARTESIAN_POINT('',(101.75,60.,7.5));
#4693=CARTESIAN_POINT('Origin',(100.,60.,3.));
#4694=CARTESIAN_POINT('Origin',(100.,60.,3.));
#4695=CARTESIAN_POINT('',(103.,60.,7.5));
#4696=CARTESIAN_POINT('Origin',(100.,60.,7.5));
#4697=CARTESIAN_POINT('',(103.,60.,3.));
#4698=CARTESIAN_POINT('',(103.,60.,3.));
#4699=CARTESIAN_POINT('Origin',(100.,60.,3.));
#4700=CARTESIAN_POINT('Origin',(106.,133.,7.5));
#4701=CARTESIAN_POINT('Origin',(106.,133.,3.));
#4702=CARTESIAN_POINT('Ctrl Pts',(97.,60.,5.5));
#4703=CARTESIAN_POINT('Ctrl Pts',(97.,57.,5.5));
#4704=CARTESIAN_POINT('Ctrl Pts',(100.,57.,5.5));
#4705=CARTESIAN_POINT('Ctrl Pts',(103.,57.,5.5));
#4706=CARTESIAN_POINT('Ctrl Pts',(103.,60.,5.5));
#4707=CARTESIAN_POINT('Ctrl Pts',(103.,63.,5.5));
#4708=CARTESIAN_POINT('Ctrl Pts',(100.,63.,5.5));
#4709=CARTESIAN_POINT('Ctrl Pts',(97.,63.,5.5));
#4710=CARTESIAN_POINT('Ctrl Pts',(97.,60.,5.5));
#4711=CARTESIAN_POINT('Ctrl Pts',(95.0697990986365,60.,4.76624108163622));
#4712=CARTESIAN_POINT('Ctrl Pts',(95.0697990986365,55.0697990986365,4.76624108163622));
#4713=CARTESIAN_POINT('Ctrl Pts',(100.,55.0697990986365,4.76624108163622));
#4714=CARTESIAN_POINT('Ctrl Pts',(104.930200901364,55.0697990986365,4.76624108163622));
#4715=CARTESIAN_POINT('Ctrl Pts',(104.930200901364,60.,4.76624108163622));
#4716=CARTESIAN_POINT('Ctrl Pts',(104.930200901364,64.9302009013635,4.76624108163622));
#4717=CARTESIAN_POINT('Ctrl Pts',(100.,64.9302009013635,4.76624108163622));
#4718=CARTESIAN_POINT('Ctrl Pts',(95.0697990986365,64.9302009013635,4.76624108163622));
#4719=CARTESIAN_POINT('Ctrl Pts',(95.0697990986365,60.,4.76624108163622));
#4720=CARTESIAN_POINT('Ctrl Pts',(94.,60.,3.));
#4721=CARTESIAN_POINT('Ctrl Pts',(94.,54.,3.));
#4722=CARTESIAN_POINT('Ctrl Pts',(100.,54.,3.));
#4723=CARTESIAN_POINT('Ctrl Pts',(106.,54.,3.));
#4724=CARTESIAN_POINT('Ctrl Pts',(106.,60.,3.));
#4725=CARTESIAN_POINT('Ctrl Pts',(106.,66.,3.));
#4726=CARTESIAN_POINT('Ctrl Pts',(100.,66.,3.));
#4727=CARTESIAN_POINT('Ctrl Pts',(94.,66.,3.));
#4728=CARTESIAN_POINT('Ctrl Pts',(94.,60.,3.));
#4729=CARTESIAN_POINT('',(94.,60.,3.));
#4730=CARTESIAN_POINT('Origin',(100.,60.,3.));
#4731=CARTESIAN_POINT('',(97.,60.,5.5));
#4732=CARTESIAN_POINT('Origin',(99.1320240033149,60.,-0.108428803977904));
#4733=CARTESIAN_POINT('',(103.,60.,5.5));
#4734=CARTESIAN_POINT('Origin',(100.,60.,5.5));
#4735=CARTESIAN_POINT('Origin',(100.,60.,5.5));
#4736=CARTESIAN_POINT('Origin',(100.,60.,3.));
#4737=CARTESIAN_POINT('',(103.,60.,3.));
#4738=CARTESIAN_POINT('',(103.,60.,3.));
#4739=CARTESIAN_POINT('Origin',(100.,60.,3.));
#4740=CARTESIAN_POINT('Origin',(106.,133.,3.));
#4741=CARTESIAN_POINT('Origin',(70.,60.,7.5));
#4742=CARTESIAN_POINT('',(71.75,60.,7.5));
#4743=CARTESIAN_POINT('Origin',(70.,60.,7.5));
#4744=CARTESIAN_POINT('',(71.75,60.,3.));
#4745=CARTESIAN_POINT('',(71.75,60.,7.5));
#4746=CARTESIAN_POINT('Origin',(70.,60.,3.));
#4747=CARTESIAN_POINT('Origin',(70.,60.,3.));
#4748=CARTESIAN_POINT('',(73.,60.,7.5));
#4749=CARTESIAN_POINT('Origin',(70.,60.,7.5));
#4750=CARTESIAN_POINT('',(73.,60.,3.));
#4751=CARTESIAN_POINT('',(73.,60.,3.));
#4752=CARTESIAN_POINT('Origin',(70.,60.,3.));
#4753=CARTESIAN_POINT('Origin',(76.,133.,7.5));
#4754=CARTESIAN_POINT('Origin',(76.,133.,3.));
#4755=CARTESIAN_POINT('Ctrl Pts',(67.,60.,5.5));
#4756=CARTESIAN_POINT('Ctrl Pts',(67.,57.,5.5));
#4757=CARTESIAN_POINT('Ctrl Pts',(70.,57.,5.5));
#4758=CARTESIAN_POINT('Ctrl Pts',(73.,57.,5.5));
#4759=CARTESIAN_POINT('Ctrl Pts',(73.,60.,5.5));
#4760=CARTESIAN_POINT('Ctrl Pts',(73.,63.,5.5));
#4761=CARTESIAN_POINT('Ctrl Pts',(70.,63.,5.5));
#4762=CARTESIAN_POINT('Ctrl Pts',(67.,63.,5.5));
#4763=CARTESIAN_POINT('Ctrl Pts',(67.,60.,5.5));
#4764=CARTESIAN_POINT('Ctrl Pts',(65.0697990986365,60.,4.76624108163622));
#4765=CARTESIAN_POINT('Ctrl Pts',(65.0697990986365,55.0697990986365,4.76624108163622));
#4766=CARTESIAN_POINT('Ctrl Pts',(70.,55.0697990986365,4.76624108163622));
#4767=CARTESIAN_POINT('Ctrl Pts',(74.9302009013635,55.0697990986365,4.76624108163622));
#4768=CARTESIAN_POINT('Ctrl Pts',(74.9302009013635,60.,4.76624108163622));
#4769=CARTESIAN_POINT('Ctrl Pts',(74.9302009013635,64.9302009013635,4.76624108163622));
#4770=CARTESIAN_POINT('Ctrl Pts',(70.,64.9302009013635,4.76624108163622));
#4771=CARTESIAN_POINT('Ctrl Pts',(65.0697990986365,64.9302009013635,4.76624108163622));
#4772=CARTESIAN_POINT('Ctrl Pts',(65.0697990986365,60.,4.76624108163622));
#4773=CARTESIAN_POINT('Ctrl Pts',(64.,60.,3.));
#4774=CARTESIAN_POINT('Ctrl Pts',(64.,54.,3.));
#4775=CARTESIAN_POINT('Ctrl Pts',(70.,54.,3.));
#4776=CARTESIAN_POINT('Ctrl Pts',(76.,54.,3.));
#4777=CARTESIAN_POINT('Ctrl Pts',(76.,60.,3.));
#4778=CARTESIAN_POINT('Ctrl Pts',(76.,66.,3.));
#4779=CARTESIAN_POINT('Ctrl Pts',(70.,66.,3.));
#4780=CARTESIAN_POINT('Ctrl Pts',(64.,66.,3.));
#4781=CARTESIAN_POINT('Ctrl Pts',(64.,60.,3.));
#4782=CARTESIAN_POINT('',(64.,60.,3.));
#4783=CARTESIAN_POINT('Origin',(70.,60.,3.));
#4784=CARTESIAN_POINT('',(67.,60.,5.5));
#4785=CARTESIAN_POINT('Origin',(69.1320240033149,60.,-0.108428803977904));
#4786=CARTESIAN_POINT('',(73.,60.,5.5));
#4787=CARTESIAN_POINT('Origin',(70.,60.,5.5));
#4788=CARTESIAN_POINT('Origin',(70.,60.,5.5));
#4789=CARTESIAN_POINT('Origin',(70.,60.,3.));
#4790=CARTESIAN_POINT('',(73.,60.,3.));
#4791=CARTESIAN_POINT('',(73.,60.,3.));
#4792=CARTESIAN_POINT('Origin',(70.,60.,3.));
#4793=CARTESIAN_POINT('Origin',(76.,133.,3.));
#4794=UNCERTAINTY_MEASURE_WITH_UNIT(LENGTH_MEASURE(0.01),#4798,
'DISTANCE_ACCURACY_VALUE',
'Maximum model space distance between geometric entities at asserted c
onnectivities');
#4795=UNCERTAINTY_MEASURE_WITH_UNIT(LENGTH_MEASURE(0.01),#4798,
'DISTANCE_ACCURACY_VALUE',
'Maximum model space distance between geometric entities at asserted c
onnectivities');
#4796=(
GEOMETRIC_REPRESENTATION_CONTEXT(3)
GLOBAL_UNCERTAINTY_ASSIGNED_CONTEXT((#4794))
GLOBAL_UNIT_ASSIGNED_CONTEXT((#4798,#4800,#4801))
REPRESENTATION_CONTEXT('','3D')
);
#4797=(
GEOMETRIC_REPRESENTATION_CONTEXT(3)
GLOBAL_UNCERTAINTY_ASSIGNED_CONTEXT((#4795))
GLOBAL_UNIT_ASSIGNED_CONTEXT((#4798,#4800,#4801))
REPRESENTATION_CONTEXT('','3D')
);
#4798=(
LENGTH_UNIT()
NAMED_UNIT(*)
SI_UNIT(.MILLI.,.METRE.)
);
#4799=(
LENGTH_UNIT()
NAMED_UNIT(*)
SI_UNIT($,.METRE.)
);
#4800=(
NAMED_UNIT(*)
PLANE_ANGLE_UNIT()
SI_UNIT($,.RADIAN.)
);
#4801=(
NAMED_UNIT(*)
SI_UNIT($,.STERADIAN.)
SOLID_ANGLE_UNIT()
);
#4802=SHAPE_DEFINITION_REPRESENTATION(#4803,#4804);
#4803=PRODUCT_DEFINITION_SHAPE('',$,#4806);
#4804=SHAPE_REPRESENTATION('',(#2772),#4796);
#4805=PRODUCT_DEFINITION_CONTEXT('part definition',#4810,'design');
#4806=PRODUCT_DEFINITION('base','base',#4807,#4805);
#4807=PRODUCT_DEFINITION_FORMATION('',$,#4812);
#4808=PRODUCT_RELATED_PRODUCT_CATEGORY('base','base',(#4812));
#4809=APPLICATION_PROTOCOL_DEFINITION('international standard',
'automotive_design',2009,#4810);
#4810=APPLICATION_CONTEXT(
'Core Data for Automotive Mechanical Design Process');
#4811=PRODUCT_CONTEXT('part definition',#4810,'mechanical');
#4812=PRODUCT('base','base',$,(#4811));
#4813=PRESENTATION_STYLE_ASSIGNMENT((#4814));
#4814=SURFACE_STYLE_USAGE(.BOTH.,#4815);
#4815=SURFACE_SIDE_STYLE('',(#4816));
#4816=SURFACE_STYLE_FILL_AREA(#4817);
#4817=FILL_AREA_STYLE('Steel - Satin',(#4818));
#4818=FILL_AREA_STYLE_COLOUR('Steel - Satin',#4819);
#4819=COLOUR_RGB('Steel - Satin',0.627450980392157,0.627450980392157,0.627450980392157);
ENDSEC;
END-ISO-10303-21;
