ISO-10303-21;
HEADER;
/* Generated by software containing ST-Developer
 * from STEP Tools, Inc. (www.steptools.com) 
 */

FILE_DESCRIPTION(
/* description */ (''),
/* implementation_level */ '2;1');

FILE_NAME(
/* name */ 'base_top.step',
/* time_stamp */ '2026-08-20T17:24:20+05:30',
/* author */ (''),
/* organization */ (''),
/* preprocessor_version */ 'ST-DEVELOPER v20.1',
/* originating_system */ 'Autodesk Translation Framework v15.8.0.0',
/* authorisation */ '');

FILE_SCHEMA (('AUTOMOTIVE_DESIGN { 1 0 10303 214 3 1 1 }'));
ENDSEC;

DATA;
#10=MECHANICAL_DESIGN_GEOMETRIC_PRESENTATION_REPRESENTATION('',(#13),#3793);
#11=SHAPE_REPRESENTATION_RELATIONSHIP('SRR','None',#3800,#12);
#12=ADVANCED_BREP_SHAPE_REPRESENTATION('',(#14),#3792);
#13=STYLED_ITEM('',(#3809),#14);
#14=MANIFOLD_SOLID_BREP('Body1',#2265);
#15=FACE_BOUND('',#359,.T.);
#16=FACE_BOUND('',#371,.T.);
#17=FACE_BOUND('',#372,.T.);
#18=FACE_BOUND('',#373,.T.);
#19=FACE_BOUND('',#381,.T.);
#20=FACE_BOUND('',#382,.T.);
#21=FACE_BOUND('',#383,.T.);
#22=FACE_BOUND('',#385,.T.);
#23=FACE_BOUND('',#386,.T.);
#24=FACE_BOUND('',#387,.T.);
#25=FACE_BOUND('',#388,.T.);
#26=FACE_BOUND('',#389,.T.);
#27=FACE_BOUND('',#390,.T.);
#28=FACE_BOUND('',#391,.T.);
#29=FACE_BOUND('',#392,.T.);
#30=FACE_BOUND('',#393,.T.);
#31=FACE_BOUND('',#394,.T.);
#32=FACE_BOUND('',#395,.T.);
#33=FACE_BOUND('',#396,.T.);
#34=FACE_BOUND('',#397,.T.);
#35=FACE_BOUND('',#398,.T.);
#36=FACE_BOUND('',#399,.T.);
#37=FACE_BOUND('',#401,.T.);
#38=CIRCLE('',#2293,1.5);
#39=CIRCLE('',#2294,1.5);
#40=CIRCLE('',#2296,1.49999999999999);
#41=CIRCLE('',#2299,1.49999999999999);
#42=CIRCLE('',#2300,1.49999999999999);
#43=CIRCLE('',#2301,1.49999999999999);
#44=CIRCLE('',#2304,1.5);
#45=CIRCLE('',#2305,1.5);
#46=CIRCLE('',#2307,1.49999999999999);
#47=CIRCLE('',#2310,1.49999999999999);
#48=CIRCLE('',#2311,1.49999999999999);
#49=CIRCLE('',#2312,1.49999999999999);
#50=CIRCLE('',#2315,1.5);
#51=CIRCLE('',#2316,1.5);
#52=CIRCLE('',#2318,1.49999999999999);
#53=CIRCLE('',#2321,1.49999999999999);
#54=CIRCLE('',#2322,1.49999999999999);
#55=CIRCLE('',#2323,1.49999999999999);
#56=CIRCLE('',#2326,1.5);
#57=CIRCLE('',#2327,1.5);
#58=CIRCLE('',#2329,1.49999999999999);
#59=CIRCLE('',#2332,1.49999999999999);
#60=CIRCLE('',#2333,1.49999999999999);
#61=CIRCLE('',#2334,1.49999999999999);
#62=CIRCLE('',#2336,1.5);
#63=CIRCLE('',#2337,1.5);
#64=CIRCLE('',#2338,1.5);
#65=CIRCLE('',#2341,9.99999999999999);
#66=CIRCLE('',#2344,1.49999999999999);
#67=CIRCLE('',#2345,1.49999999999999);
#68=CIRCLE('',#2347,9.99999999999999);
#69=CIRCLE('',#2350,1.5);
#70=CIRCLE('',#2351,1.5);
#71=CIRCLE('',#2353,1.49999999999999);
#72=CIRCLE('',#2356,1.49999999999999);
#73=CIRCLE('',#2357,1.49999999999999);
#74=CIRCLE('',#2358,1.49999999999999);
#75=CIRCLE('',#2361,1.5);
#76=CIRCLE('',#2362,1.5);
#77=CIRCLE('',#2364,1.49999999999999);
#78=CIRCLE('',#2367,1.49999999999999);
#79=CIRCLE('',#2368,1.49999999999999);
#80=CIRCLE('',#2369,1.49999999999999);
#81=CIRCLE('',#2372,1.5);
#82=CIRCLE('',#2373,1.5);
#83=CIRCLE('',#2375,1.49999999999999);
#84=CIRCLE('',#2378,1.49999999999999);
#85=CIRCLE('',#2379,1.49999999999999);
#86=CIRCLE('',#2380,1.49999999999999);
#87=CIRCLE('',#2383,1.5);
#88=CIRCLE('',#2384,1.5);
#89=CIRCLE('',#2386,1.49999999999999);
#90=CIRCLE('',#2389,1.49999999999999);
#91=CIRCLE('',#2390,1.49999999999999);
#92=CIRCLE('',#2391,1.49999999999999);
#93=CIRCLE('',#2394,1.5);
#94=CIRCLE('',#2395,1.5);
#95=CIRCLE('',#2397,1.49999999999999);
#96=CIRCLE('',#2400,1.49999999999999);
#97=CIRCLE('',#2401,1.49999999999999);
#98=CIRCLE('',#2402,1.49999999999999);
#99=CIRCLE('',#2405,1.5);
#100=CIRCLE('',#2406,1.5);
#101=CIRCLE('',#2408,1.49999999999999);
#102=CIRCLE('',#2411,1.49999999999999);
#103=CIRCLE('',#2412,1.49999999999999);
#104=CIRCLE('',#2413,1.49999999999999);
#105=CIRCLE('',#2416,1.5);
#106=CIRCLE('',#2417,1.5);
#107=CIRCLE('',#2419,1.49999999999999);
#108=CIRCLE('',#2422,1.49999999999999);
#109=CIRCLE('',#2423,1.49999999999999);
#110=CIRCLE('',#2424,1.49999999999999);
#111=CIRCLE('',#2426,1.5);
#112=CIRCLE('',#2427,1.5);
#113=CIRCLE('',#2431,1.49999999999999);
#114=CIRCLE('',#2432,1.49999999999999);
#115=CIRCLE('',#2433,1.49999999999999);
#116=CIRCLE('',#2434,1.49999999999999);
#117=CIRCLE('',#2436,9.99999999999999);
#118=CIRCLE('',#2438,9.99999999999999);
#119=CIRCLE('',#2439,9.99999999999999);
#120=CIRCLE('',#2440,9.99999999999999);
#121=CIRCLE('',#2442,9.99999999999999);
#122=CIRCLE('',#2444,9.99999999999999);
#123=CIRCLE('',#2445,56.);
#124=CIRCLE('',#2446,55.);
#125=CIRCLE('',#2447,55.);
#126=CIRCLE('',#2448,56.);
#127=CIRCLE('',#2449,3.5);
#128=CIRCLE('',#2450,3.5);
#129=CIRCLE('',#2454,3.5);
#130=CIRCLE('',#2457,3.5);
#131=CIRCLE('',#2459,56.);
#132=CIRCLE('',#2460,55.);
#133=CIRCLE('',#2462,55.);
#134=CIRCLE('',#2464,56.);
#135=CIRCLE('',#2467,9.99999999999999);
#136=CIRCLE('',#2471,9.99999999999999);
#137=CIRCLE('',#2472,9.99999999999999);
#138=CIRCLE('',#2475,60.9532317241064);
#139=CIRCLE('',#2476,60.9532317241064);
#140=CIRCLE('',#2479,9.99999999999999);
#141=CIRCLE('',#2480,9.99999999999999);
#142=CYLINDRICAL_SURFACE('',#2292,1.5);
#143=CYLINDRICAL_SURFACE('',#2298,1.49999999999999);
#144=CYLINDRICAL_SURFACE('',#2303,1.5);
#145=CYLINDRICAL_SURFACE('',#2309,1.49999999999999);
#146=CYLINDRICAL_SURFACE('',#2314,1.5);
#147=CYLINDRICAL_SURFACE('',#2320,1.49999999999999);
#148=CYLINDRICAL_SURFACE('',#2325,1.5);
#149=CYLINDRICAL_SURFACE('',#2331,1.49999999999999);
#150=CYLINDRICAL_SURFACE('',#2335,1.5);
#151=CYLINDRICAL_SURFACE('',#2343,1.49999999999999);
#152=CYLINDRICAL_SURFACE('',#2349,1.5);
#153=CYLINDRICAL_SURFACE('',#2355,1.49999999999999);
#154=CYLINDRICAL_SURFACE('',#2360,1.5);
#155=CYLINDRICAL_SURFACE('',#2366,1.49999999999999);
#156=CYLINDRICAL_SURFACE('',#2371,1.5);
#157=CYLINDRICAL_SURFACE('',#2377,1.49999999999999);
#158=CYLINDRICAL_SURFACE('',#2382,1.5);
#159=CYLINDRICAL_SURFACE('',#2388,1.49999999999999);
#160=CYLINDRICAL_SURFACE('',#2393,1.5);
#161=CYLINDRICAL_SURFACE('',#2399,1.49999999999999);
#162=CYLINDRICAL_SURFACE('',#2404,1.5);
#163=CYLINDRICAL_SURFACE('',#2410,1.49999999999999);
#164=CYLINDRICAL_SURFACE('',#2415,1.5);
#165=CYLINDRICAL_SURFACE('',#2421,1.49999999999999);
#166=CYLINDRICAL_SURFACE('',#2425,1.5);
#167=CYLINDRICAL_SURFACE('',#2430,1.49999999999999);
#168=CYLINDRICAL_SURFACE('',#2437,9.99999999999999);
#169=CYLINDRICAL_SURFACE('',#2453,3.5);
#170=CYLINDRICAL_SURFACE('',#2456,3.5);
#171=CYLINDRICAL_SURFACE('',#2461,55.);
#172=CYLINDRICAL_SURFACE('',#2463,56.);
#173=CYLINDRICAL_SURFACE('',#2466,9.99999999999999);
#174=CYLINDRICAL_SURFACE('',#2470,9.99999999999999);
#175=CYLINDRICAL_SURFACE('',#2474,60.9532317241064);
#176=CYLINDRICAL_SURFACE('',#2478,9.99999999999999);
#177=FACE_OUTER_BOUND('',#278,.T.);
#178=FACE_OUTER_BOUND('',#279,.T.);
#179=FACE_OUTER_BOUND('',#280,.T.);
#180=FACE_OUTER_BOUND('',#281,.T.);
#181=FACE_OUTER_BOUND('',#282,.T.);
#182=FACE_OUTER_BOUND('',#283,.T.);
#183=FACE_OUTER_BOUND('',#284,.T.);
#184=FACE_OUTER_BOUND('',#285,.T.);
#185=FACE_OUTER_BOUND('',#286,.T.);
#186=FACE_OUTER_BOUND('',#287,.T.);
#187=FACE_OUTER_BOUND('',#288,.T.);
#188=FACE_OUTER_BOUND('',#289,.T.);
#189=FACE_OUTER_BOUND('',#290,.T.);
#190=FACE_OUTER_BOUND('',#291,.T.);
#191=FACE_OUTER_BOUND('',#292,.T.);
#192=FACE_OUTER_BOUND('',#293,.T.);
#193=FACE_OUTER_BOUND('',#294,.T.);
#194=FACE_OUTER_BOUND('',#295,.T.);
#195=FACE_OUTER_BOUND('',#296,.T.);
#196=FACE_OUTER_BOUND('',#297,.T.);
#197=FACE_OUTER_BOUND('',#298,.T.);
#198=FACE_OUTER_BOUND('',#299,.T.);
#199=FACE_OUTER_BOUND('',#300,.T.);
#200=FACE_OUTER_BOUND('',#301,.T.);
#201=FACE_OUTER_BOUND('',#302,.T.);
#202=FACE_OUTER_BOUND('',#303,.T.);
#203=FACE_OUTER_BOUND('',#304,.T.);
#204=FACE_OUTER_BOUND('',#305,.T.);
#205=FACE_OUTER_BOUND('',#306,.T.);
#206=FACE_OUTER_BOUND('',#307,.T.);
#207=FACE_OUTER_BOUND('',#308,.T.);
#208=FACE_OUTER_BOUND('',#309,.T.);
#209=FACE_OUTER_BOUND('',#310,.T.);
#210=FACE_OUTER_BOUND('',#311,.T.);
#211=FACE_OUTER_BOUND('',#312,.T.);
#212=FACE_OUTER_BOUND('',#313,.T.);
#213=FACE_OUTER_BOUND('',#314,.T.);
#214=FACE_OUTER_BOUND('',#315,.T.);
#215=FACE_OUTER_BOUND('',#316,.T.);
#216=FACE_OUTER_BOUND('',#317,.T.);
#217=FACE_OUTER_BOUND('',#318,.T.);
#218=FACE_OUTER_BOUND('',#319,.T.);
#219=FACE_OUTER_BOUND('',#320,.T.);
#220=FACE_OUTER_BOUND('',#321,.T.);
#221=FACE_OUTER_BOUND('',#322,.T.);
#222=FACE_OUTER_BOUND('',#323,.T.);
#223=FACE_OUTER_BOUND('',#324,.T.);
#224=FACE_OUTER_BOUND('',#325,.T.);
#225=FACE_OUTER_BOUND('',#326,.T.);
#226=FACE_OUTER_BOUND('',#327,.T.);
#227=FACE_OUTER_BOUND('',#328,.T.);
#228=FACE_OUTER_BOUND('',#329,.T.);
#229=FACE_OUTER_BOUND('',#330,.T.);
#230=FACE_OUTER_BOUND('',#331,.T.);
#231=FACE_OUTER_BOUND('',#332,.T.);
#232=FACE_OUTER_BOUND('',#333,.T.);
#233=FACE_OUTER_BOUND('',#334,.T.);
#234=FACE_OUTER_BOUND('',#335,.T.);
#235=FACE_OUTER_BOUND('',#336,.T.);
#236=FACE_OUTER_BOUND('',#337,.T.);
#237=FACE_OUTER_BOUND('',#338,.T.);
#238=FACE_OUTER_BOUND('',#339,.T.);
#239=FACE_OUTER_BOUND('',#340,.T.);
#240=FACE_OUTER_BOUND('',#341,.T.);
#241=FACE_OUTER_BOUND('',#342,.T.);
#242=FACE_OUTER_BOUND('',#343,.T.);
#243=FACE_OUTER_BOUND('',#344,.T.);
#244=FACE_OUTER_BOUND('',#345,.T.);
#245=FACE_OUTER_BOUND('',#346,.T.);
#246=FACE_OUTER_BOUND('',#347,.T.);
#247=FACE_OUTER_BOUND('',#348,.T.);
#248=FACE_OUTER_BOUND('',#349,.T.);
#249=FACE_OUTER_BOUND('',#350,.T.);
#250=FACE_OUTER_BOUND('',#351,.T.);
#251=FACE_OUTER_BOUND('',#352,.T.);
#252=FACE_OUTER_BOUND('',#353,.T.);
#253=FACE_OUTER_BOUND('',#354,.T.);
#254=FACE_OUTER_BOUND('',#355,.T.);
#255=FACE_OUTER_BOUND('',#356,.T.);
#256=FACE_OUTER_BOUND('',#357,.T.);
#257=FACE_OUTER_BOUND('',#358,.T.);
#258=FACE_OUTER_BOUND('',#360,.T.);
#259=FACE_OUTER_BOUND('',#361,.T.);
#260=FACE_OUTER_BOUND('',#362,.T.);
#261=FACE_OUTER_BOUND('',#363,.T.);
#262=FACE_OUTER_BOUND('',#364,.T.);
#263=FACE_OUTER_BOUND('',#365,.T.);
#264=FACE_OUTER_BOUND('',#366,.T.);
#265=FACE_OUTER_BOUND('',#367,.T.);
#266=FACE_OUTER_BOUND('',#368,.T.);
#267=FACE_OUTER_BOUND('',#369,.T.);
#268=FACE_OUTER_BOUND('',#370,.T.);
#269=FACE_OUTER_BOUND('',#374,.T.);
#270=FACE_OUTER_BOUND('',#375,.T.);
#271=FACE_OUTER_BOUND('',#376,.T.);
#272=FACE_OUTER_BOUND('',#377,.T.);
#273=FACE_OUTER_BOUND('',#378,.T.);
#274=FACE_OUTER_BOUND('',#379,.T.);
#275=FACE_OUTER_BOUND('',#380,.T.);
#276=FACE_OUTER_BOUND('',#384,.T.);
#277=FACE_OUTER_BOUND('',#400,.T.);
#278=EDGE_LOOP('',(#1426,#1427,#1428,#1429));
#279=EDGE_LOOP('',(#1430,#1431,#1432,#1433));
#280=EDGE_LOOP('',(#1434,#1435,#1436,#1437));
#281=EDGE_LOOP('',(#1438,#1439,#1440,#1441));
#282=EDGE_LOOP('',(#1442,#1443,#1444,#1445));
#283=EDGE_LOOP('',(#1446,#1447,#1448,#1449));
#284=EDGE_LOOP('',(#1450,#1451,#1452,#1453));
#285=EDGE_LOOP('',(#1454,#1455,#1456,#1457));
#286=EDGE_LOOP('',(#1458,#1459,#1460,#1461));
#287=EDGE_LOOP('',(#1462,#1463,#1464,#1465));
#288=EDGE_LOOP('',(#1466,#1467,#1468,#1469));
#289=EDGE_LOOP('',(#1470,#1471,#1472,#1473));
#290=EDGE_LOOP('',(#1474,#1475,#1476,#1477));
#291=EDGE_LOOP('',(#1478,#1479,#1480,#1481));
#292=EDGE_LOOP('',(#1482,#1483));
#293=EDGE_LOOP('',(#1484,#1485,#1486,#1487));
#294=EDGE_LOOP('',(#1488,#1489,#1490,#1491,#1492,#1493,#1494,#1495));
#295=EDGE_LOOP('',(#1496,#1497,#1498,#1499));
#296=EDGE_LOOP('',(#1500,#1501,#1502,#1503));
#297=EDGE_LOOP('',(#1504,#1505));
#298=EDGE_LOOP('',(#1506,#1507,#1508,#1509));
#299=EDGE_LOOP('',(#1510,#1511,#1512,#1513,#1514,#1515,#1516,#1517));
#300=EDGE_LOOP('',(#1518,#1519,#1520,#1521));
#301=EDGE_LOOP('',(#1522,#1523,#1524,#1525));
#302=EDGE_LOOP('',(#1526,#1527));
#303=EDGE_LOOP('',(#1528,#1529,#1530,#1531));
#304=EDGE_LOOP('',(#1532,#1533,#1534,#1535,#1536,#1537,#1538,#1539));
#305=EDGE_LOOP('',(#1540,#1541,#1542,#1543));
#306=EDGE_LOOP('',(#1544,#1545,#1546,#1547));
#307=EDGE_LOOP('',(#1548,#1549));
#308=EDGE_LOOP('',(#1550,#1551,#1552,#1553));
#309=EDGE_LOOP('',(#1554,#1555,#1556,#1557,#1558,#1559,#1560,#1561));
#310=EDGE_LOOP('',(#1562,#1563,#1564,#1565,#1566,#1567));
#311=EDGE_LOOP('',(#1568,#1569,#1570,#1571,#1572,#1573,#1574,#1575));
#312=EDGE_LOOP('',(#1576,#1577,#1578));
#313=EDGE_LOOP('',(#1579,#1580,#1581,#1582,#1583,#1584));
#314=EDGE_LOOP('',(#1585,#1586,#1587,#1588));
#315=EDGE_LOOP('',(#1589,#1590,#1591,#1592));
#316=EDGE_LOOP('',(#1593,#1594,#1595,#1596));
#317=EDGE_LOOP('',(#1597,#1598,#1599,#1600));
#318=EDGE_LOOP('',(#1601,#1602));
#319=EDGE_LOOP('',(#1603,#1604,#1605,#1606));
#320=EDGE_LOOP('',(#1607,#1608,#1609,#1610,#1611,#1612,#1613,#1614));
#321=EDGE_LOOP('',(#1615,#1616,#1617,#1618));
#322=EDGE_LOOP('',(#1619,#1620,#1621,#1622));
#323=EDGE_LOOP('',(#1623,#1624));
#324=EDGE_LOOP('',(#1625,#1626,#1627,#1628));
#325=EDGE_LOOP('',(#1629,#1630,#1631,#1632,#1633,#1634,#1635,#1636));
#326=EDGE_LOOP('',(#1637,#1638,#1639,#1640));
#327=EDGE_LOOP('',(#1641,#1642,#1643,#1644));
#328=EDGE_LOOP('',(#1645,#1646));
#329=EDGE_LOOP('',(#1647,#1648,#1649,#1650));
#330=EDGE_LOOP('',(#1651,#1652,#1653,#1654,#1655,#1656,#1657,#1658));
#331=EDGE_LOOP('',(#1659,#1660,#1661,#1662));
#332=EDGE_LOOP('',(#1663,#1664,#1665,#1666));
#333=EDGE_LOOP('',(#1667,#1668));
#334=EDGE_LOOP('',(#1669,#1670,#1671,#1672));
#335=EDGE_LOOP('',(#1673,#1674,#1675,#1676,#1677,#1678,#1679,#1680));
#336=EDGE_LOOP('',(#1681,#1682,#1683,#1684));
#337=EDGE_LOOP('',(#1685,#1686,#1687,#1688));
#338=EDGE_LOOP('',(#1689,#1690));
#339=EDGE_LOOP('',(#1691,#1692,#1693,#1694));
#340=EDGE_LOOP('',(#1695,#1696,#1697,#1698,#1699,#1700,#1701,#1702));
#341=EDGE_LOOP('',(#1703,#1704,#1705,#1706));
#342=EDGE_LOOP('',(#1707,#1708,#1709,#1710));
#343=EDGE_LOOP('',(#1711,#1712));
#344=EDGE_LOOP('',(#1713,#1714,#1715,#1716));
#345=EDGE_LOOP('',(#1717,#1718,#1719,#1720,#1721,#1722,#1723,#1724));
#346=EDGE_LOOP('',(#1725,#1726,#1727,#1728));
#347=EDGE_LOOP('',(#1729,#1730,#1731,#1732));
#348=EDGE_LOOP('',(#1733,#1734));
#349=EDGE_LOOP('',(#1735,#1736,#1737,#1738));
#350=EDGE_LOOP('',(#1739,#1740,#1741,#1742,#1743,#1744,#1745,#1746));
#351=EDGE_LOOP('',(#1747,#1748,#1749,#1750));
#352=EDGE_LOOP('',(#1751,#1752,#1753,#1754));
#353=EDGE_LOOP('',(#1755,#1756,#1757,#1758));
#354=EDGE_LOOP('',(#1759,#1760,#1761,#1762,#1763,#1764,#1765,#1766));
#355=EDGE_LOOP('',(#1767,#1768,#1769));
#356=EDGE_LOOP('',(#1770,#1771,#1772,#1773,#1774,#1775,#1776,#1777));
#357=EDGE_LOOP('',(#1778,#1779,#1780,#1781));
#358=EDGE_LOOP('',(#1782,#1783,#1784,#1785,#1786,#1787,#1788,#1789,#1790,
#1791,#1792,#1793,#1794,#1795,#1796,#1797,#1798,#1799,#1800,#1801,#1802,
#1803,#1804,#1805,#1806,#1807,#1808,#1809,#1810,#1811,#1812,#1813,#1814,
#1815,#1816,#1817,#1818,#1819,#1820,#1821,#1822,#1823,#1824,#1825,#1826,
#1827,#1828,#1829,#1830,#1831,#1832,#1833,#1834,#1835,#1836,#1837,#1838,
#1839,#1840,#1841,#1842,#1843,#1844,#1845,#1846,#1847,#1848,#1849,#1850,
#1851,#1852,#1853,#1854,#1855,#1856,#1857,#1858,#1859,#1860,#1861,#1862,
#1863));
#359=EDGE_LOOP('',(#1864,#1865,#1866,#1867));
#360=EDGE_LOOP('',(#1868,#1869,#1870,#1871,#1872,#1873,#1874,#1875,#1876,
#1877,#1878,#1879,#1880,#1881,#1882,#1883,#1884,#1885,#1886,#1887,#1888,
#1889,#1890,#1891,#1892,#1893,#1894,#1895,#1896,#1897,#1898,#1899,#1900,
#1901,#1902,#1903,#1904,#1905,#1906,#1907,#1908,#1909,#1910,#1911,#1912,
#1913,#1914,#1915,#1916,#1917));
#361=EDGE_LOOP('',(#1918,#1919,#1920,#1921));
#362=EDGE_LOOP('',(#1922,#1923,#1924,#1925));
#363=EDGE_LOOP('',(#1926,#1927,#1928,#1929));
#364=EDGE_LOOP('',(#1930,#1931,#1932,#1933));
#365=EDGE_LOOP('',(#1934,#1935));
#366=EDGE_LOOP('',(#1936,#1937,#1938,#1939,#1940,#1941,#1942,#1943));
#367=EDGE_LOOP('',(#1944,#1945,#1946,#1947,#1948,#1949,#1950,#1951));
#368=EDGE_LOOP('',(#1952,#1953,#1954,#1955));
#369=EDGE_LOOP('',(#1956,#1957,#1958,#1959,#1960,#1961,#1962,#1963,#1964,
#1965));
#370=EDGE_LOOP('',(#1966,#1967,#1968,#1969));
#371=EDGE_LOOP('',(#1970,#1971,#1972,#1973));
#372=EDGE_LOOP('',(#1974,#1975,#1976,#1977));
#373=EDGE_LOOP('',(#1978,#1979,#1980,#1981));
#374=EDGE_LOOP('',(#1982,#1983,#1984,#1985));
#375=EDGE_LOOP('',(#1986,#1987,#1988,#1989));
#376=EDGE_LOOP('',(#1990,#1991,#1992,#1993));
#377=EDGE_LOOP('',(#1994,#1995,#1996,#1997));
#378=EDGE_LOOP('',(#1998,#1999,#2000,#2001));
#379=EDGE_LOOP('',(#2002,#2003,#2004,#2005));
#380=EDGE_LOOP('',(#2006,#2007,#2008,#2009));
#381=EDGE_LOOP('',(#2010,#2011,#2012,#2013));
#382=EDGE_LOOP('',(#2014,#2015,#2016,#2017));
#383=EDGE_LOOP('',(#2018,#2019,#2020,#2021));
#384=EDGE_LOOP('',(#2022,#2023,#2024,#2025,#2026,#2027));
#385=EDGE_LOOP('',(#2028));
#386=EDGE_LOOP('',(#2029,#2030,#2031,#2032));
#387=EDGE_LOOP('',(#2033,#2034,#2035,#2036));
#388=EDGE_LOOP('',(#2037,#2038,#2039,#2040));
#389=EDGE_LOOP('',(#2041,#2042,#2043,#2044));
#390=EDGE_LOOP('',(#2045,#2046,#2047,#2048));
#391=EDGE_LOOP('',(#2049,#2050,#2051,#2052));
#392=EDGE_LOOP('',(#2053,#2054,#2055,#2056));
#393=EDGE_LOOP('',(#2057,#2058,#2059,#2060));
#394=EDGE_LOOP('',(#2061,#2062,#2063,#2064));
#395=EDGE_LOOP('',(#2065,#2066,#2067,#2068));
#396=EDGE_LOOP('',(#2069,#2070,#2071,#2072));
#397=EDGE_LOOP('',(#2073,#2074,#2075,#2076));
#398=EDGE_LOOP('',(#2077,#2078,#2079,#2080));
#399=EDGE_LOOP('',(#2081,#2082,#2083,#2084));
#400=EDGE_LOOP('',(#2085,#2086,#2087,#2088,#2089,#2090));
#401=EDGE_LOOP('',(#2091,#2092,#2093,#2094,#2095,#2096,#2097));
#402=LINE('',#3132,#634);
#403=LINE('',#3134,#635);
#404=LINE('',#3136,#636);
#405=LINE('',#3137,#637);
#406=LINE('',#3140,#638);
#407=LINE('',#3142,#639);
#408=LINE('',#3143,#640);
#409=LINE('',#3146,#641);
#410=LINE('',#3148,#642);
#411=LINE('',#3149,#643);
#412=LINE('',#3151,#644);
#413=LINE('',#3152,#645);
#414=LINE('',#3156,#646);
#415=LINE('',#3158,#647);
#416=LINE('',#3160,#648);
#417=LINE('',#3161,#649);
#418=LINE('',#3164,#650);
#419=LINE('',#3166,#651);
#420=LINE('',#3167,#652);
#421=LINE('',#3170,#653);
#422=LINE('',#3172,#654);
#423=LINE('',#3173,#655);
#424=LINE('',#3175,#656);
#425=LINE('',#3176,#657);
#426=LINE('',#3180,#658);
#427=LINE('',#3182,#659);
#428=LINE('',#3184,#660);
#429=LINE('',#3185,#661);
#430=LINE('',#3188,#662);
#431=LINE('',#3190,#663);
#432=LINE('',#3191,#664);
#433=LINE('',#3194,#665);
#434=LINE('',#3196,#666);
#435=LINE('',#3197,#667);
#436=LINE('',#3199,#668);
#437=LINE('',#3200,#669);
#438=LINE('',#3204,#670);
#439=LINE('',#3206,#671);
#440=LINE('',#3208,#672);
#441=LINE('',#3209,#673);
#442=LINE('',#3215,#674);
#443=LINE('',#3219,#675);
#444=LINE('',#3223,#676);
#445=LINE('',#3225,#677);
#446=LINE('',#3226,#678);
#447=LINE('',#3231,#679);
#448=LINE('',#3233,#680);
#449=LINE('',#3238,#681);
#450=LINE('',#3240,#682);
#451=LINE('',#3242,#683);
#452=LINE('',#3243,#684);
#453=LINE('',#3249,#685);
#454=LINE('',#3253,#686);
#455=LINE('',#3257,#687);
#456=LINE('',#3259,#688);
#457=LINE('',#3260,#689);
#458=LINE('',#3265,#690);
#459=LINE('',#3267,#691);
#460=LINE('',#3272,#692);
#461=LINE('',#3274,#693);
#462=LINE('',#3276,#694);
#463=LINE('',#3277,#695);
#464=LINE('',#3283,#696);
#465=LINE('',#3287,#697);
#466=LINE('',#3291,#698);
#467=LINE('',#3293,#699);
#468=LINE('',#3294,#700);
#469=LINE('',#3299,#701);
#470=LINE('',#3301,#702);
#471=LINE('',#3306,#703);
#472=LINE('',#3308,#704);
#473=LINE('',#3310,#705);
#474=LINE('',#3311,#706);
#475=LINE('',#3317,#707);
#476=LINE('',#3321,#708);
#477=LINE('',#3325,#709);
#478=LINE('',#3327,#710);
#479=LINE('',#3328,#711);
#480=LINE('',#3333,#712);
#481=LINE('',#3335,#713);
#482=LINE('',#3342,#714);
#483=LINE('',#3346,#715);
#484=LINE('',#3349,#716);
#485=LINE('',#3352,#717);
#486=LINE('',#3354,#718);
#487=LINE('',#3356,#719);
#488=LINE('',#3358,#720);
#489=LINE('',#3360,#721);
#490=LINE('',#3362,#722);
#491=LINE('',#3363,#723);
#492=LINE('',#3368,#724);
#493=LINE('',#3370,#725);
#494=LINE('',#3372,#726);
#495=LINE('',#3374,#727);
#496=LINE('',#3375,#728);
#497=LINE('',#3384,#729);
#498=LINE('',#3386,#730);
#499=LINE('',#3388,#731);
#500=LINE('',#3389,#732);
#501=LINE('',#3395,#733);
#502=LINE('',#3399,#734);
#503=LINE('',#3403,#735);
#504=LINE('',#3405,#736);
#505=LINE('',#3406,#737);
#506=LINE('',#3411,#738);
#507=LINE('',#3413,#739);
#508=LINE('',#3418,#740);
#509=LINE('',#3420,#741);
#510=LINE('',#3422,#742);
#511=LINE('',#3423,#743);
#512=LINE('',#3429,#744);
#513=LINE('',#3433,#745);
#514=LINE('',#3437,#746);
#515=LINE('',#3439,#747);
#516=LINE('',#3440,#748);
#517=LINE('',#3445,#749);
#518=LINE('',#3447,#750);
#519=LINE('',#3452,#751);
#520=LINE('',#3454,#752);
#521=LINE('',#3456,#753);
#522=LINE('',#3457,#754);
#523=LINE('',#3463,#755);
#524=LINE('',#3467,#756);
#525=LINE('',#3471,#757);
#526=LINE('',#3473,#758);
#527=LINE('',#3474,#759);
#528=LINE('',#3479,#760);
#529=LINE('',#3481,#761);
#530=LINE('',#3486,#762);
#531=LINE('',#3488,#763);
#532=LINE('',#3490,#764);
#533=LINE('',#3491,#765);
#534=LINE('',#3497,#766);
#535=LINE('',#3501,#767);
#536=LINE('',#3505,#768);
#537=LINE('',#3507,#769);
#538=LINE('',#3508,#770);
#539=LINE('',#3513,#771);
#540=LINE('',#3515,#772);
#541=LINE('',#3520,#773);
#542=LINE('',#3522,#774);
#543=LINE('',#3524,#775);
#544=LINE('',#3525,#776);
#545=LINE('',#3531,#777);
#546=LINE('',#3535,#778);
#547=LINE('',#3539,#779);
#548=LINE('',#3541,#780);
#549=LINE('',#3542,#781);
#550=LINE('',#3547,#782);
#551=LINE('',#3549,#783);
#552=LINE('',#3554,#784);
#553=LINE('',#3556,#785);
#554=LINE('',#3558,#786);
#555=LINE('',#3559,#787);
#556=LINE('',#3565,#788);
#557=LINE('',#3569,#789);
#558=LINE('',#3573,#790);
#559=LINE('',#3575,#791);
#560=LINE('',#3576,#792);
#561=LINE('',#3581,#793);
#562=LINE('',#3583,#794);
#563=LINE('',#3588,#795);
#564=LINE('',#3590,#796);
#565=LINE('',#3592,#797);
#566=LINE('',#3593,#798);
#567=LINE('',#3599,#799);
#568=LINE('',#3603,#800);
#569=LINE('',#3607,#801);
#570=LINE('',#3609,#802);
#571=LINE('',#3610,#803);
#572=LINE('',#3615,#804);
#573=LINE('',#3617,#805);
#574=LINE('',#3624,#806);
#575=LINE('',#3627,#807);
#576=LINE('',#3630,#808);
#577=LINE('',#3632,#809);
#578=LINE('',#3633,#810);
#579=LINE('',#3636,#811);
#580=LINE('',#3638,#812);
#581=LINE('',#3639,#813);
#582=LINE('',#3645,#814);
#583=LINE('',#3649,#815);
#584=LINE('',#3653,#816);
#585=LINE('',#3659,#817);
#586=LINE('',#3663,#818);
#587=LINE('',#3668,#819);
#588=LINE('',#3670,#820);
#589=LINE('',#3671,#821);
#590=LINE('',#3672,#822);
#591=LINE('',#3673,#823);
#592=LINE('',#3674,#824);
#593=LINE('',#3677,#825);
#594=LINE('',#3687,#826);
#595=LINE('',#3688,#827);
#596=LINE('',#3689,#828);
#597=LINE('',#3690,#829);
#598=LINE('',#3691,#830);
#599=LINE('',#3692,#831);
#600=LINE('',#3693,#832);
#601=LINE('',#3694,#833);
#602=LINE('',#3697,#834);
#603=LINE('',#3701,#835);
#604=LINE('',#3705,#836);
#605=LINE('',#3707,#837);
#606=LINE('',#3708,#838);
#607=LINE('',#3711,#839);
#608=LINE('',#3713,#840);
#609=LINE('',#3714,#841);
#610=LINE('',#3718,#842);
#611=LINE('',#3721,#843);
#612=LINE('',#3722,#844);
#613=LINE('',#3733,#845);
#614=LINE('',#3734,#846);
#615=LINE('',#3735,#847);
#616=LINE('',#3738,#848);
#617=LINE('',#3741,#849);
#618=LINE('',#3743,#850);
#619=LINE('',#3747,#851);
#620=LINE('',#3749,#852);
#621=LINE('',#3751,#853);
#622=LINE('',#3757,#854);
#623=LINE('',#3760,#855);
#624=LINE('',#3763,#856);
#625=LINE('',#3765,#857);
#626=LINE('',#3766,#858);
#627=LINE('',#3772,#859);
#628=LINE('',#3775,#860);
#629=LINE('',#3777,#861);
#630=LINE('',#3778,#862);
#631=LINE('',#3784,#863);
#632=LINE('',#3786,#864);
#633=LINE('',#3787,#865);
#634=VECTOR('',#2488,10.);
#635=VECTOR('',#2489,10.);
#636=VECTOR('',#2490,10.);
#637=VECTOR('',#2491,10.);
#638=VECTOR('',#2494,10.);
#639=VECTOR('',#2495,10.);
#640=VECTOR('',#2496,10.);
#641=VECTOR('',#2499,10.);
#642=VECTOR('',#2500,10.);
#643=VECTOR('',#2501,10.);
#644=VECTOR('',#2504,10.);
#645=VECTOR('',#2505,10.);
#646=VECTOR('',#2508,10.);
#647=VECTOR('',#2509,10.);
#648=VECTOR('',#2510,10.);
#649=VECTOR('',#2511,10.);
#650=VECTOR('',#2514,10.);
#651=VECTOR('',#2515,10.);
#652=VECTOR('',#2516,10.);
#653=VECTOR('',#2519,10.);
#654=VECTOR('',#2520,10.);
#655=VECTOR('',#2521,10.);
#656=VECTOR('',#2524,10.);
#657=VECTOR('',#2525,10.);
#658=VECTOR('',#2528,10.);
#659=VECTOR('',#2529,10.);
#660=VECTOR('',#2530,10.);
#661=VECTOR('',#2531,10.);
#662=VECTOR('',#2534,10.);
#663=VECTOR('',#2535,10.);
#664=VECTOR('',#2536,10.);
#665=VECTOR('',#2539,10.);
#666=VECTOR('',#2540,10.);
#667=VECTOR('',#2541,10.);
#668=VECTOR('',#2544,10.);
#669=VECTOR('',#2545,10.);
#670=VECTOR('',#2548,10.);
#671=VECTOR('',#2549,10.);
#672=VECTOR('',#2550,10.);
#673=VECTOR('',#2551,10.);
#674=VECTOR('',#2558,10.);
#675=VECTOR('',#2561,10.);
#676=VECTOR('',#2566,10.);
#677=VECTOR('',#2567,10.);
#678=VECTOR('',#2568,10.);
#679=VECTOR('',#2575,10.);
#680=VECTOR('',#2576,10.);
#681=VECTOR('',#2581,10.);
#682=VECTOR('',#2582,10.);
#683=VECTOR('',#2583,10.);
#684=VECTOR('',#2584,10.);
#685=VECTOR('',#2591,10.);
#686=VECTOR('',#2594,10.);
#687=VECTOR('',#2599,10.);
#688=VECTOR('',#2600,10.);
#689=VECTOR('',#2601,10.);
#690=VECTOR('',#2608,10.);
#691=VECTOR('',#2609,10.);
#692=VECTOR('',#2614,10.);
#693=VECTOR('',#2615,10.);
#694=VECTOR('',#2616,10.);
#695=VECTOR('',#2617,10.);
#696=VECTOR('',#2624,10.);
#697=VECTOR('',#2627,10.);
#698=VECTOR('',#2632,10.);
#699=VECTOR('',#2633,10.);
#700=VECTOR('',#2634,10.);
#701=VECTOR('',#2641,10.);
#702=VECTOR('',#2642,10.);
#703=VECTOR('',#2647,10.);
#704=VECTOR('',#2648,10.);
#705=VECTOR('',#2649,10.);
#706=VECTOR('',#2650,10.);
#707=VECTOR('',#2657,10.);
#708=VECTOR('',#2660,10.);
#709=VECTOR('',#2665,10.);
#710=VECTOR('',#2666,10.);
#711=VECTOR('',#2667,10.);
#712=VECTOR('',#2674,10.);
#713=VECTOR('',#2675,10.);
#714=VECTOR('',#2682,10.);
#715=VECTOR('',#2685,10.);
#716=VECTOR('',#2688,10.);
#717=VECTOR('',#2691,10.);
#718=VECTOR('',#2692,10.);
#719=VECTOR('',#2693,10.);
#720=VECTOR('',#2694,10.);
#721=VECTOR('',#2695,10.);
#722=VECTOR('',#2696,10.);
#723=VECTOR('',#2697,10.);
#724=VECTOR('',#2704,10.);
#725=VECTOR('',#2705,10.);
#726=VECTOR('',#2706,10.);
#727=VECTOR('',#2707,10.);
#728=VECTOR('',#2708,10.);
#729=VECTOR('',#2721,10.);
#730=VECTOR('',#2722,10.);
#731=VECTOR('',#2723,10.);
#732=VECTOR('',#2724,10.);
#733=VECTOR('',#2731,10.);
#734=VECTOR('',#2734,10.);
#735=VECTOR('',#2739,10.);
#736=VECTOR('',#2740,10.);
#737=VECTOR('',#2741,10.);
#738=VECTOR('',#2748,10.);
#739=VECTOR('',#2749,10.);
#740=VECTOR('',#2754,10.);
#741=VECTOR('',#2755,10.);
#742=VECTOR('',#2756,10.);
#743=VECTOR('',#2757,10.);
#744=VECTOR('',#2764,10.);
#745=VECTOR('',#2767,10.);
#746=VECTOR('',#2772,10.);
#747=VECTOR('',#2773,10.);
#748=VECTOR('',#2774,10.);
#749=VECTOR('',#2781,10.);
#750=VECTOR('',#2782,10.);
#751=VECTOR('',#2787,10.);
#752=VECTOR('',#2788,10.);
#753=VECTOR('',#2789,10.);
#754=VECTOR('',#2790,10.);
#755=VECTOR('',#2797,10.);
#756=VECTOR('',#2800,10.);
#757=VECTOR('',#2805,10.);
#758=VECTOR('',#2806,10.);
#759=VECTOR('',#2807,10.);
#760=VECTOR('',#2814,10.);
#761=VECTOR('',#2815,10.);
#762=VECTOR('',#2820,10.);
#763=VECTOR('',#2821,10.);
#764=VECTOR('',#2822,10.);
#765=VECTOR('',#2823,10.);
#766=VECTOR('',#2830,10.);
#767=VECTOR('',#2833,10.);
#768=VECTOR('',#2838,10.);
#769=VECTOR('',#2839,10.);
#770=VECTOR('',#2840,10.);
#771=VECTOR('',#2847,10.);
#772=VECTOR('',#2848,10.);
#773=VECTOR('',#2853,10.);
#774=VECTOR('',#2854,10.);
#775=VECTOR('',#2855,10.);
#776=VECTOR('',#2856,10.);
#777=VECTOR('',#2863,10.);
#778=VECTOR('',#2866,10.);
#779=VECTOR('',#2871,10.);
#780=VECTOR('',#2872,10.);
#781=VECTOR('',#2873,10.);
#782=VECTOR('',#2880,10.);
#783=VECTOR('',#2881,10.);
#784=VECTOR('',#2886,10.);
#785=VECTOR('',#2887,10.);
#786=VECTOR('',#2888,10.);
#787=VECTOR('',#2889,10.);
#788=VECTOR('',#2896,10.);
#789=VECTOR('',#2899,10.);
#790=VECTOR('',#2904,10.);
#791=VECTOR('',#2905,10.);
#792=VECTOR('',#2906,10.);
#793=VECTOR('',#2913,10.);
#794=VECTOR('',#2914,10.);
#795=VECTOR('',#2919,10.);
#796=VECTOR('',#2920,10.);
#797=VECTOR('',#2921,10.);
#798=VECTOR('',#2922,10.);
#799=VECTOR('',#2929,10.);
#800=VECTOR('',#2932,10.);
#801=VECTOR('',#2937,10.);
#802=VECTOR('',#2938,10.);
#803=VECTOR('',#2939,10.);
#804=VECTOR('',#2946,10.);
#805=VECTOR('',#2947,10.);
#806=VECTOR('',#2954,10.);
#807=VECTOR('',#2957,10.);
#808=VECTOR('',#2960,10.);
#809=VECTOR('',#2961,10.);
#810=VECTOR('',#2962,10.);
#811=VECTOR('',#2965,10.);
#812=VECTOR('',#2966,10.);
#813=VECTOR('',#2967,10.);
#814=VECTOR('',#2974,10.);
#815=VECTOR('',#2977,10.);
#816=VECTOR('',#2982,10.);
#817=VECTOR('',#2989,10.);
#818=VECTOR('',#2992,10.);
#819=VECTOR('',#2999,10.);
#820=VECTOR('',#3002,10.);
#821=VECTOR('',#3003,10.);
#822=VECTOR('',#3004,10.);
#823=VECTOR('',#3005,10.);
#824=VECTOR('',#3006,10.);
#825=VECTOR('',#3009,10.);
#826=VECTOR('',#3018,10.);
#827=VECTOR('',#3019,10.);
#828=VECTOR('',#3020,10.);
#829=VECTOR('',#3021,10.);
#830=VECTOR('',#3022,10.);
#831=VECTOR('',#3023,10.);
#832=VECTOR('',#3024,10.);
#833=VECTOR('',#3025,10.);
#834=VECTOR('',#3026,10.);
#835=VECTOR('',#3029,10.);
#836=VECTOR('',#3034,10.);
#837=VECTOR('',#3035,10.);
#838=VECTOR('',#3036,10.);
#839=VECTOR('',#3039,10.);
#840=VECTOR('',#3040,10.);
#841=VECTOR('',#3041,10.);
#842=VECTOR('',#3046,10.);
#843=VECTOR('',#3049,10.);
#844=VECTOR('',#3050,10.);
#845=VECTOR('',#3065,55.);
#846=VECTOR('',#3066,10.);
#847=VECTOR('',#3067,10.);
#848=VECTOR('',#3070,10.);
#849=VECTOR('',#3073,10.);
#850=VECTOR('',#3076,10.);
#851=VECTOR('',#3081,10.);
#852=VECTOR('',#3084,10.);
#853=VECTOR('',#3087,10.);
#854=VECTOR('',#3092,10.);
#855=VECTOR('',#3095,10.);
#856=VECTOR('',#3098,10.);
#857=VECTOR('',#3099,10.);
#858=VECTOR('',#3100,10.);
#859=VECTOR('',#3107,10.);
#860=VECTOR('',#3110,10.);
#861=VECTOR('',#3111,10.);
#862=VECTOR('',#3112,10.);
#863=VECTOR('',#3119,10.);
#864=VECTOR('',#3122,10.);
#865=VECTOR('',#3123,10.);
#866=VERTEX_POINT('',#3130);
#867=VERTEX_POINT('',#3131);
#868=VERTEX_POINT('',#3133);
#869=VERTEX_POINT('',#3135);
#870=VERTEX_POINT('',#3139);
#871=VERTEX_POINT('',#3141);
#872=VERTEX_POINT('',#3145);
#873=VERTEX_POINT('',#3147);
#874=VERTEX_POINT('',#3154);
#875=VERTEX_POINT('',#3155);
#876=VERTEX_POINT('',#3157);
#877=VERTEX_POINT('',#3159);
#878=VERTEX_POINT('',#3163);
#879=VERTEX_POINT('',#3165);
#880=VERTEX_POINT('',#3169);
#881=VERTEX_POINT('',#3171);
#882=VERTEX_POINT('',#3178);
#883=VERTEX_POINT('',#3179);
#884=VERTEX_POINT('',#3181);
#885=VERTEX_POINT('',#3183);
#886=VERTEX_POINT('',#3187);
#887=VERTEX_POINT('',#3189);
#888=VERTEX_POINT('',#3193);
#889=VERTEX_POINT('',#3195);
#890=VERTEX_POINT('',#3202);
#891=VERTEX_POINT('',#3203);
#892=VERTEX_POINT('',#3205);
#893=VERTEX_POINT('',#3207);
#894=VERTEX_POINT('',#3211);
#895=VERTEX_POINT('',#3213);
#896=VERTEX_POINT('',#3217);
#897=VERTEX_POINT('',#3218);
#898=VERTEX_POINT('',#3222);
#899=VERTEX_POINT('',#3224);
#900=VERTEX_POINT('',#3229);
#901=VERTEX_POINT('',#3232);
#902=VERTEX_POINT('',#3236);
#903=VERTEX_POINT('',#3237);
#904=VERTEX_POINT('',#3239);
#905=VERTEX_POINT('',#3241);
#906=VERTEX_POINT('',#3245);
#907=VERTEX_POINT('',#3247);
#908=VERTEX_POINT('',#3251);
#909=VERTEX_POINT('',#3252);
#910=VERTEX_POINT('',#3256);
#911=VERTEX_POINT('',#3258);
#912=VERTEX_POINT('',#3263);
#913=VERTEX_POINT('',#3266);
#914=VERTEX_POINT('',#3270);
#915=VERTEX_POINT('',#3271);
#916=VERTEX_POINT('',#3273);
#917=VERTEX_POINT('',#3275);
#918=VERTEX_POINT('',#3279);
#919=VERTEX_POINT('',#3281);
#920=VERTEX_POINT('',#3285);
#921=VERTEX_POINT('',#3286);
#922=VERTEX_POINT('',#3290);
#923=VERTEX_POINT('',#3292);
#924=VERTEX_POINT('',#3297);
#925=VERTEX_POINT('',#3300);
#926=VERTEX_POINT('',#3304);
#927=VERTEX_POINT('',#3305);
#928=VERTEX_POINT('',#3307);
#929=VERTEX_POINT('',#3309);
#930=VERTEX_POINT('',#3313);
#931=VERTEX_POINT('',#3315);
#932=VERTEX_POINT('',#3319);
#933=VERTEX_POINT('',#3320);
#934=VERTEX_POINT('',#3324);
#935=VERTEX_POINT('',#3326);
#936=VERTEX_POINT('',#3331);
#937=VERTEX_POINT('',#3334);
#938=VERTEX_POINT('',#3338);
#939=VERTEX_POINT('',#3339);
#940=VERTEX_POINT('',#3341);
#941=VERTEX_POINT('',#3343);
#942=VERTEX_POINT('',#3345);
#943=VERTEX_POINT('',#3347);
#944=VERTEX_POINT('',#3351);
#945=VERTEX_POINT('',#3353);
#946=VERTEX_POINT('',#3355);
#947=VERTEX_POINT('',#3357);
#948=VERTEX_POINT('',#3359);
#949=VERTEX_POINT('',#3361);
#950=VERTEX_POINT('',#3367);
#951=VERTEX_POINT('',#3369);
#952=VERTEX_POINT('',#3371);
#953=VERTEX_POINT('',#3373);
#954=VERTEX_POINT('',#3382);
#955=VERTEX_POINT('',#3383);
#956=VERTEX_POINT('',#3385);
#957=VERTEX_POINT('',#3387);
#958=VERTEX_POINT('',#3391);
#959=VERTEX_POINT('',#3393);
#960=VERTEX_POINT('',#3397);
#961=VERTEX_POINT('',#3398);
#962=VERTEX_POINT('',#3402);
#963=VERTEX_POINT('',#3404);
#964=VERTEX_POINT('',#3409);
#965=VERTEX_POINT('',#3412);
#966=VERTEX_POINT('',#3416);
#967=VERTEX_POINT('',#3417);
#968=VERTEX_POINT('',#3419);
#969=VERTEX_POINT('',#3421);
#970=VERTEX_POINT('',#3425);
#971=VERTEX_POINT('',#3427);
#972=VERTEX_POINT('',#3431);
#973=VERTEX_POINT('',#3432);
#974=VERTEX_POINT('',#3436);
#975=VERTEX_POINT('',#3438);
#976=VERTEX_POINT('',#3443);
#977=VERTEX_POINT('',#3446);
#978=VERTEX_POINT('',#3450);
#979=VERTEX_POINT('',#3451);
#980=VERTEX_POINT('',#3453);
#981=VERTEX_POINT('',#3455);
#982=VERTEX_POINT('',#3459);
#983=VERTEX_POINT('',#3461);
#984=VERTEX_POINT('',#3465);
#985=VERTEX_POINT('',#3466);
#986=VERTEX_POINT('',#3470);
#987=VERTEX_POINT('',#3472);
#988=VERTEX_POINT('',#3477);
#989=VERTEX_POINT('',#3480);
#990=VERTEX_POINT('',#3484);
#991=VERTEX_POINT('',#3485);
#992=VERTEX_POINT('',#3487);
#993=VERTEX_POINT('',#3489);
#994=VERTEX_POINT('',#3493);
#995=VERTEX_POINT('',#3495);
#996=VERTEX_POINT('',#3499);
#997=VERTEX_POINT('',#3500);
#998=VERTEX_POINT('',#3504);
#999=VERTEX_POINT('',#3506);
#1000=VERTEX_POINT('',#3511);
#1001=VERTEX_POINT('',#3514);
#1002=VERTEX_POINT('',#3518);
#1003=VERTEX_POINT('',#3519);
#1004=VERTEX_POINT('',#3521);
#1005=VERTEX_POINT('',#3523);
#1006=VERTEX_POINT('',#3527);
#1007=VERTEX_POINT('',#3529);
#1008=VERTEX_POINT('',#3533);
#1009=VERTEX_POINT('',#3534);
#1010=VERTEX_POINT('',#3538);
#1011=VERTEX_POINT('',#3540);
#1012=VERTEX_POINT('',#3545);
#1013=VERTEX_POINT('',#3548);
#1014=VERTEX_POINT('',#3552);
#1015=VERTEX_POINT('',#3553);
#1016=VERTEX_POINT('',#3555);
#1017=VERTEX_POINT('',#3557);
#1018=VERTEX_POINT('',#3561);
#1019=VERTEX_POINT('',#3563);
#1020=VERTEX_POINT('',#3567);
#1021=VERTEX_POINT('',#3568);
#1022=VERTEX_POINT('',#3572);
#1023=VERTEX_POINT('',#3574);
#1024=VERTEX_POINT('',#3579);
#1025=VERTEX_POINT('',#3582);
#1026=VERTEX_POINT('',#3586);
#1027=VERTEX_POINT('',#3587);
#1028=VERTEX_POINT('',#3589);
#1029=VERTEX_POINT('',#3591);
#1030=VERTEX_POINT('',#3595);
#1031=VERTEX_POINT('',#3597);
#1032=VERTEX_POINT('',#3601);
#1033=VERTEX_POINT('',#3602);
#1034=VERTEX_POINT('',#3606);
#1035=VERTEX_POINT('',#3608);
#1036=VERTEX_POINT('',#3613);
#1037=VERTEX_POINT('',#3616);
#1038=VERTEX_POINT('',#3620);
#1039=VERTEX_POINT('',#3621);
#1040=VERTEX_POINT('',#3623);
#1041=VERTEX_POINT('',#3625);
#1042=VERTEX_POINT('',#3629);
#1043=VERTEX_POINT('',#3631);
#1044=VERTEX_POINT('',#3635);
#1045=VERTEX_POINT('',#3637);
#1046=VERTEX_POINT('',#3642);
#1047=VERTEX_POINT('',#3644);
#1048=VERTEX_POINT('',#3646);
#1049=VERTEX_POINT('',#3648);
#1050=VERTEX_POINT('',#3652);
#1051=VERTEX_POINT('',#3656);
#1052=VERTEX_POINT('',#3658);
#1053=VERTEX_POINT('',#3660);
#1054=VERTEX_POINT('',#3662);
#1055=VERTEX_POINT('',#3666);
#1056=VERTEX_POINT('',#3676);
#1057=VERTEX_POINT('',#3678);
#1058=VERTEX_POINT('',#3680);
#1059=VERTEX_POINT('',#3682);
#1060=VERTEX_POINT('',#3684);
#1061=VERTEX_POINT('',#3686);
#1062=VERTEX_POINT('',#3695);
#1063=VERTEX_POINT('',#3696);
#1064=VERTEX_POINT('',#3698);
#1065=VERTEX_POINT('',#3700);
#1066=VERTEX_POINT('',#3704);
#1067=VERTEX_POINT('',#3706);
#1068=VERTEX_POINT('',#3710);
#1069=VERTEX_POINT('',#3712);
#1070=VERTEX_POINT('',#3716);
#1071=VERTEX_POINT('',#3720);
#1072=VERTEX_POINT('',#3726);
#1073=VERTEX_POINT('',#3727);
#1074=VERTEX_POINT('',#3731);
#1075=VERTEX_POINT('',#3737);
#1076=VERTEX_POINT('',#3739);
#1077=VERTEX_POINT('',#3745);
#1078=VERTEX_POINT('',#3753);
#1079=VERTEX_POINT('',#3754);
#1080=VERTEX_POINT('',#3756);
#1081=VERTEX_POINT('',#3758);
#1082=VERTEX_POINT('',#3762);
#1083=VERTEX_POINT('',#3764);
#1084=VERTEX_POINT('',#3768);
#1085=VERTEX_POINT('',#3770);
#1086=VERTEX_POINT('',#3774);
#1087=VERTEX_POINT('',#3776);
#1088=VERTEX_POINT('',#3780);
#1089=VERTEX_POINT('',#3782);
#1090=EDGE_CURVE('',#866,#867,#402,.T.);
#1091=EDGE_CURVE('',#868,#866,#403,.T.);
#1092=EDGE_CURVE('',#869,#868,#404,.T.);
#1093=EDGE_CURVE('',#869,#867,#405,.T.);
#1094=EDGE_CURVE('',#867,#870,#406,.T.);
#1095=EDGE_CURVE('',#871,#869,#407,.T.);
#1096=EDGE_CURVE('',#871,#870,#408,.T.);
#1097=EDGE_CURVE('',#870,#872,#409,.T.);
#1098=EDGE_CURVE('',#873,#871,#410,.T.);
#1099=EDGE_CURVE('',#873,#872,#411,.T.);
#1100=EDGE_CURVE('',#872,#866,#412,.T.);
#1101=EDGE_CURVE('',#868,#873,#413,.T.);
#1102=EDGE_CURVE('',#874,#875,#414,.T.);
#1103=EDGE_CURVE('',#876,#874,#415,.T.);
#1104=EDGE_CURVE('',#877,#876,#416,.T.);
#1105=EDGE_CURVE('',#877,#875,#417,.T.);
#1106=EDGE_CURVE('',#875,#878,#418,.T.);
#1107=EDGE_CURVE('',#879,#877,#419,.T.);
#1108=EDGE_CURVE('',#879,#878,#420,.T.);
#1109=EDGE_CURVE('',#878,#880,#421,.T.);
#1110=EDGE_CURVE('',#881,#879,#422,.T.);
#1111=EDGE_CURVE('',#881,#880,#423,.T.);
#1112=EDGE_CURVE('',#880,#874,#424,.T.);
#1113=EDGE_CURVE('',#876,#881,#425,.T.);
#1114=EDGE_CURVE('',#882,#883,#426,.T.);
#1115=EDGE_CURVE('',#884,#882,#427,.T.);
#1116=EDGE_CURVE('',#885,#884,#428,.T.);
#1117=EDGE_CURVE('',#885,#883,#429,.T.);
#1118=EDGE_CURVE('',#883,#886,#430,.T.);
#1119=EDGE_CURVE('',#887,#885,#431,.T.);
#1120=EDGE_CURVE('',#887,#886,#432,.T.);
#1121=EDGE_CURVE('',#886,#888,#433,.T.);
#1122=EDGE_CURVE('',#889,#887,#434,.T.);
#1123=EDGE_CURVE('',#889,#888,#435,.T.);
#1124=EDGE_CURVE('',#888,#882,#436,.T.);
#1125=EDGE_CURVE('',#884,#889,#437,.T.);
#1126=EDGE_CURVE('',#890,#891,#438,.T.);
#1127=EDGE_CURVE('',#890,#892,#439,.T.);
#1128=EDGE_CURVE('',#893,#892,#440,.T.);
#1129=EDGE_CURVE('',#891,#893,#441,.T.);
#1130=EDGE_CURVE('',#891,#894,#38,.T.);
#1131=EDGE_CURVE('',#895,#893,#39,.T.);
#1132=EDGE_CURVE('',#894,#895,#442,.T.);
#1133=EDGE_CURVE('',#896,#897,#443,.T.);
#1134=EDGE_CURVE('',#897,#896,#40,.T.);
#1135=EDGE_CURVE('',#894,#898,#444,.T.);
#1136=EDGE_CURVE('',#899,#895,#445,.T.);
#1137=EDGE_CURVE('',#898,#899,#446,.T.);
#1138=EDGE_CURVE('',#898,#890,#41,.T.);
#1139=EDGE_CURVE('',#900,#899,#42,.T.);
#1140=EDGE_CURVE('',#897,#900,#447,.T.);
#1141=EDGE_CURVE('',#901,#896,#448,.T.);
#1142=EDGE_CURVE('',#892,#901,#43,.T.);
#1143=EDGE_CURVE('',#902,#903,#449,.T.);
#1144=EDGE_CURVE('',#902,#904,#450,.T.);
#1145=EDGE_CURVE('',#905,#904,#451,.T.);
#1146=EDGE_CURVE('',#903,#905,#452,.T.);
#1147=EDGE_CURVE('',#903,#906,#44,.T.);
#1148=EDGE_CURVE('',#907,#905,#45,.T.);
#1149=EDGE_CURVE('',#906,#907,#453,.T.);
#1150=EDGE_CURVE('',#908,#909,#454,.T.);
#1151=EDGE_CURVE('',#909,#908,#46,.T.);
#1152=EDGE_CURVE('',#906,#910,#455,.T.);
#1153=EDGE_CURVE('',#911,#907,#456,.T.);
#1154=EDGE_CURVE('',#910,#911,#457,.T.);
#1155=EDGE_CURVE('',#910,#902,#47,.T.);
#1156=EDGE_CURVE('',#912,#911,#48,.T.);
#1157=EDGE_CURVE('',#909,#912,#458,.T.);
#1158=EDGE_CURVE('',#913,#908,#459,.T.);
#1159=EDGE_CURVE('',#904,#913,#49,.T.);
#1160=EDGE_CURVE('',#914,#915,#460,.T.);
#1161=EDGE_CURVE('',#914,#916,#461,.T.);
#1162=EDGE_CURVE('',#917,#916,#462,.T.);
#1163=EDGE_CURVE('',#915,#917,#463,.T.);
#1164=EDGE_CURVE('',#915,#918,#50,.T.);
#1165=EDGE_CURVE('',#919,#917,#51,.T.);
#1166=EDGE_CURVE('',#918,#919,#464,.T.);
#1167=EDGE_CURVE('',#920,#921,#465,.T.);
#1168=EDGE_CURVE('',#921,#920,#52,.T.);
#1169=EDGE_CURVE('',#918,#922,#466,.T.);
#1170=EDGE_CURVE('',#923,#919,#467,.T.);
#1171=EDGE_CURVE('',#922,#923,#468,.T.);
#1172=EDGE_CURVE('',#922,#914,#53,.T.);
#1173=EDGE_CURVE('',#924,#923,#54,.T.);
#1174=EDGE_CURVE('',#921,#924,#469,.T.);
#1175=EDGE_CURVE('',#925,#920,#470,.T.);
#1176=EDGE_CURVE('',#916,#925,#55,.T.);
#1177=EDGE_CURVE('',#926,#927,#471,.T.);
#1178=EDGE_CURVE('',#926,#928,#472,.T.);
#1179=EDGE_CURVE('',#929,#928,#473,.T.);
#1180=EDGE_CURVE('',#927,#929,#474,.T.);
#1181=EDGE_CURVE('',#927,#930,#56,.T.);
#1182=EDGE_CURVE('',#931,#929,#57,.T.);
#1183=EDGE_CURVE('',#930,#931,#475,.T.);
#1184=EDGE_CURVE('',#932,#933,#476,.T.);
#1185=EDGE_CURVE('',#933,#932,#58,.T.);
#1186=EDGE_CURVE('',#930,#934,#477,.T.);
#1187=EDGE_CURVE('',#935,#931,#478,.T.);
#1188=EDGE_CURVE('',#934,#935,#479,.T.);
#1189=EDGE_CURVE('',#934,#926,#59,.T.);
#1190=EDGE_CURVE('',#936,#935,#60,.T.);
#1191=EDGE_CURVE('',#933,#936,#480,.T.);
#1192=EDGE_CURVE('',#937,#932,#481,.T.);
#1193=EDGE_CURVE('',#928,#937,#61,.T.);
#1194=EDGE_CURVE('',#938,#939,#62,.T.);
#1195=EDGE_CURVE('',#938,#940,#482,.T.);
#1196=EDGE_CURVE('',#940,#941,#63,.T.);
#1197=EDGE_CURVE('',#942,#941,#483,.T.);
#1198=EDGE_CURVE('',#943,#942,#64,.T.);
#1199=EDGE_CURVE('',#939,#943,#484,.T.);
#1200=EDGE_CURVE('',#944,#938,#485,.T.);
#1201=EDGE_CURVE('',#944,#945,#486,.T.);
#1202=EDGE_CURVE('',#945,#946,#487,.T.);
#1203=EDGE_CURVE('',#947,#946,#488,.T.);
#1204=EDGE_CURVE('',#948,#947,#489,.T.);
#1205=EDGE_CURVE('',#949,#948,#490,.T.);
#1206=EDGE_CURVE('',#949,#940,#491,.T.);
#1207=EDGE_CURVE('',#941,#949,#65,.T.);
#1208=EDGE_CURVE('',#939,#950,#492,.T.);
#1209=EDGE_CURVE('',#951,#943,#493,.T.);
#1210=EDGE_CURVE('',#952,#951,#494,.T.);
#1211=EDGE_CURVE('',#952,#953,#495,.T.);
#1212=EDGE_CURVE('',#950,#953,#496,.T.);
#1213=EDGE_CURVE('',#950,#944,#66,.T.);
#1214=EDGE_CURVE('',#953,#945,#67,.T.);
#1215=EDGE_CURVE('',#946,#952,#68,.T.);
#1216=EDGE_CURVE('',#954,#955,#497,.T.);
#1217=EDGE_CURVE('',#954,#956,#498,.T.);
#1218=EDGE_CURVE('',#957,#956,#499,.T.);
#1219=EDGE_CURVE('',#955,#957,#500,.T.);
#1220=EDGE_CURVE('',#955,#958,#69,.T.);
#1221=EDGE_CURVE('',#959,#957,#70,.T.);
#1222=EDGE_CURVE('',#958,#959,#501,.T.);
#1223=EDGE_CURVE('',#960,#961,#502,.T.);
#1224=EDGE_CURVE('',#961,#960,#71,.T.);
#1225=EDGE_CURVE('',#958,#962,#503,.T.);
#1226=EDGE_CURVE('',#963,#959,#504,.T.);
#1227=EDGE_CURVE('',#962,#963,#505,.T.);
#1228=EDGE_CURVE('',#962,#954,#72,.T.);
#1229=EDGE_CURVE('',#964,#963,#73,.T.);
#1230=EDGE_CURVE('',#961,#964,#506,.T.);
#1231=EDGE_CURVE('',#965,#960,#507,.T.);
#1232=EDGE_CURVE('',#956,#965,#74,.T.);
#1233=EDGE_CURVE('',#966,#967,#508,.T.);
#1234=EDGE_CURVE('',#966,#968,#509,.T.);
#1235=EDGE_CURVE('',#969,#968,#510,.T.);
#1236=EDGE_CURVE('',#967,#969,#511,.T.);
#1237=EDGE_CURVE('',#967,#970,#75,.T.);
#1238=EDGE_CURVE('',#971,#969,#76,.T.);
#1239=EDGE_CURVE('',#970,#971,#512,.T.);
#1240=EDGE_CURVE('',#972,#973,#513,.T.);
#1241=EDGE_CURVE('',#973,#972,#77,.T.);
#1242=EDGE_CURVE('',#970,#974,#514,.T.);
#1243=EDGE_CURVE('',#975,#971,#515,.T.);
#1244=EDGE_CURVE('',#974,#975,#516,.T.);
#1245=EDGE_CURVE('',#974,#966,#78,.T.);
#1246=EDGE_CURVE('',#976,#975,#79,.T.);
#1247=EDGE_CURVE('',#973,#976,#517,.T.);
#1248=EDGE_CURVE('',#977,#972,#518,.T.);
#1249=EDGE_CURVE('',#968,#977,#80,.T.);
#1250=EDGE_CURVE('',#978,#979,#519,.T.);
#1251=EDGE_CURVE('',#978,#980,#520,.T.);
#1252=EDGE_CURVE('',#981,#980,#521,.T.);
#1253=EDGE_CURVE('',#979,#981,#522,.T.);
#1254=EDGE_CURVE('',#979,#982,#81,.T.);
#1255=EDGE_CURVE('',#983,#981,#82,.T.);
#1256=EDGE_CURVE('',#982,#983,#523,.T.);
#1257=EDGE_CURVE('',#984,#985,#524,.T.);
#1258=EDGE_CURVE('',#985,#984,#83,.T.);
#1259=EDGE_CURVE('',#982,#986,#525,.T.);
#1260=EDGE_CURVE('',#987,#983,#526,.T.);
#1261=EDGE_CURVE('',#986,#987,#527,.T.);
#1262=EDGE_CURVE('',#986,#978,#84,.T.);
#1263=EDGE_CURVE('',#988,#987,#85,.T.);
#1264=EDGE_CURVE('',#985,#988,#528,.T.);
#1265=EDGE_CURVE('',#989,#984,#529,.T.);
#1266=EDGE_CURVE('',#980,#989,#86,.T.);
#1267=EDGE_CURVE('',#990,#991,#530,.T.);
#1268=EDGE_CURVE('',#990,#992,#531,.T.);
#1269=EDGE_CURVE('',#993,#992,#532,.T.);
#1270=EDGE_CURVE('',#991,#993,#533,.T.);
#1271=EDGE_CURVE('',#991,#994,#87,.T.);
#1272=EDGE_CURVE('',#995,#993,#88,.T.);
#1273=EDGE_CURVE('',#994,#995,#534,.T.);
#1274=EDGE_CURVE('',#996,#997,#535,.T.);
#1275=EDGE_CURVE('',#997,#996,#89,.T.);
#1276=EDGE_CURVE('',#994,#998,#536,.T.);
#1277=EDGE_CURVE('',#999,#995,#537,.T.);
#1278=EDGE_CURVE('',#998,#999,#538,.T.);
#1279=EDGE_CURVE('',#998,#990,#90,.T.);
#1280=EDGE_CURVE('',#1000,#999,#91,.T.);
#1281=EDGE_CURVE('',#997,#1000,#539,.T.);
#1282=EDGE_CURVE('',#1001,#996,#540,.T.);
#1283=EDGE_CURVE('',#992,#1001,#92,.T.);
#1284=EDGE_CURVE('',#1002,#1003,#541,.T.);
#1285=EDGE_CURVE('',#1002,#1004,#542,.T.);
#1286=EDGE_CURVE('',#1005,#1004,#543,.T.);
#1287=EDGE_CURVE('',#1003,#1005,#544,.T.);
#1288=EDGE_CURVE('',#1003,#1006,#93,.T.);
#1289=EDGE_CURVE('',#1007,#1005,#94,.T.);
#1290=EDGE_CURVE('',#1006,#1007,#545,.T.);
#1291=EDGE_CURVE('',#1008,#1009,#546,.T.);
#1292=EDGE_CURVE('',#1009,#1008,#95,.T.);
#1293=EDGE_CURVE('',#1006,#1010,#547,.T.);
#1294=EDGE_CURVE('',#1011,#1007,#548,.T.);
#1295=EDGE_CURVE('',#1010,#1011,#549,.T.);
#1296=EDGE_CURVE('',#1010,#1002,#96,.T.);
#1297=EDGE_CURVE('',#1012,#1011,#97,.T.);
#1298=EDGE_CURVE('',#1009,#1012,#550,.T.);
#1299=EDGE_CURVE('',#1013,#1008,#551,.T.);
#1300=EDGE_CURVE('',#1004,#1013,#98,.T.);
#1301=EDGE_CURVE('',#1014,#1015,#552,.T.);
#1302=EDGE_CURVE('',#1014,#1016,#553,.T.);
#1303=EDGE_CURVE('',#1017,#1016,#554,.T.);
#1304=EDGE_CURVE('',#1015,#1017,#555,.T.);
#1305=EDGE_CURVE('',#1015,#1018,#99,.T.);
#1306=EDGE_CURVE('',#1019,#1017,#100,.T.);
#1307=EDGE_CURVE('',#1018,#1019,#556,.T.);
#1308=EDGE_CURVE('',#1020,#1021,#557,.T.);
#1309=EDGE_CURVE('',#1021,#1020,#101,.T.);
#1310=EDGE_CURVE('',#1018,#1022,#558,.T.);
#1311=EDGE_CURVE('',#1023,#1019,#559,.T.);
#1312=EDGE_CURVE('',#1022,#1023,#560,.T.);
#1313=EDGE_CURVE('',#1022,#1014,#102,.T.);
#1314=EDGE_CURVE('',#1024,#1023,#103,.T.);
#1315=EDGE_CURVE('',#1021,#1024,#561,.T.);
#1316=EDGE_CURVE('',#1025,#1020,#562,.T.);
#1317=EDGE_CURVE('',#1016,#1025,#104,.T.);
#1318=EDGE_CURVE('',#1026,#1027,#563,.T.);
#1319=EDGE_CURVE('',#1026,#1028,#564,.T.);
#1320=EDGE_CURVE('',#1029,#1028,#565,.T.);
#1321=EDGE_CURVE('',#1027,#1029,#566,.T.);
#1322=EDGE_CURVE('',#1027,#1030,#105,.T.);
#1323=EDGE_CURVE('',#1031,#1029,#106,.T.);
#1324=EDGE_CURVE('',#1030,#1031,#567,.T.);
#1325=EDGE_CURVE('',#1032,#1033,#568,.T.);
#1326=EDGE_CURVE('',#1033,#1032,#107,.T.);
#1327=EDGE_CURVE('',#1030,#1034,#569,.T.);
#1328=EDGE_CURVE('',#1035,#1031,#570,.T.);
#1329=EDGE_CURVE('',#1034,#1035,#571,.T.);
#1330=EDGE_CURVE('',#1034,#1026,#108,.T.);
#1331=EDGE_CURVE('',#1036,#1035,#109,.T.);
#1332=EDGE_CURVE('',#1033,#1036,#572,.T.);
#1333=EDGE_CURVE('',#1037,#1032,#573,.T.);
#1334=EDGE_CURVE('',#1028,#1037,#110,.T.);
#1335=EDGE_CURVE('',#1038,#1039,#111,.T.);
#1336=EDGE_CURVE('',#1038,#1040,#574,.T.);
#1337=EDGE_CURVE('',#1041,#1040,#112,.T.);
#1338=EDGE_CURVE('',#1039,#1041,#575,.T.);
#1339=EDGE_CURVE('',#1042,#1038,#576,.T.);
#1340=EDGE_CURVE('',#1042,#1043,#577,.T.);
#1341=EDGE_CURVE('',#1040,#1043,#578,.T.);
#1342=EDGE_CURVE('',#1039,#1044,#579,.T.);
#1343=EDGE_CURVE('',#1045,#1041,#580,.T.);
#1344=EDGE_CURVE('',#1044,#1045,#581,.T.);
#1345=EDGE_CURVE('',#1044,#1042,#113,.T.);
#1346=EDGE_CURVE('',#1046,#1045,#114,.T.);
#1347=EDGE_CURVE('',#1047,#1046,#582,.T.);
#1348=EDGE_CURVE('',#1047,#1048,#115,.T.);
#1349=EDGE_CURVE('',#1049,#1048,#583,.T.);
#1350=EDGE_CURVE('',#1043,#1049,#116,.T.);
#1351=EDGE_CURVE('',#1050,#1047,#584,.T.);
#1352=EDGE_CURVE('',#1048,#1050,#117,.T.);
#1353=EDGE_CURVE('',#948,#1051,#118,.T.);
#1354=EDGE_CURVE('',#1052,#1051,#585,.T.);
#1355=EDGE_CURVE('',#1053,#1052,#119,.T.);
#1356=EDGE_CURVE('',#1053,#1054,#586,.T.);
#1357=EDGE_CURVE('',#1054,#942,#120,.T.);
#1358=EDGE_CURVE('',#1055,#947,#121,.T.);
#1359=EDGE_CURVE('',#1051,#1055,#587,.T.);
#1360=EDGE_CURVE('',#976,#901,#588,.T.);
#1361=EDGE_CURVE('',#1024,#977,#589,.T.);
#1362=EDGE_CURVE('',#1000,#1025,#590,.T.);
#1363=EDGE_CURVE('',#912,#1001,#591,.T.);
#1364=EDGE_CURVE('',#1046,#913,#592,.T.);
#1365=EDGE_CURVE('',#951,#1049,#122,.T.);
#1366=EDGE_CURVE('',#1056,#1054,#593,.T.);
#1367=EDGE_CURVE('',#1057,#1056,#123,.T.);
#1368=EDGE_CURVE('',#1057,#1058,#124,.T.);
#1369=EDGE_CURVE('',#1058,#1059,#125,.T.);
#1370=EDGE_CURVE('',#1060,#1059,#126,.T.);
#1371=EDGE_CURVE('',#1061,#1060,#594,.T.);
#1372=EDGE_CURVE('',#1012,#1061,#595,.T.);
#1373=EDGE_CURVE('',#988,#1013,#596,.T.);
#1374=EDGE_CURVE('',#924,#989,#597,.T.);
#1375=EDGE_CURVE('',#936,#925,#598,.T.);
#1376=EDGE_CURVE('',#1036,#937,#599,.T.);
#1377=EDGE_CURVE('',#964,#1037,#600,.T.);
#1378=EDGE_CURVE('',#900,#965,#601,.T.);
#1379=EDGE_CURVE('',#1062,#1063,#602,.T.);
#1380=EDGE_CURVE('',#1063,#1064,#127,.T.);
#1381=EDGE_CURVE('',#1064,#1065,#603,.T.);
#1382=EDGE_CURVE('',#1065,#1062,#128,.T.);
#1383=EDGE_CURVE('',#1066,#1061,#604,.T.);
#1384=EDGE_CURVE('',#1067,#1066,#605,.T.);
#1385=EDGE_CURVE('',#1067,#1050,#606,.T.);
#1386=EDGE_CURVE('',#1068,#1064,#607,.T.);
#1387=EDGE_CURVE('',#1069,#1068,#608,.T.);
#1388=EDGE_CURVE('',#1069,#1065,#609,.T.);
#1389=EDGE_CURVE('',#1070,#1069,#129,.T.);
#1390=EDGE_CURVE('',#1070,#1062,#610,.T.);
#1391=EDGE_CURVE('',#1071,#1070,#611,.T.);
#1392=EDGE_CURVE('',#1071,#1063,#612,.T.);
#1393=EDGE_CURVE('',#1068,#1071,#130,.T.);
#1394=EDGE_CURVE('',#1072,#1073,#131,.T.);
#1395=EDGE_CURVE('',#1073,#1072,#132,.T.);
#1396=EDGE_CURVE('',#1074,#1074,#133,.T.);
#1397=EDGE_CURVE('',#1074,#1058,#613,.T.);
#1398=EDGE_CURVE('',#1073,#1057,#614,.T.);
#1399=EDGE_CURVE('',#1059,#1072,#615,.T.);
#1400=EDGE_CURVE('',#1075,#1056,#616,.T.);
#1401=EDGE_CURVE('',#1076,#1075,#134,.T.);
#1402=EDGE_CURVE('',#1076,#1060,#617,.T.);
#1403=EDGE_CURVE('',#1066,#1076,#618,.T.);
#1404=EDGE_CURVE('',#1077,#1067,#135,.T.);
#1405=EDGE_CURVE('',#1077,#1055,#619,.T.);
#1406=EDGE_CURVE('',#1052,#1077,#620,.T.);
#1407=EDGE_CURVE('',#1075,#1053,#621,.T.);
#1408=EDGE_CURVE('',#1078,#1079,#136,.T.);
#1409=EDGE_CURVE('',#1079,#1080,#622,.T.);
#1410=EDGE_CURVE('',#1081,#1080,#137,.T.);
#1411=EDGE_CURVE('',#1078,#1081,#623,.T.);
#1412=EDGE_CURVE('',#1078,#1082,#624,.T.);
#1413=EDGE_CURVE('',#1083,#1081,#625,.T.);
#1414=EDGE_CURVE('',#1082,#1083,#626,.T.);
#1415=EDGE_CURVE('',#1084,#1082,#138,.T.);
#1416=EDGE_CURVE('',#1085,#1083,#139,.T.);
#1417=EDGE_CURVE('',#1084,#1085,#627,.T.);
#1418=EDGE_CURVE('',#1086,#1084,#628,.T.);
#1419=EDGE_CURVE('',#1087,#1085,#629,.T.);
#1420=EDGE_CURVE('',#1086,#1087,#630,.T.);
#1421=EDGE_CURVE('',#1088,#1086,#140,.T.);
#1422=EDGE_CURVE('',#1089,#1087,#141,.T.);
#1423=EDGE_CURVE('',#1088,#1089,#631,.T.);
#1424=EDGE_CURVE('',#1079,#1088,#632,.T.);
#1425=EDGE_CURVE('',#1080,#1089,#633,.T.);
#1426=ORIENTED_EDGE('',*,*,#1090,.F.);
#1427=ORIENTED_EDGE('',*,*,#1091,.F.);
#1428=ORIENTED_EDGE('',*,*,#1092,.F.);
#1429=ORIENTED_EDGE('',*,*,#1093,.T.);
#1430=ORIENTED_EDGE('',*,*,#1094,.F.);
#1431=ORIENTED_EDGE('',*,*,#1093,.F.);
#1432=ORIENTED_EDGE('',*,*,#1095,.F.);
#1433=ORIENTED_EDGE('',*,*,#1096,.T.);
#1434=ORIENTED_EDGE('',*,*,#1097,.F.);
#1435=ORIENTED_EDGE('',*,*,#1096,.F.);
#1436=ORIENTED_EDGE('',*,*,#1098,.F.);
#1437=ORIENTED_EDGE('',*,*,#1099,.T.);
#1438=ORIENTED_EDGE('',*,*,#1100,.F.);
#1439=ORIENTED_EDGE('',*,*,#1099,.F.);
#1440=ORIENTED_EDGE('',*,*,#1101,.F.);
#1441=ORIENTED_EDGE('',*,*,#1091,.T.);
#1442=ORIENTED_EDGE('',*,*,#1102,.F.);
#1443=ORIENTED_EDGE('',*,*,#1103,.F.);
#1444=ORIENTED_EDGE('',*,*,#1104,.F.);
#1445=ORIENTED_EDGE('',*,*,#1105,.T.);
#1446=ORIENTED_EDGE('',*,*,#1106,.F.);
#1447=ORIENTED_EDGE('',*,*,#1105,.F.);
#1448=ORIENTED_EDGE('',*,*,#1107,.F.);
#1449=ORIENTED_EDGE('',*,*,#1108,.T.);
#1450=ORIENTED_EDGE('',*,*,#1109,.F.);
#1451=ORIENTED_EDGE('',*,*,#1108,.F.);
#1452=ORIENTED_EDGE('',*,*,#1110,.F.);
#1453=ORIENTED_EDGE('',*,*,#1111,.T.);
#1454=ORIENTED_EDGE('',*,*,#1112,.F.);
#1455=ORIENTED_EDGE('',*,*,#1111,.F.);
#1456=ORIENTED_EDGE('',*,*,#1113,.F.);
#1457=ORIENTED_EDGE('',*,*,#1103,.T.);
#1458=ORIENTED_EDGE('',*,*,#1114,.F.);
#1459=ORIENTED_EDGE('',*,*,#1115,.F.);
#1460=ORIENTED_EDGE('',*,*,#1116,.F.);
#1461=ORIENTED_EDGE('',*,*,#1117,.T.);
#1462=ORIENTED_EDGE('',*,*,#1118,.F.);
#1463=ORIENTED_EDGE('',*,*,#1117,.F.);
#1464=ORIENTED_EDGE('',*,*,#1119,.F.);
#1465=ORIENTED_EDGE('',*,*,#1120,.T.);
#1466=ORIENTED_EDGE('',*,*,#1121,.F.);
#1467=ORIENTED_EDGE('',*,*,#1120,.F.);
#1468=ORIENTED_EDGE('',*,*,#1122,.F.);
#1469=ORIENTED_EDGE('',*,*,#1123,.T.);
#1470=ORIENTED_EDGE('',*,*,#1124,.F.);
#1471=ORIENTED_EDGE('',*,*,#1123,.F.);
#1472=ORIENTED_EDGE('',*,*,#1125,.F.);
#1473=ORIENTED_EDGE('',*,*,#1115,.T.);
#1474=ORIENTED_EDGE('',*,*,#1126,.F.);
#1475=ORIENTED_EDGE('',*,*,#1127,.T.);
#1476=ORIENTED_EDGE('',*,*,#1128,.F.);
#1477=ORIENTED_EDGE('',*,*,#1129,.F.);
#1478=ORIENTED_EDGE('',*,*,#1130,.F.);
#1479=ORIENTED_EDGE('',*,*,#1129,.T.);
#1480=ORIENTED_EDGE('',*,*,#1131,.F.);
#1481=ORIENTED_EDGE('',*,*,#1132,.F.);
#1482=ORIENTED_EDGE('',*,*,#1133,.F.);
#1483=ORIENTED_EDGE('',*,*,#1134,.F.);
#1484=ORIENTED_EDGE('',*,*,#1135,.F.);
#1485=ORIENTED_EDGE('',*,*,#1132,.T.);
#1486=ORIENTED_EDGE('',*,*,#1136,.F.);
#1487=ORIENTED_EDGE('',*,*,#1137,.F.);
#1488=ORIENTED_EDGE('',*,*,#1138,.F.);
#1489=ORIENTED_EDGE('',*,*,#1137,.T.);
#1490=ORIENTED_EDGE('',*,*,#1139,.F.);
#1491=ORIENTED_EDGE('',*,*,#1140,.F.);
#1492=ORIENTED_EDGE('',*,*,#1134,.T.);
#1493=ORIENTED_EDGE('',*,*,#1141,.F.);
#1494=ORIENTED_EDGE('',*,*,#1142,.F.);
#1495=ORIENTED_EDGE('',*,*,#1127,.F.);
#1496=ORIENTED_EDGE('',*,*,#1143,.F.);
#1497=ORIENTED_EDGE('',*,*,#1144,.T.);
#1498=ORIENTED_EDGE('',*,*,#1145,.F.);
#1499=ORIENTED_EDGE('',*,*,#1146,.F.);
#1500=ORIENTED_EDGE('',*,*,#1147,.F.);
#1501=ORIENTED_EDGE('',*,*,#1146,.T.);
#1502=ORIENTED_EDGE('',*,*,#1148,.F.);
#1503=ORIENTED_EDGE('',*,*,#1149,.F.);
#1504=ORIENTED_EDGE('',*,*,#1150,.F.);
#1505=ORIENTED_EDGE('',*,*,#1151,.F.);
#1506=ORIENTED_EDGE('',*,*,#1152,.F.);
#1507=ORIENTED_EDGE('',*,*,#1149,.T.);
#1508=ORIENTED_EDGE('',*,*,#1153,.F.);
#1509=ORIENTED_EDGE('',*,*,#1154,.F.);
#1510=ORIENTED_EDGE('',*,*,#1155,.F.);
#1511=ORIENTED_EDGE('',*,*,#1154,.T.);
#1512=ORIENTED_EDGE('',*,*,#1156,.F.);
#1513=ORIENTED_EDGE('',*,*,#1157,.F.);
#1514=ORIENTED_EDGE('',*,*,#1151,.T.);
#1515=ORIENTED_EDGE('',*,*,#1158,.F.);
#1516=ORIENTED_EDGE('',*,*,#1159,.F.);
#1517=ORIENTED_EDGE('',*,*,#1144,.F.);
#1518=ORIENTED_EDGE('',*,*,#1160,.F.);
#1519=ORIENTED_EDGE('',*,*,#1161,.T.);
#1520=ORIENTED_EDGE('',*,*,#1162,.F.);
#1521=ORIENTED_EDGE('',*,*,#1163,.F.);
#1522=ORIENTED_EDGE('',*,*,#1164,.F.);
#1523=ORIENTED_EDGE('',*,*,#1163,.T.);
#1524=ORIENTED_EDGE('',*,*,#1165,.F.);
#1525=ORIENTED_EDGE('',*,*,#1166,.F.);
#1526=ORIENTED_EDGE('',*,*,#1167,.F.);
#1527=ORIENTED_EDGE('',*,*,#1168,.F.);
#1528=ORIENTED_EDGE('',*,*,#1169,.F.);
#1529=ORIENTED_EDGE('',*,*,#1166,.T.);
#1530=ORIENTED_EDGE('',*,*,#1170,.F.);
#1531=ORIENTED_EDGE('',*,*,#1171,.F.);
#1532=ORIENTED_EDGE('',*,*,#1172,.F.);
#1533=ORIENTED_EDGE('',*,*,#1171,.T.);
#1534=ORIENTED_EDGE('',*,*,#1173,.F.);
#1535=ORIENTED_EDGE('',*,*,#1174,.F.);
#1536=ORIENTED_EDGE('',*,*,#1168,.T.);
#1537=ORIENTED_EDGE('',*,*,#1175,.F.);
#1538=ORIENTED_EDGE('',*,*,#1176,.F.);
#1539=ORIENTED_EDGE('',*,*,#1161,.F.);
#1540=ORIENTED_EDGE('',*,*,#1177,.F.);
#1541=ORIENTED_EDGE('',*,*,#1178,.T.);
#1542=ORIENTED_EDGE('',*,*,#1179,.F.);
#1543=ORIENTED_EDGE('',*,*,#1180,.F.);
#1544=ORIENTED_EDGE('',*,*,#1181,.F.);
#1545=ORIENTED_EDGE('',*,*,#1180,.T.);
#1546=ORIENTED_EDGE('',*,*,#1182,.F.);
#1547=ORIENTED_EDGE('',*,*,#1183,.F.);
#1548=ORIENTED_EDGE('',*,*,#1184,.F.);
#1549=ORIENTED_EDGE('',*,*,#1185,.F.);
#1550=ORIENTED_EDGE('',*,*,#1186,.F.);
#1551=ORIENTED_EDGE('',*,*,#1183,.T.);
#1552=ORIENTED_EDGE('',*,*,#1187,.F.);
#1553=ORIENTED_EDGE('',*,*,#1188,.F.);
#1554=ORIENTED_EDGE('',*,*,#1189,.F.);
#1555=ORIENTED_EDGE('',*,*,#1188,.T.);
#1556=ORIENTED_EDGE('',*,*,#1190,.F.);
#1557=ORIENTED_EDGE('',*,*,#1191,.F.);
#1558=ORIENTED_EDGE('',*,*,#1185,.T.);
#1559=ORIENTED_EDGE('',*,*,#1192,.F.);
#1560=ORIENTED_EDGE('',*,*,#1193,.F.);
#1561=ORIENTED_EDGE('',*,*,#1178,.F.);
#1562=ORIENTED_EDGE('',*,*,#1194,.F.);
#1563=ORIENTED_EDGE('',*,*,#1195,.T.);
#1564=ORIENTED_EDGE('',*,*,#1196,.T.);
#1565=ORIENTED_EDGE('',*,*,#1197,.F.);
#1566=ORIENTED_EDGE('',*,*,#1198,.F.);
#1567=ORIENTED_EDGE('',*,*,#1199,.F.);
#1568=ORIENTED_EDGE('',*,*,#1200,.F.);
#1569=ORIENTED_EDGE('',*,*,#1201,.T.);
#1570=ORIENTED_EDGE('',*,*,#1202,.T.);
#1571=ORIENTED_EDGE('',*,*,#1203,.F.);
#1572=ORIENTED_EDGE('',*,*,#1204,.F.);
#1573=ORIENTED_EDGE('',*,*,#1205,.F.);
#1574=ORIENTED_EDGE('',*,*,#1206,.T.);
#1575=ORIENTED_EDGE('',*,*,#1195,.F.);
#1576=ORIENTED_EDGE('',*,*,#1207,.F.);
#1577=ORIENTED_EDGE('',*,*,#1196,.F.);
#1578=ORIENTED_EDGE('',*,*,#1206,.F.);
#1579=ORIENTED_EDGE('',*,*,#1208,.F.);
#1580=ORIENTED_EDGE('',*,*,#1199,.T.);
#1581=ORIENTED_EDGE('',*,*,#1209,.F.);
#1582=ORIENTED_EDGE('',*,*,#1210,.F.);
#1583=ORIENTED_EDGE('',*,*,#1211,.T.);
#1584=ORIENTED_EDGE('',*,*,#1212,.F.);
#1585=ORIENTED_EDGE('',*,*,#1213,.F.);
#1586=ORIENTED_EDGE('',*,*,#1212,.T.);
#1587=ORIENTED_EDGE('',*,*,#1214,.T.);
#1588=ORIENTED_EDGE('',*,*,#1201,.F.);
#1589=ORIENTED_EDGE('',*,*,#1215,.F.);
#1590=ORIENTED_EDGE('',*,*,#1202,.F.);
#1591=ORIENTED_EDGE('',*,*,#1214,.F.);
#1592=ORIENTED_EDGE('',*,*,#1211,.F.);
#1593=ORIENTED_EDGE('',*,*,#1216,.F.);
#1594=ORIENTED_EDGE('',*,*,#1217,.T.);
#1595=ORIENTED_EDGE('',*,*,#1218,.F.);
#1596=ORIENTED_EDGE('',*,*,#1219,.F.);
#1597=ORIENTED_EDGE('',*,*,#1220,.F.);
#1598=ORIENTED_EDGE('',*,*,#1219,.T.);
#1599=ORIENTED_EDGE('',*,*,#1221,.F.);
#1600=ORIENTED_EDGE('',*,*,#1222,.F.);
#1601=ORIENTED_EDGE('',*,*,#1223,.F.);
#1602=ORIENTED_EDGE('',*,*,#1224,.F.);
#1603=ORIENTED_EDGE('',*,*,#1225,.F.);
#1604=ORIENTED_EDGE('',*,*,#1222,.T.);
#1605=ORIENTED_EDGE('',*,*,#1226,.F.);
#1606=ORIENTED_EDGE('',*,*,#1227,.F.);
#1607=ORIENTED_EDGE('',*,*,#1228,.F.);
#1608=ORIENTED_EDGE('',*,*,#1227,.T.);
#1609=ORIENTED_EDGE('',*,*,#1229,.F.);
#1610=ORIENTED_EDGE('',*,*,#1230,.F.);
#1611=ORIENTED_EDGE('',*,*,#1224,.T.);
#1612=ORIENTED_EDGE('',*,*,#1231,.F.);
#1613=ORIENTED_EDGE('',*,*,#1232,.F.);
#1614=ORIENTED_EDGE('',*,*,#1217,.F.);
#1615=ORIENTED_EDGE('',*,*,#1233,.F.);
#1616=ORIENTED_EDGE('',*,*,#1234,.T.);
#1617=ORIENTED_EDGE('',*,*,#1235,.F.);
#1618=ORIENTED_EDGE('',*,*,#1236,.F.);
#1619=ORIENTED_EDGE('',*,*,#1237,.F.);
#1620=ORIENTED_EDGE('',*,*,#1236,.T.);
#1621=ORIENTED_EDGE('',*,*,#1238,.F.);
#1622=ORIENTED_EDGE('',*,*,#1239,.F.);
#1623=ORIENTED_EDGE('',*,*,#1240,.F.);
#1624=ORIENTED_EDGE('',*,*,#1241,.F.);
#1625=ORIENTED_EDGE('',*,*,#1242,.F.);
#1626=ORIENTED_EDGE('',*,*,#1239,.T.);
#1627=ORIENTED_EDGE('',*,*,#1243,.F.);
#1628=ORIENTED_EDGE('',*,*,#1244,.F.);
#1629=ORIENTED_EDGE('',*,*,#1245,.F.);
#1630=ORIENTED_EDGE('',*,*,#1244,.T.);
#1631=ORIENTED_EDGE('',*,*,#1246,.F.);
#1632=ORIENTED_EDGE('',*,*,#1247,.F.);
#1633=ORIENTED_EDGE('',*,*,#1241,.T.);
#1634=ORIENTED_EDGE('',*,*,#1248,.F.);
#1635=ORIENTED_EDGE('',*,*,#1249,.F.);
#1636=ORIENTED_EDGE('',*,*,#1234,.F.);
#1637=ORIENTED_EDGE('',*,*,#1250,.F.);
#1638=ORIENTED_EDGE('',*,*,#1251,.T.);
#1639=ORIENTED_EDGE('',*,*,#1252,.F.);
#1640=ORIENTED_EDGE('',*,*,#1253,.F.);
#1641=ORIENTED_EDGE('',*,*,#1254,.F.);
#1642=ORIENTED_EDGE('',*,*,#1253,.T.);
#1643=ORIENTED_EDGE('',*,*,#1255,.F.);
#1644=ORIENTED_EDGE('',*,*,#1256,.F.);
#1645=ORIENTED_EDGE('',*,*,#1257,.F.);
#1646=ORIENTED_EDGE('',*,*,#1258,.F.);
#1647=ORIENTED_EDGE('',*,*,#1259,.F.);
#1648=ORIENTED_EDGE('',*,*,#1256,.T.);
#1649=ORIENTED_EDGE('',*,*,#1260,.F.);
#1650=ORIENTED_EDGE('',*,*,#1261,.F.);
#1651=ORIENTED_EDGE('',*,*,#1262,.F.);
#1652=ORIENTED_EDGE('',*,*,#1261,.T.);
#1653=ORIENTED_EDGE('',*,*,#1263,.F.);
#1654=ORIENTED_EDGE('',*,*,#1264,.F.);
#1655=ORIENTED_EDGE('',*,*,#1258,.T.);
#1656=ORIENTED_EDGE('',*,*,#1265,.F.);
#1657=ORIENTED_EDGE('',*,*,#1266,.F.);
#1658=ORIENTED_EDGE('',*,*,#1251,.F.);
#1659=ORIENTED_EDGE('',*,*,#1267,.F.);
#1660=ORIENTED_EDGE('',*,*,#1268,.T.);
#1661=ORIENTED_EDGE('',*,*,#1269,.F.);
#1662=ORIENTED_EDGE('',*,*,#1270,.F.);
#1663=ORIENTED_EDGE('',*,*,#1271,.F.);
#1664=ORIENTED_EDGE('',*,*,#1270,.T.);
#1665=ORIENTED_EDGE('',*,*,#1272,.F.);
#1666=ORIENTED_EDGE('',*,*,#1273,.F.);
#1667=ORIENTED_EDGE('',*,*,#1274,.F.);
#1668=ORIENTED_EDGE('',*,*,#1275,.F.);
#1669=ORIENTED_EDGE('',*,*,#1276,.F.);
#1670=ORIENTED_EDGE('',*,*,#1273,.T.);
#1671=ORIENTED_EDGE('',*,*,#1277,.F.);
#1672=ORIENTED_EDGE('',*,*,#1278,.F.);
#1673=ORIENTED_EDGE('',*,*,#1279,.F.);
#1674=ORIENTED_EDGE('',*,*,#1278,.T.);
#1675=ORIENTED_EDGE('',*,*,#1280,.F.);
#1676=ORIENTED_EDGE('',*,*,#1281,.F.);
#1677=ORIENTED_EDGE('',*,*,#1275,.T.);
#1678=ORIENTED_EDGE('',*,*,#1282,.F.);
#1679=ORIENTED_EDGE('',*,*,#1283,.F.);
#1680=ORIENTED_EDGE('',*,*,#1268,.F.);
#1681=ORIENTED_EDGE('',*,*,#1284,.F.);
#1682=ORIENTED_EDGE('',*,*,#1285,.T.);
#1683=ORIENTED_EDGE('',*,*,#1286,.F.);
#1684=ORIENTED_EDGE('',*,*,#1287,.F.);
#1685=ORIENTED_EDGE('',*,*,#1288,.F.);
#1686=ORIENTED_EDGE('',*,*,#1287,.T.);
#1687=ORIENTED_EDGE('',*,*,#1289,.F.);
#1688=ORIENTED_EDGE('',*,*,#1290,.F.);
#1689=ORIENTED_EDGE('',*,*,#1291,.F.);
#1690=ORIENTED_EDGE('',*,*,#1292,.F.);
#1691=ORIENTED_EDGE('',*,*,#1293,.F.);
#1692=ORIENTED_EDGE('',*,*,#1290,.T.);
#1693=ORIENTED_EDGE('',*,*,#1294,.F.);
#1694=ORIENTED_EDGE('',*,*,#1295,.F.);
#1695=ORIENTED_EDGE('',*,*,#1296,.F.);
#1696=ORIENTED_EDGE('',*,*,#1295,.T.);
#1697=ORIENTED_EDGE('',*,*,#1297,.F.);
#1698=ORIENTED_EDGE('',*,*,#1298,.F.);
#1699=ORIENTED_EDGE('',*,*,#1292,.T.);
#1700=ORIENTED_EDGE('',*,*,#1299,.F.);
#1701=ORIENTED_EDGE('',*,*,#1300,.F.);
#1702=ORIENTED_EDGE('',*,*,#1285,.F.);
#1703=ORIENTED_EDGE('',*,*,#1301,.F.);
#1704=ORIENTED_EDGE('',*,*,#1302,.T.);
#1705=ORIENTED_EDGE('',*,*,#1303,.F.);
#1706=ORIENTED_EDGE('',*,*,#1304,.F.);
#1707=ORIENTED_EDGE('',*,*,#1305,.F.);
#1708=ORIENTED_EDGE('',*,*,#1304,.T.);
#1709=ORIENTED_EDGE('',*,*,#1306,.F.);
#1710=ORIENTED_EDGE('',*,*,#1307,.F.);
#1711=ORIENTED_EDGE('',*,*,#1308,.F.);
#1712=ORIENTED_EDGE('',*,*,#1309,.F.);
#1713=ORIENTED_EDGE('',*,*,#1310,.F.);
#1714=ORIENTED_EDGE('',*,*,#1307,.T.);
#1715=ORIENTED_EDGE('',*,*,#1311,.F.);
#1716=ORIENTED_EDGE('',*,*,#1312,.F.);
#1717=ORIENTED_EDGE('',*,*,#1313,.F.);
#1718=ORIENTED_EDGE('',*,*,#1312,.T.);
#1719=ORIENTED_EDGE('',*,*,#1314,.F.);
#1720=ORIENTED_EDGE('',*,*,#1315,.F.);
#1721=ORIENTED_EDGE('',*,*,#1309,.T.);
#1722=ORIENTED_EDGE('',*,*,#1316,.F.);
#1723=ORIENTED_EDGE('',*,*,#1317,.F.);
#1724=ORIENTED_EDGE('',*,*,#1302,.F.);
#1725=ORIENTED_EDGE('',*,*,#1318,.F.);
#1726=ORIENTED_EDGE('',*,*,#1319,.T.);
#1727=ORIENTED_EDGE('',*,*,#1320,.F.);
#1728=ORIENTED_EDGE('',*,*,#1321,.F.);
#1729=ORIENTED_EDGE('',*,*,#1322,.F.);
#1730=ORIENTED_EDGE('',*,*,#1321,.T.);
#1731=ORIENTED_EDGE('',*,*,#1323,.F.);
#1732=ORIENTED_EDGE('',*,*,#1324,.F.);
#1733=ORIENTED_EDGE('',*,*,#1325,.F.);
#1734=ORIENTED_EDGE('',*,*,#1326,.F.);
#1735=ORIENTED_EDGE('',*,*,#1327,.F.);
#1736=ORIENTED_EDGE('',*,*,#1324,.T.);
#1737=ORIENTED_EDGE('',*,*,#1328,.F.);
#1738=ORIENTED_EDGE('',*,*,#1329,.F.);
#1739=ORIENTED_EDGE('',*,*,#1330,.F.);
#1740=ORIENTED_EDGE('',*,*,#1329,.T.);
#1741=ORIENTED_EDGE('',*,*,#1331,.F.);
#1742=ORIENTED_EDGE('',*,*,#1332,.F.);
#1743=ORIENTED_EDGE('',*,*,#1326,.T.);
#1744=ORIENTED_EDGE('',*,*,#1333,.F.);
#1745=ORIENTED_EDGE('',*,*,#1334,.F.);
#1746=ORIENTED_EDGE('',*,*,#1319,.F.);
#1747=ORIENTED_EDGE('',*,*,#1335,.F.);
#1748=ORIENTED_EDGE('',*,*,#1336,.T.);
#1749=ORIENTED_EDGE('',*,*,#1337,.F.);
#1750=ORIENTED_EDGE('',*,*,#1338,.F.);
#1751=ORIENTED_EDGE('',*,*,#1339,.F.);
#1752=ORIENTED_EDGE('',*,*,#1340,.T.);
#1753=ORIENTED_EDGE('',*,*,#1341,.F.);
#1754=ORIENTED_EDGE('',*,*,#1336,.F.);
#1755=ORIENTED_EDGE('',*,*,#1342,.F.);
#1756=ORIENTED_EDGE('',*,*,#1338,.T.);
#1757=ORIENTED_EDGE('',*,*,#1343,.F.);
#1758=ORIENTED_EDGE('',*,*,#1344,.F.);
#1759=ORIENTED_EDGE('',*,*,#1345,.F.);
#1760=ORIENTED_EDGE('',*,*,#1344,.T.);
#1761=ORIENTED_EDGE('',*,*,#1346,.F.);
#1762=ORIENTED_EDGE('',*,*,#1347,.F.);
#1763=ORIENTED_EDGE('',*,*,#1348,.T.);
#1764=ORIENTED_EDGE('',*,*,#1349,.F.);
#1765=ORIENTED_EDGE('',*,*,#1350,.F.);
#1766=ORIENTED_EDGE('',*,*,#1340,.F.);
#1767=ORIENTED_EDGE('',*,*,#1351,.F.);
#1768=ORIENTED_EDGE('',*,*,#1352,.F.);
#1769=ORIENTED_EDGE('',*,*,#1348,.F.);
#1770=ORIENTED_EDGE('',*,*,#1197,.T.);
#1771=ORIENTED_EDGE('',*,*,#1207,.T.);
#1772=ORIENTED_EDGE('',*,*,#1205,.T.);
#1773=ORIENTED_EDGE('',*,*,#1353,.T.);
#1774=ORIENTED_EDGE('',*,*,#1354,.F.);
#1775=ORIENTED_EDGE('',*,*,#1355,.F.);
#1776=ORIENTED_EDGE('',*,*,#1356,.T.);
#1777=ORIENTED_EDGE('',*,*,#1357,.T.);
#1778=ORIENTED_EDGE('',*,*,#1204,.T.);
#1779=ORIENTED_EDGE('',*,*,#1358,.F.);
#1780=ORIENTED_EDGE('',*,*,#1359,.F.);
#1781=ORIENTED_EDGE('',*,*,#1353,.F.);
#1782=ORIENTED_EDGE('',*,*,#1142,.T.);
#1783=ORIENTED_EDGE('',*,*,#1360,.F.);
#1784=ORIENTED_EDGE('',*,*,#1246,.T.);
#1785=ORIENTED_EDGE('',*,*,#1243,.T.);
#1786=ORIENTED_EDGE('',*,*,#1238,.T.);
#1787=ORIENTED_EDGE('',*,*,#1235,.T.);
#1788=ORIENTED_EDGE('',*,*,#1249,.T.);
#1789=ORIENTED_EDGE('',*,*,#1361,.F.);
#1790=ORIENTED_EDGE('',*,*,#1314,.T.);
#1791=ORIENTED_EDGE('',*,*,#1311,.T.);
#1792=ORIENTED_EDGE('',*,*,#1306,.T.);
#1793=ORIENTED_EDGE('',*,*,#1303,.T.);
#1794=ORIENTED_EDGE('',*,*,#1317,.T.);
#1795=ORIENTED_EDGE('',*,*,#1362,.F.);
#1796=ORIENTED_EDGE('',*,*,#1280,.T.);
#1797=ORIENTED_EDGE('',*,*,#1277,.T.);
#1798=ORIENTED_EDGE('',*,*,#1272,.T.);
#1799=ORIENTED_EDGE('',*,*,#1269,.T.);
#1800=ORIENTED_EDGE('',*,*,#1283,.T.);
#1801=ORIENTED_EDGE('',*,*,#1363,.F.);
#1802=ORIENTED_EDGE('',*,*,#1156,.T.);
#1803=ORIENTED_EDGE('',*,*,#1153,.T.);
#1804=ORIENTED_EDGE('',*,*,#1148,.T.);
#1805=ORIENTED_EDGE('',*,*,#1145,.T.);
#1806=ORIENTED_EDGE('',*,*,#1159,.T.);
#1807=ORIENTED_EDGE('',*,*,#1364,.F.);
#1808=ORIENTED_EDGE('',*,*,#1346,.T.);
#1809=ORIENTED_EDGE('',*,*,#1343,.T.);
#1810=ORIENTED_EDGE('',*,*,#1337,.T.);
#1811=ORIENTED_EDGE('',*,*,#1341,.T.);
#1812=ORIENTED_EDGE('',*,*,#1350,.T.);
#1813=ORIENTED_EDGE('',*,*,#1365,.F.);
#1814=ORIENTED_EDGE('',*,*,#1209,.T.);
#1815=ORIENTED_EDGE('',*,*,#1198,.T.);
#1816=ORIENTED_EDGE('',*,*,#1357,.F.);
#1817=ORIENTED_EDGE('',*,*,#1366,.F.);
#1818=ORIENTED_EDGE('',*,*,#1367,.F.);
#1819=ORIENTED_EDGE('',*,*,#1368,.T.);
#1820=ORIENTED_EDGE('',*,*,#1369,.T.);
#1821=ORIENTED_EDGE('',*,*,#1370,.F.);
#1822=ORIENTED_EDGE('',*,*,#1371,.F.);
#1823=ORIENTED_EDGE('',*,*,#1372,.F.);
#1824=ORIENTED_EDGE('',*,*,#1297,.T.);
#1825=ORIENTED_EDGE('',*,*,#1294,.T.);
#1826=ORIENTED_EDGE('',*,*,#1289,.T.);
#1827=ORIENTED_EDGE('',*,*,#1286,.T.);
#1828=ORIENTED_EDGE('',*,*,#1300,.T.);
#1829=ORIENTED_EDGE('',*,*,#1373,.F.);
#1830=ORIENTED_EDGE('',*,*,#1263,.T.);
#1831=ORIENTED_EDGE('',*,*,#1260,.T.);
#1832=ORIENTED_EDGE('',*,*,#1255,.T.);
#1833=ORIENTED_EDGE('',*,*,#1252,.T.);
#1834=ORIENTED_EDGE('',*,*,#1266,.T.);
#1835=ORIENTED_EDGE('',*,*,#1374,.F.);
#1836=ORIENTED_EDGE('',*,*,#1173,.T.);
#1837=ORIENTED_EDGE('',*,*,#1170,.T.);
#1838=ORIENTED_EDGE('',*,*,#1165,.T.);
#1839=ORIENTED_EDGE('',*,*,#1162,.T.);
#1840=ORIENTED_EDGE('',*,*,#1176,.T.);
#1841=ORIENTED_EDGE('',*,*,#1375,.F.);
#1842=ORIENTED_EDGE('',*,*,#1190,.T.);
#1843=ORIENTED_EDGE('',*,*,#1187,.T.);
#1844=ORIENTED_EDGE('',*,*,#1182,.T.);
#1845=ORIENTED_EDGE('',*,*,#1179,.T.);
#1846=ORIENTED_EDGE('',*,*,#1193,.T.);
#1847=ORIENTED_EDGE('',*,*,#1376,.F.);
#1848=ORIENTED_EDGE('',*,*,#1331,.T.);
#1849=ORIENTED_EDGE('',*,*,#1328,.T.);
#1850=ORIENTED_EDGE('',*,*,#1323,.T.);
#1851=ORIENTED_EDGE('',*,*,#1320,.T.);
#1852=ORIENTED_EDGE('',*,*,#1334,.T.);
#1853=ORIENTED_EDGE('',*,*,#1377,.F.);
#1854=ORIENTED_EDGE('',*,*,#1229,.T.);
#1855=ORIENTED_EDGE('',*,*,#1226,.T.);
#1856=ORIENTED_EDGE('',*,*,#1221,.T.);
#1857=ORIENTED_EDGE('',*,*,#1218,.T.);
#1858=ORIENTED_EDGE('',*,*,#1232,.T.);
#1859=ORIENTED_EDGE('',*,*,#1378,.F.);
#1860=ORIENTED_EDGE('',*,*,#1139,.T.);
#1861=ORIENTED_EDGE('',*,*,#1136,.T.);
#1862=ORIENTED_EDGE('',*,*,#1131,.T.);
#1863=ORIENTED_EDGE('',*,*,#1128,.T.);
#1864=ORIENTED_EDGE('',*,*,#1379,.T.);
#1865=ORIENTED_EDGE('',*,*,#1380,.T.);
#1866=ORIENTED_EDGE('',*,*,#1381,.T.);
#1867=ORIENTED_EDGE('',*,*,#1382,.T.);
#1868=ORIENTED_EDGE('',*,*,#1141,.T.);
#1869=ORIENTED_EDGE('',*,*,#1133,.T.);
#1870=ORIENTED_EDGE('',*,*,#1140,.T.);
#1871=ORIENTED_EDGE('',*,*,#1378,.T.);
#1872=ORIENTED_EDGE('',*,*,#1231,.T.);
#1873=ORIENTED_EDGE('',*,*,#1223,.T.);
#1874=ORIENTED_EDGE('',*,*,#1230,.T.);
#1875=ORIENTED_EDGE('',*,*,#1377,.T.);
#1876=ORIENTED_EDGE('',*,*,#1333,.T.);
#1877=ORIENTED_EDGE('',*,*,#1325,.T.);
#1878=ORIENTED_EDGE('',*,*,#1332,.T.);
#1879=ORIENTED_EDGE('',*,*,#1376,.T.);
#1880=ORIENTED_EDGE('',*,*,#1192,.T.);
#1881=ORIENTED_EDGE('',*,*,#1184,.T.);
#1882=ORIENTED_EDGE('',*,*,#1191,.T.);
#1883=ORIENTED_EDGE('',*,*,#1375,.T.);
#1884=ORIENTED_EDGE('',*,*,#1175,.T.);
#1885=ORIENTED_EDGE('',*,*,#1167,.T.);
#1886=ORIENTED_EDGE('',*,*,#1174,.T.);
#1887=ORIENTED_EDGE('',*,*,#1374,.T.);
#1888=ORIENTED_EDGE('',*,*,#1265,.T.);
#1889=ORIENTED_EDGE('',*,*,#1257,.T.);
#1890=ORIENTED_EDGE('',*,*,#1264,.T.);
#1891=ORIENTED_EDGE('',*,*,#1373,.T.);
#1892=ORIENTED_EDGE('',*,*,#1299,.T.);
#1893=ORIENTED_EDGE('',*,*,#1291,.T.);
#1894=ORIENTED_EDGE('',*,*,#1298,.T.);
#1895=ORIENTED_EDGE('',*,*,#1372,.T.);
#1896=ORIENTED_EDGE('',*,*,#1383,.F.);
#1897=ORIENTED_EDGE('',*,*,#1384,.F.);
#1898=ORIENTED_EDGE('',*,*,#1385,.T.);
#1899=ORIENTED_EDGE('',*,*,#1351,.T.);
#1900=ORIENTED_EDGE('',*,*,#1347,.T.);
#1901=ORIENTED_EDGE('',*,*,#1364,.T.);
#1902=ORIENTED_EDGE('',*,*,#1158,.T.);
#1903=ORIENTED_EDGE('',*,*,#1150,.T.);
#1904=ORIENTED_EDGE('',*,*,#1157,.T.);
#1905=ORIENTED_EDGE('',*,*,#1363,.T.);
#1906=ORIENTED_EDGE('',*,*,#1282,.T.);
#1907=ORIENTED_EDGE('',*,*,#1274,.T.);
#1908=ORIENTED_EDGE('',*,*,#1281,.T.);
#1909=ORIENTED_EDGE('',*,*,#1362,.T.);
#1910=ORIENTED_EDGE('',*,*,#1316,.T.);
#1911=ORIENTED_EDGE('',*,*,#1308,.T.);
#1912=ORIENTED_EDGE('',*,*,#1315,.T.);
#1913=ORIENTED_EDGE('',*,*,#1361,.T.);
#1914=ORIENTED_EDGE('',*,*,#1248,.T.);
#1915=ORIENTED_EDGE('',*,*,#1240,.T.);
#1916=ORIENTED_EDGE('',*,*,#1247,.T.);
#1917=ORIENTED_EDGE('',*,*,#1360,.T.);
#1918=ORIENTED_EDGE('',*,*,#1381,.F.);
#1919=ORIENTED_EDGE('',*,*,#1386,.F.);
#1920=ORIENTED_EDGE('',*,*,#1387,.F.);
#1921=ORIENTED_EDGE('',*,*,#1388,.T.);
#1922=ORIENTED_EDGE('',*,*,#1382,.F.);
#1923=ORIENTED_EDGE('',*,*,#1388,.F.);
#1924=ORIENTED_EDGE('',*,*,#1389,.F.);
#1925=ORIENTED_EDGE('',*,*,#1390,.T.);
#1926=ORIENTED_EDGE('',*,*,#1379,.F.);
#1927=ORIENTED_EDGE('',*,*,#1390,.F.);
#1928=ORIENTED_EDGE('',*,*,#1391,.F.);
#1929=ORIENTED_EDGE('',*,*,#1392,.T.);
#1930=ORIENTED_EDGE('',*,*,#1380,.F.);
#1931=ORIENTED_EDGE('',*,*,#1392,.F.);
#1932=ORIENTED_EDGE('',*,*,#1393,.F.);
#1933=ORIENTED_EDGE('',*,*,#1386,.T.);
#1934=ORIENTED_EDGE('',*,*,#1394,.F.);
#1935=ORIENTED_EDGE('',*,*,#1395,.F.);
#1936=ORIENTED_EDGE('',*,*,#1396,.F.);
#1937=ORIENTED_EDGE('',*,*,#1397,.T.);
#1938=ORIENTED_EDGE('',*,*,#1368,.F.);
#1939=ORIENTED_EDGE('',*,*,#1398,.F.);
#1940=ORIENTED_EDGE('',*,*,#1395,.T.);
#1941=ORIENTED_EDGE('',*,*,#1399,.F.);
#1942=ORIENTED_EDGE('',*,*,#1369,.F.);
#1943=ORIENTED_EDGE('',*,*,#1397,.F.);
#1944=ORIENTED_EDGE('',*,*,#1399,.T.);
#1945=ORIENTED_EDGE('',*,*,#1394,.T.);
#1946=ORIENTED_EDGE('',*,*,#1398,.T.);
#1947=ORIENTED_EDGE('',*,*,#1367,.T.);
#1948=ORIENTED_EDGE('',*,*,#1400,.F.);
#1949=ORIENTED_EDGE('',*,*,#1401,.F.);
#1950=ORIENTED_EDGE('',*,*,#1402,.T.);
#1951=ORIENTED_EDGE('',*,*,#1370,.T.);
#1952=ORIENTED_EDGE('',*,*,#1403,.F.);
#1953=ORIENTED_EDGE('',*,*,#1383,.T.);
#1954=ORIENTED_EDGE('',*,*,#1371,.T.);
#1955=ORIENTED_EDGE('',*,*,#1402,.F.);
#1956=ORIENTED_EDGE('',*,*,#1210,.T.);
#1957=ORIENTED_EDGE('',*,*,#1365,.T.);
#1958=ORIENTED_EDGE('',*,*,#1349,.T.);
#1959=ORIENTED_EDGE('',*,*,#1352,.T.);
#1960=ORIENTED_EDGE('',*,*,#1385,.F.);
#1961=ORIENTED_EDGE('',*,*,#1404,.F.);
#1962=ORIENTED_EDGE('',*,*,#1405,.T.);
#1963=ORIENTED_EDGE('',*,*,#1358,.T.);
#1964=ORIENTED_EDGE('',*,*,#1203,.T.);
#1965=ORIENTED_EDGE('',*,*,#1215,.T.);
#1966=ORIENTED_EDGE('',*,*,#1406,.F.);
#1967=ORIENTED_EDGE('',*,*,#1354,.T.);
#1968=ORIENTED_EDGE('',*,*,#1359,.T.);
#1969=ORIENTED_EDGE('',*,*,#1405,.F.);
#1970=ORIENTED_EDGE('',*,*,#1097,.T.);
#1971=ORIENTED_EDGE('',*,*,#1100,.T.);
#1972=ORIENTED_EDGE('',*,*,#1090,.T.);
#1973=ORIENTED_EDGE('',*,*,#1094,.T.);
#1974=ORIENTED_EDGE('',*,*,#1109,.T.);
#1975=ORIENTED_EDGE('',*,*,#1112,.T.);
#1976=ORIENTED_EDGE('',*,*,#1102,.T.);
#1977=ORIENTED_EDGE('',*,*,#1106,.T.);
#1978=ORIENTED_EDGE('',*,*,#1121,.T.);
#1979=ORIENTED_EDGE('',*,*,#1124,.T.);
#1980=ORIENTED_EDGE('',*,*,#1114,.T.);
#1981=ORIENTED_EDGE('',*,*,#1118,.T.);
#1982=ORIENTED_EDGE('',*,*,#1407,.F.);
#1983=ORIENTED_EDGE('',*,*,#1400,.T.);
#1984=ORIENTED_EDGE('',*,*,#1366,.T.);
#1985=ORIENTED_EDGE('',*,*,#1356,.F.);
#1986=ORIENTED_EDGE('',*,*,#1408,.T.);
#1987=ORIENTED_EDGE('',*,*,#1409,.T.);
#1988=ORIENTED_EDGE('',*,*,#1410,.F.);
#1989=ORIENTED_EDGE('',*,*,#1411,.F.);
#1990=ORIENTED_EDGE('',*,*,#1412,.F.);
#1991=ORIENTED_EDGE('',*,*,#1411,.T.);
#1992=ORIENTED_EDGE('',*,*,#1413,.F.);
#1993=ORIENTED_EDGE('',*,*,#1414,.F.);
#1994=ORIENTED_EDGE('',*,*,#1415,.T.);
#1995=ORIENTED_EDGE('',*,*,#1414,.T.);
#1996=ORIENTED_EDGE('',*,*,#1416,.F.);
#1997=ORIENTED_EDGE('',*,*,#1417,.F.);
#1998=ORIENTED_EDGE('',*,*,#1418,.T.);
#1999=ORIENTED_EDGE('',*,*,#1417,.T.);
#2000=ORIENTED_EDGE('',*,*,#1419,.F.);
#2001=ORIENTED_EDGE('',*,*,#1420,.F.);
#2002=ORIENTED_EDGE('',*,*,#1421,.T.);
#2003=ORIENTED_EDGE('',*,*,#1420,.T.);
#2004=ORIENTED_EDGE('',*,*,#1422,.F.);
#2005=ORIENTED_EDGE('',*,*,#1423,.F.);
#2006=ORIENTED_EDGE('',*,*,#1424,.T.);
#2007=ORIENTED_EDGE('',*,*,#1423,.T.);
#2008=ORIENTED_EDGE('',*,*,#1425,.F.);
#2009=ORIENTED_EDGE('',*,*,#1409,.F.);
#2010=ORIENTED_EDGE('',*,*,#1098,.T.);
#2011=ORIENTED_EDGE('',*,*,#1095,.T.);
#2012=ORIENTED_EDGE('',*,*,#1092,.T.);
#2013=ORIENTED_EDGE('',*,*,#1101,.T.);
#2014=ORIENTED_EDGE('',*,*,#1110,.T.);
#2015=ORIENTED_EDGE('',*,*,#1107,.T.);
#2016=ORIENTED_EDGE('',*,*,#1104,.T.);
#2017=ORIENTED_EDGE('',*,*,#1113,.T.);
#2018=ORIENTED_EDGE('',*,*,#1122,.T.);
#2019=ORIENTED_EDGE('',*,*,#1119,.T.);
#2020=ORIENTED_EDGE('',*,*,#1116,.T.);
#2021=ORIENTED_EDGE('',*,*,#1125,.T.);
#2022=ORIENTED_EDGE('',*,*,#1425,.T.);
#2023=ORIENTED_EDGE('',*,*,#1422,.T.);
#2024=ORIENTED_EDGE('',*,*,#1419,.T.);
#2025=ORIENTED_EDGE('',*,*,#1416,.T.);
#2026=ORIENTED_EDGE('',*,*,#1413,.T.);
#2027=ORIENTED_EDGE('',*,*,#1410,.T.);
#2028=ORIENTED_EDGE('',*,*,#1396,.T.);
#2029=ORIENTED_EDGE('',*,*,#1391,.T.);
#2030=ORIENTED_EDGE('',*,*,#1389,.T.);
#2031=ORIENTED_EDGE('',*,*,#1387,.T.);
#2032=ORIENTED_EDGE('',*,*,#1393,.T.);
#2033=ORIENTED_EDGE('',*,*,#1342,.T.);
#2034=ORIENTED_EDGE('',*,*,#1345,.T.);
#2035=ORIENTED_EDGE('',*,*,#1339,.T.);
#2036=ORIENTED_EDGE('',*,*,#1335,.T.);
#2037=ORIENTED_EDGE('',*,*,#1327,.T.);
#2038=ORIENTED_EDGE('',*,*,#1330,.T.);
#2039=ORIENTED_EDGE('',*,*,#1318,.T.);
#2040=ORIENTED_EDGE('',*,*,#1322,.T.);
#2041=ORIENTED_EDGE('',*,*,#1310,.T.);
#2042=ORIENTED_EDGE('',*,*,#1313,.T.);
#2043=ORIENTED_EDGE('',*,*,#1301,.T.);
#2044=ORIENTED_EDGE('',*,*,#1305,.T.);
#2045=ORIENTED_EDGE('',*,*,#1293,.T.);
#2046=ORIENTED_EDGE('',*,*,#1296,.T.);
#2047=ORIENTED_EDGE('',*,*,#1284,.T.);
#2048=ORIENTED_EDGE('',*,*,#1288,.T.);
#2049=ORIENTED_EDGE('',*,*,#1276,.T.);
#2050=ORIENTED_EDGE('',*,*,#1279,.T.);
#2051=ORIENTED_EDGE('',*,*,#1267,.T.);
#2052=ORIENTED_EDGE('',*,*,#1271,.T.);
#2053=ORIENTED_EDGE('',*,*,#1259,.T.);
#2054=ORIENTED_EDGE('',*,*,#1262,.T.);
#2055=ORIENTED_EDGE('',*,*,#1250,.T.);
#2056=ORIENTED_EDGE('',*,*,#1254,.T.);
#2057=ORIENTED_EDGE('',*,*,#1242,.T.);
#2058=ORIENTED_EDGE('',*,*,#1245,.T.);
#2059=ORIENTED_EDGE('',*,*,#1233,.T.);
#2060=ORIENTED_EDGE('',*,*,#1237,.T.);
#2061=ORIENTED_EDGE('',*,*,#1225,.T.);
#2062=ORIENTED_EDGE('',*,*,#1228,.T.);
#2063=ORIENTED_EDGE('',*,*,#1216,.T.);
#2064=ORIENTED_EDGE('',*,*,#1220,.T.);
#2065=ORIENTED_EDGE('',*,*,#1208,.T.);
#2066=ORIENTED_EDGE('',*,*,#1213,.T.);
#2067=ORIENTED_EDGE('',*,*,#1200,.T.);
#2068=ORIENTED_EDGE('',*,*,#1194,.T.);
#2069=ORIENTED_EDGE('',*,*,#1186,.T.);
#2070=ORIENTED_EDGE('',*,*,#1189,.T.);
#2071=ORIENTED_EDGE('',*,*,#1177,.T.);
#2072=ORIENTED_EDGE('',*,*,#1181,.T.);
#2073=ORIENTED_EDGE('',*,*,#1169,.T.);
#2074=ORIENTED_EDGE('',*,*,#1172,.T.);
#2075=ORIENTED_EDGE('',*,*,#1160,.T.);
#2076=ORIENTED_EDGE('',*,*,#1164,.T.);
#2077=ORIENTED_EDGE('',*,*,#1152,.T.);
#2078=ORIENTED_EDGE('',*,*,#1155,.T.);
#2079=ORIENTED_EDGE('',*,*,#1143,.T.);
#2080=ORIENTED_EDGE('',*,*,#1147,.T.);
#2081=ORIENTED_EDGE('',*,*,#1135,.T.);
#2082=ORIENTED_EDGE('',*,*,#1138,.T.);
#2083=ORIENTED_EDGE('',*,*,#1126,.T.);
#2084=ORIENTED_EDGE('',*,*,#1130,.T.);
#2085=ORIENTED_EDGE('',*,*,#1424,.F.);
#2086=ORIENTED_EDGE('',*,*,#1408,.F.);
#2087=ORIENTED_EDGE('',*,*,#1412,.T.);
#2088=ORIENTED_EDGE('',*,*,#1415,.F.);
#2089=ORIENTED_EDGE('',*,*,#1418,.F.);
#2090=ORIENTED_EDGE('',*,*,#1421,.F.);
#2091=ORIENTED_EDGE('',*,*,#1401,.T.);
#2092=ORIENTED_EDGE('',*,*,#1407,.T.);
#2093=ORIENTED_EDGE('',*,*,#1355,.T.);
#2094=ORIENTED_EDGE('',*,*,#1406,.T.);
#2095=ORIENTED_EDGE('',*,*,#1404,.T.);
#2096=ORIENTED_EDGE('',*,*,#1384,.T.);
#2097=ORIENTED_EDGE('',*,*,#1403,.T.);
#2098=PLANE('',#2279);
#2099=PLANE('',#2280);
#2100=PLANE('',#2281);
#2101=PLANE('',#2282);
#2102=PLANE('',#2283);
#2103=PLANE('',#2284);
#2104=PLANE('',#2285);
#2105=PLANE('',#2286);
#2106=PLANE('',#2287);
#2107=PLANE('',#2288);
#2108=PLANE('',#2289);
#2109=PLANE('',#2290);
#2110=PLANE('',#2291);
#2111=PLANE('',#2295);
#2112=PLANE('',#2297);
#2113=PLANE('',#2302);
#2114=PLANE('',#2306);
#2115=PLANE('',#2308);
#2116=PLANE('',#2313);
#2117=PLANE('',#2317);
#2118=PLANE('',#2319);
#2119=PLANE('',#2324);
#2120=PLANE('',#2328);
#2121=PLANE('',#2330);
#2122=PLANE('',#2339);
#2123=PLANE('',#2340);
#2124=PLANE('',#2342);
#2125=PLANE('',#2346);
#2126=PLANE('',#2348);
#2127=PLANE('',#2352);
#2128=PLANE('',#2354);
#2129=PLANE('',#2359);
#2130=PLANE('',#2363);
#2131=PLANE('',#2365);
#2132=PLANE('',#2370);
#2133=PLANE('',#2374);
#2134=PLANE('',#2376);
#2135=PLANE('',#2381);
#2136=PLANE('',#2385);
#2137=PLANE('',#2387);
#2138=PLANE('',#2392);
#2139=PLANE('',#2396);
#2140=PLANE('',#2398);
#2141=PLANE('',#2403);
#2142=PLANE('',#2407);
#2143=PLANE('',#2409);
#2144=PLANE('',#2414);
#2145=PLANE('',#2418);
#2146=PLANE('',#2420);
#2147=PLANE('',#2428);
#2148=PLANE('',#2429);
#2149=PLANE('',#2435);
#2150=PLANE('',#2441);
#2151=PLANE('',#2443);
#2152=PLANE('',#2451);
#2153=PLANE('',#2452);
#2154=PLANE('',#2455);
#2155=PLANE('',#2458);
#2156=PLANE('',#2465);
#2157=PLANE('',#2468);
#2158=PLANE('',#2469);
#2159=PLANE('',#2473);
#2160=PLANE('',#2477);
#2161=PLANE('',#2481);
#2162=PLANE('',#2482);
#2163=PLANE('',#2483);
#2164=ADVANCED_FACE('',(#177),#2098,.F.);
#2165=ADVANCED_FACE('',(#178),#2099,.F.);
#2166=ADVANCED_FACE('',(#179),#2100,.F.);
#2167=ADVANCED_FACE('',(#180),#2101,.F.);
#2168=ADVANCED_FACE('',(#181),#2102,.F.);
#2169=ADVANCED_FACE('',(#182),#2103,.F.);
#2170=ADVANCED_FACE('',(#183),#2104,.F.);
#2171=ADVANCED_FACE('',(#184),#2105,.F.);
#2172=ADVANCED_FACE('',(#185),#2106,.F.);
#2173=ADVANCED_FACE('',(#186),#2107,.F.);
#2174=ADVANCED_FACE('',(#187),#2108,.F.);
#2175=ADVANCED_FACE('',(#188),#2109,.F.);
#2176=ADVANCED_FACE('',(#189),#2110,.F.);
#2177=ADVANCED_FACE('',(#190),#142,.F.);
#2178=ADVANCED_FACE('',(#191),#2111,.T.);
#2179=ADVANCED_FACE('',(#192),#2112,.F.);
#2180=ADVANCED_FACE('',(#193),#143,.F.);
#2181=ADVANCED_FACE('',(#194),#2113,.F.);
#2182=ADVANCED_FACE('',(#195),#144,.F.);
#2183=ADVANCED_FACE('',(#196),#2114,.T.);
#2184=ADVANCED_FACE('',(#197),#2115,.F.);
#2185=ADVANCED_FACE('',(#198),#145,.F.);
#2186=ADVANCED_FACE('',(#199),#2116,.F.);
#2187=ADVANCED_FACE('',(#200),#146,.F.);
#2188=ADVANCED_FACE('',(#201),#2117,.T.);
#2189=ADVANCED_FACE('',(#202),#2118,.F.);
#2190=ADVANCED_FACE('',(#203),#147,.F.);
#2191=ADVANCED_FACE('',(#204),#2119,.F.);
#2192=ADVANCED_FACE('',(#205),#148,.F.);
#2193=ADVANCED_FACE('',(#206),#2120,.T.);
#2194=ADVANCED_FACE('',(#207),#2121,.F.);
#2195=ADVANCED_FACE('',(#208),#149,.F.);
#2196=ADVANCED_FACE('',(#209),#150,.F.);
#2197=ADVANCED_FACE('',(#210),#2122,.F.);
#2198=ADVANCED_FACE('',(#211),#2123,.T.);
#2199=ADVANCED_FACE('',(#212),#2124,.F.);
#2200=ADVANCED_FACE('',(#213),#151,.F.);
#2201=ADVANCED_FACE('',(#214),#2125,.T.);
#2202=ADVANCED_FACE('',(#215),#2126,.F.);
#2203=ADVANCED_FACE('',(#216),#152,.F.);
#2204=ADVANCED_FACE('',(#217),#2127,.T.);
#2205=ADVANCED_FACE('',(#218),#2128,.F.);
#2206=ADVANCED_FACE('',(#219),#153,.F.);
#2207=ADVANCED_FACE('',(#220),#2129,.F.);
#2208=ADVANCED_FACE('',(#221),#154,.F.);
#2209=ADVANCED_FACE('',(#222),#2130,.T.);
#2210=ADVANCED_FACE('',(#223),#2131,.F.);
#2211=ADVANCED_FACE('',(#224),#155,.F.);
#2212=ADVANCED_FACE('',(#225),#2132,.F.);
#2213=ADVANCED_FACE('',(#226),#156,.F.);
#2214=ADVANCED_FACE('',(#227),#2133,.T.);
#2215=ADVANCED_FACE('',(#228),#2134,.F.);
#2216=ADVANCED_FACE('',(#229),#157,.F.);
#2217=ADVANCED_FACE('',(#230),#2135,.F.);
#2218=ADVANCED_FACE('',(#231),#158,.F.);
#2219=ADVANCED_FACE('',(#232),#2136,.T.);
#2220=ADVANCED_FACE('',(#233),#2137,.F.);
#2221=ADVANCED_FACE('',(#234),#159,.F.);
#2222=ADVANCED_FACE('',(#235),#2138,.F.);
#2223=ADVANCED_FACE('',(#236),#160,.F.);
#2224=ADVANCED_FACE('',(#237),#2139,.T.);
#2225=ADVANCED_FACE('',(#238),#2140,.F.);
#2226=ADVANCED_FACE('',(#239),#161,.F.);
#2227=ADVANCED_FACE('',(#240),#2141,.F.);
#2228=ADVANCED_FACE('',(#241),#162,.F.);
#2229=ADVANCED_FACE('',(#242),#2142,.T.);
#2230=ADVANCED_FACE('',(#243),#2143,.F.);
#2231=ADVANCED_FACE('',(#244),#163,.F.);
#2232=ADVANCED_FACE('',(#245),#2144,.F.);
#2233=ADVANCED_FACE('',(#246),#164,.F.);
#2234=ADVANCED_FACE('',(#247),#2145,.T.);
#2235=ADVANCED_FACE('',(#248),#2146,.F.);
#2236=ADVANCED_FACE('',(#249),#165,.F.);
#2237=ADVANCED_FACE('',(#250),#166,.F.);
#2238=ADVANCED_FACE('',(#251),#2147,.F.);
#2239=ADVANCED_FACE('',(#252),#2148,.F.);
#2240=ADVANCED_FACE('',(#253),#167,.F.);
#2241=ADVANCED_FACE('',(#254),#2149,.T.);
#2242=ADVANCED_FACE('',(#255),#168,.F.);
#2243=ADVANCED_FACE('',(#256),#2150,.F.);
#2244=ADVANCED_FACE('',(#257,#15),#2151,.F.);
#2245=ADVANCED_FACE('',(#258),#2152,.F.);
#2246=ADVANCED_FACE('',(#259),#2153,.F.);
#2247=ADVANCED_FACE('',(#260),#169,.F.);
#2248=ADVANCED_FACE('',(#261),#2154,.F.);
#2249=ADVANCED_FACE('',(#262),#170,.F.);
#2250=ADVANCED_FACE('',(#263),#2155,.F.);
#2251=ADVANCED_FACE('',(#264),#171,.F.);
#2252=ADVANCED_FACE('',(#265),#172,.F.);
#2253=ADVANCED_FACE('',(#266),#2156,.F.);
#2254=ADVANCED_FACE('',(#267),#173,.F.);
#2255=ADVANCED_FACE('',(#268,#16,#17,#18),#2157,.F.);
#2256=ADVANCED_FACE('',(#269),#2158,.F.);
#2257=ADVANCED_FACE('',(#270),#174,.T.);
#2258=ADVANCED_FACE('',(#271),#2159,.T.);
#2259=ADVANCED_FACE('',(#272),#175,.T.);
#2260=ADVANCED_FACE('',(#273),#2160,.T.);
#2261=ADVANCED_FACE('',(#274),#176,.T.);
#2262=ADVANCED_FACE('',(#275,#19,#20,#21),#2161,.T.);
#2263=ADVANCED_FACE('',(#276,#22,#23,#24,#25,#26,#27,#28,#29,#30,#31,#32,
#33,#34,#35,#36),#2162,.T.);
#2264=ADVANCED_FACE('',(#277,#37),#2163,.F.);
#2265=CLOSED_SHELL('',(#2164,#2165,#2166,#2167,#2168,#2169,#2170,#2171,
#2172,#2173,#2174,#2175,#2176,#2177,#2178,#2179,#2180,#2181,#2182,#2183,
#2184,#2185,#2186,#2187,#2188,#2189,#2190,#2191,#2192,#2193,#2194,#2195,
#2196,#2197,#2198,#2199,#2200,#2201,#2202,#2203,#2204,#2205,#2206,#2207,
#2208,#2209,#2210,#2211,#2212,#2213,#2214,#2215,#2216,#2217,#2218,#2219,
#2220,#2221,#2222,#2223,#2224,#2225,#2226,#2227,#2228,#2229,#2230,#2231,
#2232,#2233,#2234,#2235,#2236,#2237,#2238,#2239,#2240,#2241,#2242,#2243,
#2244,#2245,#2246,#2247,#2248,#2249,#2250,#2251,#2252,#2253,#2254,#2255,
#2256,#2257,#2258,#2259,#2260,#2261,#2262,#2263,#2264));
#2266=DERIVED_UNIT_ELEMENT(#2268,1.);
#2267=DERIVED_UNIT_ELEMENT(#3795,-3.);
#2268=(
MASS_UNIT()
NAMED_UNIT(*)
SI_UNIT(.KILO.,.GRAM.)
);
#2269=DERIVED_UNIT((#2266,#2267));
#2270=MEASURE_REPRESENTATION_ITEM('density measure',
POSITIVE_RATIO_MEASURE(7850.),#2269);
#2271=PROPERTY_DEFINITION_REPRESENTATION(#2276,#2273);
#2272=PROPERTY_DEFINITION_REPRESENTATION(#2277,#2274);
#2273=REPRESENTATION('material name',(#2275),#3792);
#2274=REPRESENTATION('density',(#2270),#3792);
#2275=DESCRIPTIVE_REPRESENTATION_ITEM('Steel','Steel');
#2276=PROPERTY_DEFINITION('material property','material name',#3802);
#2277=PROPERTY_DEFINITION('material property','density of part',#3802);
#2278=AXIS2_PLACEMENT_3D('',#3128,#2484,#2485);
#2279=AXIS2_PLACEMENT_3D('',#3129,#2486,#2487);
#2280=AXIS2_PLACEMENT_3D('',#3138,#2492,#2493);
#2281=AXIS2_PLACEMENT_3D('',#3144,#2497,#2498);
#2282=AXIS2_PLACEMENT_3D('',#3150,#2502,#2503);
#2283=AXIS2_PLACEMENT_3D('',#3153,#2506,#2507);
#2284=AXIS2_PLACEMENT_3D('',#3162,#2512,#2513);
#2285=AXIS2_PLACEMENT_3D('',#3168,#2517,#2518);
#2286=AXIS2_PLACEMENT_3D('',#3174,#2522,#2523);
#2287=AXIS2_PLACEMENT_3D('',#3177,#2526,#2527);
#2288=AXIS2_PLACEMENT_3D('',#3186,#2532,#2533);
#2289=AXIS2_PLACEMENT_3D('',#3192,#2537,#2538);
#2290=AXIS2_PLACEMENT_3D('',#3198,#2542,#2543);
#2291=AXIS2_PLACEMENT_3D('',#3201,#2546,#2547);
#2292=AXIS2_PLACEMENT_3D('',#3210,#2552,#2553);
#2293=AXIS2_PLACEMENT_3D('',#3212,#2554,#2555);
#2294=AXIS2_PLACEMENT_3D('',#3214,#2556,#2557);
#2295=AXIS2_PLACEMENT_3D('',#3216,#2559,#2560);
#2296=AXIS2_PLACEMENT_3D('',#3220,#2562,#2563);
#2297=AXIS2_PLACEMENT_3D('',#3221,#2564,#2565);
#2298=AXIS2_PLACEMENT_3D('',#3227,#2569,#2570);
#2299=AXIS2_PLACEMENT_3D('',#3228,#2571,#2572);
#2300=AXIS2_PLACEMENT_3D('',#3230,#2573,#2574);
#2301=AXIS2_PLACEMENT_3D('',#3234,#2577,#2578);
#2302=AXIS2_PLACEMENT_3D('',#3235,#2579,#2580);
#2303=AXIS2_PLACEMENT_3D('',#3244,#2585,#2586);
#2304=AXIS2_PLACEMENT_3D('',#3246,#2587,#2588);
#2305=AXIS2_PLACEMENT_3D('',#3248,#2589,#2590);
#2306=AXIS2_PLACEMENT_3D('',#3250,#2592,#2593);
#2307=AXIS2_PLACEMENT_3D('',#3254,#2595,#2596);
#2308=AXIS2_PLACEMENT_3D('',#3255,#2597,#2598);
#2309=AXIS2_PLACEMENT_3D('',#3261,#2602,#2603);
#2310=AXIS2_PLACEMENT_3D('',#3262,#2604,#2605);
#2311=AXIS2_PLACEMENT_3D('',#3264,#2606,#2607);
#2312=AXIS2_PLACEMENT_3D('',#3268,#2610,#2611);
#2313=AXIS2_PLACEMENT_3D('',#3269,#2612,#2613);
#2314=AXIS2_PLACEMENT_3D('',#3278,#2618,#2619);
#2315=AXIS2_PLACEMENT_3D('',#3280,#2620,#2621);
#2316=AXIS2_PLACEMENT_3D('',#3282,#2622,#2623);
#2317=AXIS2_PLACEMENT_3D('',#3284,#2625,#2626);
#2318=AXIS2_PLACEMENT_3D('',#3288,#2628,#2629);
#2319=AXIS2_PLACEMENT_3D('',#3289,#2630,#2631);
#2320=AXIS2_PLACEMENT_3D('',#3295,#2635,#2636);
#2321=AXIS2_PLACEMENT_3D('',#3296,#2637,#2638);
#2322=AXIS2_PLACEMENT_3D('',#3298,#2639,#2640);
#2323=AXIS2_PLACEMENT_3D('',#3302,#2643,#2644);
#2324=AXIS2_PLACEMENT_3D('',#3303,#2645,#2646);
#2325=AXIS2_PLACEMENT_3D('',#3312,#2651,#2652);
#2326=AXIS2_PLACEMENT_3D('',#3314,#2653,#2654);
#2327=AXIS2_PLACEMENT_3D('',#3316,#2655,#2656);
#2328=AXIS2_PLACEMENT_3D('',#3318,#2658,#2659);
#2329=AXIS2_PLACEMENT_3D('',#3322,#2661,#2662);
#2330=AXIS2_PLACEMENT_3D('',#3323,#2663,#2664);
#2331=AXIS2_PLACEMENT_3D('',#3329,#2668,#2669);
#2332=AXIS2_PLACEMENT_3D('',#3330,#2670,#2671);
#2333=AXIS2_PLACEMENT_3D('',#3332,#2672,#2673);
#2334=AXIS2_PLACEMENT_3D('',#3336,#2676,#2677);
#2335=AXIS2_PLACEMENT_3D('',#3337,#2678,#2679);
#2336=AXIS2_PLACEMENT_3D('',#3340,#2680,#2681);
#2337=AXIS2_PLACEMENT_3D('',#3344,#2683,#2684);
#2338=AXIS2_PLACEMENT_3D('',#3348,#2686,#2687);
#2339=AXIS2_PLACEMENT_3D('',#3350,#2689,#2690);
#2340=AXIS2_PLACEMENT_3D('',#3364,#2698,#2699);
#2341=AXIS2_PLACEMENT_3D('',#3365,#2700,#2701);
#2342=AXIS2_PLACEMENT_3D('',#3366,#2702,#2703);
#2343=AXIS2_PLACEMENT_3D('',#3376,#2709,#2710);
#2344=AXIS2_PLACEMENT_3D('',#3377,#2711,#2712);
#2345=AXIS2_PLACEMENT_3D('',#3378,#2713,#2714);
#2346=AXIS2_PLACEMENT_3D('',#3379,#2715,#2716);
#2347=AXIS2_PLACEMENT_3D('',#3380,#2717,#2718);
#2348=AXIS2_PLACEMENT_3D('',#3381,#2719,#2720);
#2349=AXIS2_PLACEMENT_3D('',#3390,#2725,#2726);
#2350=AXIS2_PLACEMENT_3D('',#3392,#2727,#2728);
#2351=AXIS2_PLACEMENT_3D('',#3394,#2729,#2730);
#2352=AXIS2_PLACEMENT_3D('',#3396,#2732,#2733);
#2353=AXIS2_PLACEMENT_3D('',#3400,#2735,#2736);
#2354=AXIS2_PLACEMENT_3D('',#3401,#2737,#2738);
#2355=AXIS2_PLACEMENT_3D('',#3407,#2742,#2743);
#2356=AXIS2_PLACEMENT_3D('',#3408,#2744,#2745);
#2357=AXIS2_PLACEMENT_3D('',#3410,#2746,#2747);
#2358=AXIS2_PLACEMENT_3D('',#3414,#2750,#2751);
#2359=AXIS2_PLACEMENT_3D('',#3415,#2752,#2753);
#2360=AXIS2_PLACEMENT_3D('',#3424,#2758,#2759);
#2361=AXIS2_PLACEMENT_3D('',#3426,#2760,#2761);
#2362=AXIS2_PLACEMENT_3D('',#3428,#2762,#2763);
#2363=AXIS2_PLACEMENT_3D('',#3430,#2765,#2766);
#2364=AXIS2_PLACEMENT_3D('',#3434,#2768,#2769);
#2365=AXIS2_PLACEMENT_3D('',#3435,#2770,#2771);
#2366=AXIS2_PLACEMENT_3D('',#3441,#2775,#2776);
#2367=AXIS2_PLACEMENT_3D('',#3442,#2777,#2778);
#2368=AXIS2_PLACEMENT_3D('',#3444,#2779,#2780);
#2369=AXIS2_PLACEMENT_3D('',#3448,#2783,#2784);
#2370=AXIS2_PLACEMENT_3D('',#3449,#2785,#2786);
#2371=AXIS2_PLACEMENT_3D('',#3458,#2791,#2792);
#2372=AXIS2_PLACEMENT_3D('',#3460,#2793,#2794);
#2373=AXIS2_PLACEMENT_3D('',#3462,#2795,#2796);
#2374=AXIS2_PLACEMENT_3D('',#3464,#2798,#2799);
#2375=AXIS2_PLACEMENT_3D('',#3468,#2801,#2802);
#2376=AXIS2_PLACEMENT_3D('',#3469,#2803,#2804);
#2377=AXIS2_PLACEMENT_3D('',#3475,#2808,#2809);
#2378=AXIS2_PLACEMENT_3D('',#3476,#2810,#2811);
#2379=AXIS2_PLACEMENT_3D('',#3478,#2812,#2813);
#2380=AXIS2_PLACEMENT_3D('',#3482,#2816,#2817);
#2381=AXIS2_PLACEMENT_3D('',#3483,#2818,#2819);
#2382=AXIS2_PLACEMENT_3D('',#3492,#2824,#2825);
#2383=AXIS2_PLACEMENT_3D('',#3494,#2826,#2827);
#2384=AXIS2_PLACEMENT_3D('',#3496,#2828,#2829);
#2385=AXIS2_PLACEMENT_3D('',#3498,#2831,#2832);
#2386=AXIS2_PLACEMENT_3D('',#3502,#2834,#2835);
#2387=AXIS2_PLACEMENT_3D('',#3503,#2836,#2837);
#2388=AXIS2_PLACEMENT_3D('',#3509,#2841,#2842);
#2389=AXIS2_PLACEMENT_3D('',#3510,#2843,#2844);
#2390=AXIS2_PLACEMENT_3D('',#3512,#2845,#2846);
#2391=AXIS2_PLACEMENT_3D('',#3516,#2849,#2850);
#2392=AXIS2_PLACEMENT_3D('',#3517,#2851,#2852);
#2393=AXIS2_PLACEMENT_3D('',#3526,#2857,#2858);
#2394=AXIS2_PLACEMENT_3D('',#3528,#2859,#2860);
#2395=AXIS2_PLACEMENT_3D('',#3530,#2861,#2862);
#2396=AXIS2_PLACEMENT_3D('',#3532,#2864,#2865);
#2397=AXIS2_PLACEMENT_3D('',#3536,#2867,#2868);
#2398=AXIS2_PLACEMENT_3D('',#3537,#2869,#2870);
#2399=AXIS2_PLACEMENT_3D('',#3543,#2874,#2875);
#2400=AXIS2_PLACEMENT_3D('',#3544,#2876,#2877);
#2401=AXIS2_PLACEMENT_3D('',#3546,#2878,#2879);
#2402=AXIS2_PLACEMENT_3D('',#3550,#2882,#2883);
#2403=AXIS2_PLACEMENT_3D('',#3551,#2884,#2885);
#2404=AXIS2_PLACEMENT_3D('',#3560,#2890,#2891);
#2405=AXIS2_PLACEMENT_3D('',#3562,#2892,#2893);
#2406=AXIS2_PLACEMENT_3D('',#3564,#2894,#2895);
#2407=AXIS2_PLACEMENT_3D('',#3566,#2897,#2898);
#2408=AXIS2_PLACEMENT_3D('',#3570,#2900,#2901);
#2409=AXIS2_PLACEMENT_3D('',#3571,#2902,#2903);
#2410=AXIS2_PLACEMENT_3D('',#3577,#2907,#2908);
#2411=AXIS2_PLACEMENT_3D('',#3578,#2909,#2910);
#2412=AXIS2_PLACEMENT_3D('',#3580,#2911,#2912);
#2413=AXIS2_PLACEMENT_3D('',#3584,#2915,#2916);
#2414=AXIS2_PLACEMENT_3D('',#3585,#2917,#2918);
#2415=AXIS2_PLACEMENT_3D('',#3594,#2923,#2924);
#2416=AXIS2_PLACEMENT_3D('',#3596,#2925,#2926);
#2417=AXIS2_PLACEMENT_3D('',#3598,#2927,#2928);
#2418=AXIS2_PLACEMENT_3D('',#3600,#2930,#2931);
#2419=AXIS2_PLACEMENT_3D('',#3604,#2933,#2934);
#2420=AXIS2_PLACEMENT_3D('',#3605,#2935,#2936);
#2421=AXIS2_PLACEMENT_3D('',#3611,#2940,#2941);
#2422=AXIS2_PLACEMENT_3D('',#3612,#2942,#2943);
#2423=AXIS2_PLACEMENT_3D('',#3614,#2944,#2945);
#2424=AXIS2_PLACEMENT_3D('',#3618,#2948,#2949);
#2425=AXIS2_PLACEMENT_3D('',#3619,#2950,#2951);
#2426=AXIS2_PLACEMENT_3D('',#3622,#2952,#2953);
#2427=AXIS2_PLACEMENT_3D('',#3626,#2955,#2956);
#2428=AXIS2_PLACEMENT_3D('',#3628,#2958,#2959);
#2429=AXIS2_PLACEMENT_3D('',#3634,#2963,#2964);
#2430=AXIS2_PLACEMENT_3D('',#3640,#2968,#2969);
#2431=AXIS2_PLACEMENT_3D('',#3641,#2970,#2971);
#2432=AXIS2_PLACEMENT_3D('',#3643,#2972,#2973);
#2433=AXIS2_PLACEMENT_3D('',#3647,#2975,#2976);
#2434=AXIS2_PLACEMENT_3D('',#3650,#2978,#2979);
#2435=AXIS2_PLACEMENT_3D('',#3651,#2980,#2981);
#2436=AXIS2_PLACEMENT_3D('',#3654,#2983,#2984);
#2437=AXIS2_PLACEMENT_3D('',#3655,#2985,#2986);
#2438=AXIS2_PLACEMENT_3D('',#3657,#2987,#2988);
#2439=AXIS2_PLACEMENT_3D('',#3661,#2990,#2991);
#2440=AXIS2_PLACEMENT_3D('',#3664,#2993,#2994);
#2441=AXIS2_PLACEMENT_3D('',#3665,#2995,#2996);
#2442=AXIS2_PLACEMENT_3D('',#3667,#2997,#2998);
#2443=AXIS2_PLACEMENT_3D('',#3669,#3000,#3001);
#2444=AXIS2_PLACEMENT_3D('',#3675,#3007,#3008);
#2445=AXIS2_PLACEMENT_3D('',#3679,#3010,#3011);
#2446=AXIS2_PLACEMENT_3D('',#3681,#3012,#3013);
#2447=AXIS2_PLACEMENT_3D('',#3683,#3014,#3015);
#2448=AXIS2_PLACEMENT_3D('',#3685,#3016,#3017);
#2449=AXIS2_PLACEMENT_3D('',#3699,#3027,#3028);
#2450=AXIS2_PLACEMENT_3D('',#3702,#3030,#3031);
#2451=AXIS2_PLACEMENT_3D('',#3703,#3032,#3033);
#2452=AXIS2_PLACEMENT_3D('',#3709,#3037,#3038);
#2453=AXIS2_PLACEMENT_3D('',#3715,#3042,#3043);
#2454=AXIS2_PLACEMENT_3D('',#3717,#3044,#3045);
#2455=AXIS2_PLACEMENT_3D('',#3719,#3047,#3048);
#2456=AXIS2_PLACEMENT_3D('',#3723,#3051,#3052);
#2457=AXIS2_PLACEMENT_3D('',#3724,#3053,#3054);
#2458=AXIS2_PLACEMENT_3D('',#3725,#3055,#3056);
#2459=AXIS2_PLACEMENT_3D('',#3728,#3057,#3058);
#2460=AXIS2_PLACEMENT_3D('',#3729,#3059,#3060);
#2461=AXIS2_PLACEMENT_3D('',#3730,#3061,#3062);
#2462=AXIS2_PLACEMENT_3D('',#3732,#3063,#3064);
#2463=AXIS2_PLACEMENT_3D('',#3736,#3068,#3069);
#2464=AXIS2_PLACEMENT_3D('',#3740,#3071,#3072);
#2465=AXIS2_PLACEMENT_3D('',#3742,#3074,#3075);
#2466=AXIS2_PLACEMENT_3D('',#3744,#3077,#3078);
#2467=AXIS2_PLACEMENT_3D('',#3746,#3079,#3080);
#2468=AXIS2_PLACEMENT_3D('',#3748,#3082,#3083);
#2469=AXIS2_PLACEMENT_3D('',#3750,#3085,#3086);
#2470=AXIS2_PLACEMENT_3D('',#3752,#3088,#3089);
#2471=AXIS2_PLACEMENT_3D('',#3755,#3090,#3091);
#2472=AXIS2_PLACEMENT_3D('',#3759,#3093,#3094);
#2473=AXIS2_PLACEMENT_3D('',#3761,#3096,#3097);
#2474=AXIS2_PLACEMENT_3D('',#3767,#3101,#3102);
#2475=AXIS2_PLACEMENT_3D('',#3769,#3103,#3104);
#2476=AXIS2_PLACEMENT_3D('',#3771,#3105,#3106);
#2477=AXIS2_PLACEMENT_3D('',#3773,#3108,#3109);
#2478=AXIS2_PLACEMENT_3D('',#3779,#3113,#3114);
#2479=AXIS2_PLACEMENT_3D('',#3781,#3115,#3116);
#2480=AXIS2_PLACEMENT_3D('',#3783,#3117,#3118);
#2481=AXIS2_PLACEMENT_3D('',#3785,#3120,#3121);
#2482=AXIS2_PLACEMENT_3D('',#3788,#3124,#3125);
#2483=AXIS2_PLACEMENT_3D('',#3789,#3126,#3127);
#2484=DIRECTION('axis',(0.,0.,1.));
#2485=DIRECTION('refdir',(1.,0.,0.));
#2486=DIRECTION('center_axis',(0.,0.,-1.));
#2487=DIRECTION('ref_axis',(-1.,0.,0.));
#2488=DIRECTION('',(1.,0.,0.));
#2489=DIRECTION('',(0.,1.,0.));
#2490=DIRECTION('',(-1.,0.,0.));
#2491=DIRECTION('',(0.,1.,0.));
#2492=DIRECTION('center_axis',(1.,0.,0.));
#2493=DIRECTION('ref_axis',(0.,0.,-1.));
#2494=DIRECTION('',(0.,0.,1.));
#2495=DIRECTION('',(0.,0.,-1.));
#2496=DIRECTION('',(0.,1.,0.));
#2497=DIRECTION('center_axis',(0.,0.,1.));
#2498=DIRECTION('ref_axis',(1.,0.,0.));
#2499=DIRECTION('',(-1.,0.,0.));
#2500=DIRECTION('',(1.,0.,0.));
#2501=DIRECTION('',(0.,1.,0.));
#2502=DIRECTION('center_axis',(-1.,0.,0.));
#2503=DIRECTION('ref_axis',(0.,0.,1.));
#2504=DIRECTION('',(0.,0.,-1.));
#2505=DIRECTION('',(0.,0.,1.));
#2506=DIRECTION('center_axis',(0.,0.,-1.));
#2507=DIRECTION('ref_axis',(-1.,0.,0.));
#2508=DIRECTION('',(1.,0.,0.));
#2509=DIRECTION('',(0.,1.,0.));
#2510=DIRECTION('',(-1.,0.,0.));
#2511=DIRECTION('',(0.,1.,0.));
#2512=DIRECTION('center_axis',(1.,0.,0.));
#2513=DIRECTION('ref_axis',(0.,0.,-1.));
#2514=DIRECTION('',(0.,0.,1.));
#2515=DIRECTION('',(0.,0.,-1.));
#2516=DIRECTION('',(0.,1.,0.));
#2517=DIRECTION('center_axis',(0.,0.,1.));
#2518=DIRECTION('ref_axis',(1.,0.,0.));
#2519=DIRECTION('',(-1.,0.,0.));
#2520=DIRECTION('',(1.,0.,0.));
#2521=DIRECTION('',(0.,1.,0.));
#2522=DIRECTION('center_axis',(-1.,0.,0.));
#2523=DIRECTION('ref_axis',(0.,0.,1.));
#2524=DIRECTION('',(0.,0.,-1.));
#2525=DIRECTION('',(0.,0.,1.));
#2526=DIRECTION('center_axis',(1.,0.,0.));
#2527=DIRECTION('ref_axis',(0.,0.,-1.));
#2528=DIRECTION('',(0.,0.,1.));
#2529=DIRECTION('',(0.,1.,0.));
#2530=DIRECTION('',(0.,0.,-1.));
#2531=DIRECTION('',(0.,1.,0.));
#2532=DIRECTION('center_axis',(0.,0.,1.));
#2533=DIRECTION('ref_axis',(1.,0.,0.));
#2534=DIRECTION('',(-1.,0.,0.));
#2535=DIRECTION('',(1.,0.,0.));
#2536=DIRECTION('',(0.,1.,0.));
#2537=DIRECTION('center_axis',(-1.,0.,0.));
#2538=DIRECTION('ref_axis',(0.,0.,1.));
#2539=DIRECTION('',(0.,0.,-1.));
#2540=DIRECTION('',(0.,0.,1.));
#2541=DIRECTION('',(0.,1.,0.));
#2542=DIRECTION('center_axis',(0.,0.,-1.));
#2543=DIRECTION('ref_axis',(-1.,0.,0.));
#2544=DIRECTION('',(1.,0.,0.));
#2545=DIRECTION('',(-1.,0.,0.));
#2546=DIRECTION('center_axis',(4.33996273262559E-16,-1.,-2.22044604925031E-16));
#2547=DIRECTION('ref_axis',(-1.,-4.33996273262559E-16,4.33680868994218E-17));
#2548=DIRECTION('',(-1.,-4.33996273262559E-16,0.));
#2549=DIRECTION('',(0.,2.22044604925031E-16,-1.));
#2550=DIRECTION('',(1.,4.33996273262559E-16,0.));
#2551=DIRECTION('',(0.,2.22044604925031E-16,-1.));
#2552=DIRECTION('center_axis',(0.,2.22044604925031E-16,-1.));
#2553=DIRECTION('ref_axis',(-5.55111512312576E-16,1.,2.22044604925031E-16));
#2554=DIRECTION('center_axis',(0.,0.,-1.));
#2555=DIRECTION('ref_axis',(-5.55111512312576E-16,1.,2.22044604925031E-16));
#2556=DIRECTION('center_axis',(0.,0.,1.));
#2557=DIRECTION('ref_axis',(-5.55111512312576E-16,1.,2.22044604925031E-16));
#2558=DIRECTION('',(0.,2.22044604925031E-16,-1.));
#2559=DIRECTION('center_axis',(4.33680868994216E-17,2.81025203108244E-16,
1.));
#2560=DIRECTION('ref_axis',(1.,5.55111512312576E-16,-4.33680868994218E-17));
#2561=DIRECTION('',(0.,1.,-2.81025203108244E-16));
#2562=DIRECTION('center_axis',(-4.33680868994216E-17,-2.81025203108244E-16,
-1.));
#2563=DIRECTION('ref_axis',(-3.88578058618807E-15,-1.,2.81025203108244E-16));
#2564=DIRECTION('center_axis',(-3.53252780562548E-16,1.,2.22044604925031E-16));
#2565=DIRECTION('ref_axis',(1.,3.53252780562548E-16,-4.33680868994217E-17));
#2566=DIRECTION('',(1.,3.53252780562548E-16,0.));
#2567=DIRECTION('',(-1.,-3.53252780562548E-16,0.));
#2568=DIRECTION('',(0.,2.22044604925031E-16,-1.));
#2569=DIRECTION('center_axis',(0.,2.22044604925031E-16,-1.));
#2570=DIRECTION('ref_axis',(-3.88578058618807E-15,-1.,-2.22044604925031E-16));
#2571=DIRECTION('center_axis',(0.,0.,-1.));
#2572=DIRECTION('ref_axis',(-3.88578058618807E-15,-1.,-2.22044604925031E-16));
#2573=DIRECTION('center_axis',(0.,0.,1.));
#2574=DIRECTION('ref_axis',(-3.88578058618807E-15,-1.,-2.22044604925031E-16));
#2575=DIRECTION('',(0.,-2.22044604925031E-16,1.));
#2576=DIRECTION('',(0.,2.22044604925031E-16,-1.));
#2577=DIRECTION('center_axis',(0.,0.,1.));
#2578=DIRECTION('ref_axis',(-3.88578058618807E-15,-1.,-2.22044604925031E-16));
#2579=DIRECTION('center_axis',(4.33996273262559E-16,-1.,-2.22044604925031E-16));
#2580=DIRECTION('ref_axis',(-1.,-4.33996273262559E-16,4.33680868994218E-17));
#2581=DIRECTION('',(-1.,-4.33996273262559E-16,0.));
#2582=DIRECTION('',(0.,2.22044604925031E-16,-1.));
#2583=DIRECTION('',(1.,4.33996273262559E-16,0.));
#2584=DIRECTION('',(0.,2.22044604925031E-16,-1.));
#2585=DIRECTION('center_axis',(0.,2.22044604925031E-16,-1.));
#2586=DIRECTION('ref_axis',(-5.55111512312576E-16,1.,2.22044604925031E-16));
#2587=DIRECTION('center_axis',(0.,0.,-1.));
#2588=DIRECTION('ref_axis',(-5.55111512312576E-16,1.,2.22044604925031E-16));
#2589=DIRECTION('center_axis',(0.,0.,1.));
#2590=DIRECTION('ref_axis',(-5.55111512312576E-16,1.,2.22044604925031E-16));
#2591=DIRECTION('',(0.,2.22044604925031E-16,-1.));
#2592=DIRECTION('center_axis',(4.33680868994216E-17,2.81025203108244E-16,
1.));
#2593=DIRECTION('ref_axis',(1.,5.55111512312576E-16,-4.33680868994218E-17));
#2594=DIRECTION('',(0.,1.,-2.81025203108244E-16));
#2595=DIRECTION('center_axis',(-4.33680868994216E-17,-2.81025203108244E-16,
-1.));
#2596=DIRECTION('ref_axis',(-3.88578058618807E-15,-1.,2.81025203108244E-16));
#2597=DIRECTION('center_axis',(-3.53252780562548E-16,1.,2.22044604925031E-16));
#2598=DIRECTION('ref_axis',(1.,3.53252780562548E-16,-4.33680868994217E-17));
#2599=DIRECTION('',(1.,3.53252780562548E-16,0.));
#2600=DIRECTION('',(-1.,-3.53252780562548E-16,0.));
#2601=DIRECTION('',(0.,2.22044604925031E-16,-1.));
#2602=DIRECTION('center_axis',(0.,2.22044604925031E-16,-1.));
#2603=DIRECTION('ref_axis',(-3.88578058618807E-15,-1.,-2.22044604925031E-16));
#2604=DIRECTION('center_axis',(0.,0.,-1.));
#2605=DIRECTION('ref_axis',(-3.88578058618807E-15,-1.,-2.22044604925031E-16));
#2606=DIRECTION('center_axis',(0.,0.,1.));
#2607=DIRECTION('ref_axis',(-3.88578058618807E-15,-1.,-2.22044604925031E-16));
#2608=DIRECTION('',(0.,-2.22044604925031E-16,1.));
#2609=DIRECTION('',(0.,2.22044604925031E-16,-1.));
#2610=DIRECTION('center_axis',(0.,0.,1.));
#2611=DIRECTION('ref_axis',(-3.88578058618807E-15,-1.,-2.22044604925031E-16));
#2612=DIRECTION('center_axis',(4.33996273262559E-16,-1.,0.));
#2613=DIRECTION('ref_axis',(-1.,-4.33996273262559E-16,4.33680868994218E-17));
#2614=DIRECTION('',(-1.,-4.33996273262559E-16,0.));
#2615=DIRECTION('',(0.,0.,-1.));
#2616=DIRECTION('',(1.,4.33996273262559E-16,0.));
#2617=DIRECTION('',(0.,0.,-1.));
#2618=DIRECTION('center_axis',(0.,0.,-1.));
#2619=DIRECTION('ref_axis',(-5.55111512312576E-16,1.,0.));
#2620=DIRECTION('center_axis',(0.,0.,-1.));
#2621=DIRECTION('ref_axis',(-5.55111512312576E-16,1.,0.));
#2622=DIRECTION('center_axis',(0.,0.,1.));
#2623=DIRECTION('ref_axis',(-5.55111512312576E-16,1.,0.));
#2624=DIRECTION('',(0.,0.,-1.));
#2625=DIRECTION('center_axis',(4.33680868994216E-17,2.81025203108244E-16,
1.));
#2626=DIRECTION('ref_axis',(1.,5.55111512312576E-16,-4.33680868994218E-17));
#2627=DIRECTION('',(0.,1.,-2.81025203108244E-16));
#2628=DIRECTION('center_axis',(-4.33680868994216E-17,-2.81025203108244E-16,
-1.));
#2629=DIRECTION('ref_axis',(-3.88578058618807E-15,-1.,2.81025203108244E-16));
#2630=DIRECTION('center_axis',(-3.53252780562548E-16,1.,0.));
#2631=DIRECTION('ref_axis',(1.,3.53252780562548E-16,-4.33680868994217E-17));
#2632=DIRECTION('',(1.,3.53252780562548E-16,0.));
#2633=DIRECTION('',(-1.,-3.53252780562548E-16,0.));
#2634=DIRECTION('',(0.,0.,-1.));
#2635=DIRECTION('center_axis',(0.,0.,-1.));
#2636=DIRECTION('ref_axis',(-3.88578058618807E-15,-1.,0.));
#2637=DIRECTION('center_axis',(0.,0.,-1.));
#2638=DIRECTION('ref_axis',(-3.88578058618807E-15,-1.,0.));
#2639=DIRECTION('center_axis',(0.,0.,1.));
#2640=DIRECTION('ref_axis',(-3.88578058618807E-15,-1.,0.));
#2641=DIRECTION('',(0.,0.,1.));
#2642=DIRECTION('',(0.,0.,-1.));
#2643=DIRECTION('center_axis',(0.,0.,1.));
#2644=DIRECTION('ref_axis',(-3.88578058618807E-15,-1.,0.));
#2645=DIRECTION('center_axis',(4.33996273262559E-16,-1.,0.));
#2646=DIRECTION('ref_axis',(-1.,-4.33996273262559E-16,4.33680868994218E-17));
#2647=DIRECTION('',(-1.,-4.33996273262559E-16,0.));
#2648=DIRECTION('',(0.,0.,-1.));
#2649=DIRECTION('',(1.,4.33996273262559E-16,0.));
#2650=DIRECTION('',(0.,0.,-1.));
#2651=DIRECTION('center_axis',(0.,0.,-1.));
#2652=DIRECTION('ref_axis',(-5.55111512312576E-16,1.,0.));
#2653=DIRECTION('center_axis',(0.,0.,-1.));
#2654=DIRECTION('ref_axis',(-5.55111512312576E-16,1.,0.));
#2655=DIRECTION('center_axis',(0.,0.,1.));
#2656=DIRECTION('ref_axis',(-5.55111512312576E-16,1.,0.));
#2657=DIRECTION('',(0.,0.,-1.));
#2658=DIRECTION('center_axis',(4.33680868994216E-17,2.81025203108244E-16,
1.));
#2659=DIRECTION('ref_axis',(1.,5.55111512312576E-16,-4.33680868994218E-17));
#2660=DIRECTION('',(0.,1.,-2.81025203108244E-16));
#2661=DIRECTION('center_axis',(-4.33680868994216E-17,-2.81025203108244E-16,
-1.));
#2662=DIRECTION('ref_axis',(-3.88578058618807E-15,-1.,2.81025203108244E-16));
#2663=DIRECTION('center_axis',(-3.53252780562548E-16,1.,0.));
#2664=DIRECTION('ref_axis',(1.,3.53252780562548E-16,-4.33680868994217E-17));
#2665=DIRECTION('',(1.,3.53252780562548E-16,0.));
#2666=DIRECTION('',(-1.,-3.53252780562548E-16,0.));
#2667=DIRECTION('',(0.,0.,-1.));
#2668=DIRECTION('center_axis',(0.,0.,-1.));
#2669=DIRECTION('ref_axis',(-3.88578058618807E-15,-1.,0.));
#2670=DIRECTION('center_axis',(0.,0.,-1.));
#2671=DIRECTION('ref_axis',(-3.88578058618807E-15,-1.,0.));
#2672=DIRECTION('center_axis',(0.,0.,1.));
#2673=DIRECTION('ref_axis',(-3.88578058618807E-15,-1.,0.));
#2674=DIRECTION('',(0.,0.,1.));
#2675=DIRECTION('',(0.,0.,-1.));
#2676=DIRECTION('center_axis',(0.,0.,1.));
#2677=DIRECTION('ref_axis',(-3.88578058618807E-15,-1.,0.));
#2678=DIRECTION('center_axis',(0.,1.66533453693773E-16,-1.));
#2679=DIRECTION('ref_axis',(-5.55111512312576E-16,1.,1.66533453693773E-16));
#2680=DIRECTION('center_axis',(0.,0.,-1.));
#2681=DIRECTION('ref_axis',(-5.55111512312576E-16,1.,1.66533453693773E-16));
#2682=DIRECTION('',(0.,1.66533453693773E-16,-1.));
#2683=DIRECTION('center_axis',(-4.33680868994216E-17,-2.81025203108244E-16,
-1.));
#2684=DIRECTION('ref_axis',(-5.55111512312576E-16,1.,-2.81025203108244E-16));
#2685=DIRECTION('',(0.,1.66533453693773E-16,-1.));
#2686=DIRECTION('center_axis',(0.,0.,1.));
#2687=DIRECTION('ref_axis',(-5.55111512312576E-16,1.,1.66533453693773E-16));
#2688=DIRECTION('',(0.,1.66533453693773E-16,-1.));
#2689=DIRECTION('center_axis',(4.33996273262559E-16,-1.,-1.66533453693773E-16));
#2690=DIRECTION('ref_axis',(-1.,-4.33996273262559E-16,4.33680868994218E-17));
#2691=DIRECTION('',(-1.,-4.33996273262559E-16,0.));
#2692=DIRECTION('',(0.,1.66533453693773E-16,-1.));
#2693=DIRECTION('',(-1.,-4.33996273262559E-16,4.33680868994218E-17));
#2694=DIRECTION('',(0.,0.,-1.));
#2695=DIRECTION('',(1.,4.33996273262559E-16,0.));
#2696=DIRECTION('',(0.,0.,1.));
#2697=DIRECTION('',(-1.,-4.33996273262559E-16,4.33680868994218E-17));
#2698=DIRECTION('center_axis',(4.33680868994216E-17,2.81025203108244E-16,
1.));
#2699=DIRECTION('ref_axis',(1.,5.55111512312576E-16,-4.33680868994218E-17));
#2700=DIRECTION('center_axis',(4.33680868994216E-17,2.81025203108244E-16,
1.));
#2701=DIRECTION('ref_axis',(-1.,1.11022302462516E-15,0.));
#2702=DIRECTION('center_axis',(-3.53252780562548E-16,1.,1.66533453693773E-16));
#2703=DIRECTION('ref_axis',(1.,3.53252780562548E-16,-4.33680868994217E-17));
#2704=DIRECTION('',(1.,3.53252780562548E-16,0.));
#2705=DIRECTION('',(-1.,-3.53252780562548E-16,0.));
#2706=DIRECTION('',(0.,0.,1.));
#2707=DIRECTION('',(1.,3.53252780562548E-16,-4.33680868994217E-17));
#2708=DIRECTION('',(0.,1.66533453693773E-16,-1.));
#2709=DIRECTION('center_axis',(0.,1.66533453693773E-16,-1.));
#2710=DIRECTION('ref_axis',(-3.88578058618807E-15,-1.,-1.66533453693773E-16));
#2711=DIRECTION('center_axis',(0.,0.,-1.));
#2712=DIRECTION('ref_axis',(-3.88578058618807E-15,-1.,-1.66533453693773E-16));
#2713=DIRECTION('center_axis',(-4.33680868994216E-17,-2.81025203108244E-16,
-1.));
#2714=DIRECTION('ref_axis',(-3.88578058618807E-15,-1.,2.81025203108244E-16));
#2715=DIRECTION('center_axis',(4.33680868994216E-17,2.81025203108244E-16,
1.));
#2716=DIRECTION('ref_axis',(1.,5.55111512312576E-16,-4.33680868994218E-17));
#2717=DIRECTION('center_axis',(4.33680868994216E-17,2.81025203108244E-16,
1.));
#2718=DIRECTION('ref_axis',(0.,-1.,0.));
#2719=DIRECTION('center_axis',(4.33996273262559E-16,-1.,-2.22044604925031E-16));
#2720=DIRECTION('ref_axis',(-1.,-4.33996273262559E-16,4.33680868994218E-17));
#2721=DIRECTION('',(-1.,-4.33996273262559E-16,0.));
#2722=DIRECTION('',(0.,2.22044604925031E-16,-1.));
#2723=DIRECTION('',(1.,4.33996273262559E-16,0.));
#2724=DIRECTION('',(0.,2.22044604925031E-16,-1.));
#2725=DIRECTION('center_axis',(0.,2.22044604925031E-16,-1.));
#2726=DIRECTION('ref_axis',(-5.55111512312576E-16,1.,2.22044604925031E-16));
#2727=DIRECTION('center_axis',(0.,0.,-1.));
#2728=DIRECTION('ref_axis',(-5.55111512312576E-16,1.,2.22044604925031E-16));
#2729=DIRECTION('center_axis',(0.,0.,1.));
#2730=DIRECTION('ref_axis',(-5.55111512312576E-16,1.,2.22044604925031E-16));
#2731=DIRECTION('',(0.,2.22044604925031E-16,-1.));
#2732=DIRECTION('center_axis',(4.33680868994216E-17,2.81025203108244E-16,
1.));
#2733=DIRECTION('ref_axis',(1.,5.55111512312576E-16,-4.33680868994218E-17));
#2734=DIRECTION('',(0.,1.,-2.81025203108244E-16));
#2735=DIRECTION('center_axis',(-4.33680868994216E-17,-2.81025203108244E-16,
-1.));
#2736=DIRECTION('ref_axis',(-3.88578058618807E-15,-1.,2.81025203108244E-16));
#2737=DIRECTION('center_axis',(-3.53252780562548E-16,1.,2.22044604925031E-16));
#2738=DIRECTION('ref_axis',(1.,3.53252780562548E-16,-4.33680868994217E-17));
#2739=DIRECTION('',(1.,3.53252780562548E-16,0.));
#2740=DIRECTION('',(-1.,-3.53252780562548E-16,0.));
#2741=DIRECTION('',(0.,2.22044604925031E-16,-1.));
#2742=DIRECTION('center_axis',(0.,2.22044604925031E-16,-1.));
#2743=DIRECTION('ref_axis',(-3.88578058618807E-15,-1.,-2.22044604925031E-16));
#2744=DIRECTION('center_axis',(0.,0.,-1.));
#2745=DIRECTION('ref_axis',(-3.88578058618807E-15,-1.,-2.22044604925031E-16));
#2746=DIRECTION('center_axis',(0.,0.,1.));
#2747=DIRECTION('ref_axis',(-3.88578058618807E-15,-1.,-2.22044604925031E-16));
#2748=DIRECTION('',(0.,-2.22044604925031E-16,1.));
#2749=DIRECTION('',(0.,2.22044604925031E-16,-1.));
#2750=DIRECTION('center_axis',(0.,0.,1.));
#2751=DIRECTION('ref_axis',(-3.88578058618807E-15,-1.,-2.22044604925031E-16));
#2752=DIRECTION('center_axis',(4.33996273262559E-16,-1.,-2.22044604925031E-16));
#2753=DIRECTION('ref_axis',(-1.,-4.33996273262559E-16,4.33680868994218E-17));
#2754=DIRECTION('',(-1.,-4.33996273262559E-16,0.));
#2755=DIRECTION('',(0.,2.22044604925031E-16,-1.));
#2756=DIRECTION('',(1.,4.33996273262559E-16,0.));
#2757=DIRECTION('',(0.,2.22044604925031E-16,-1.));
#2758=DIRECTION('center_axis',(0.,2.22044604925031E-16,-1.));
#2759=DIRECTION('ref_axis',(-5.55111512312576E-16,1.,2.22044604925031E-16));
#2760=DIRECTION('center_axis',(0.,0.,-1.));
#2761=DIRECTION('ref_axis',(-5.55111512312576E-16,1.,2.22044604925031E-16));
#2762=DIRECTION('center_axis',(0.,0.,1.));
#2763=DIRECTION('ref_axis',(-5.55111512312576E-16,1.,2.22044604925031E-16));
#2764=DIRECTION('',(0.,2.22044604925031E-16,-1.));
#2765=DIRECTION('center_axis',(4.33680868994216E-17,2.81025203108244E-16,
1.));
#2766=DIRECTION('ref_axis',(1.,5.55111512312576E-16,-4.33680868994218E-17));
#2767=DIRECTION('',(0.,1.,-2.81025203108244E-16));
#2768=DIRECTION('center_axis',(-4.33680868994216E-17,-2.81025203108244E-16,
-1.));
#2769=DIRECTION('ref_axis',(-3.88578058618807E-15,-1.,2.81025203108244E-16));
#2770=DIRECTION('center_axis',(-3.53252780562548E-16,1.,2.22044604925031E-16));
#2771=DIRECTION('ref_axis',(1.,3.53252780562548E-16,-4.33680868994217E-17));
#2772=DIRECTION('',(1.,3.53252780562548E-16,0.));
#2773=DIRECTION('',(-1.,-3.53252780562548E-16,0.));
#2774=DIRECTION('',(0.,2.22044604925031E-16,-1.));
#2775=DIRECTION('center_axis',(0.,2.22044604925031E-16,-1.));
#2776=DIRECTION('ref_axis',(-3.88578058618807E-15,-1.,-2.22044604925031E-16));
#2777=DIRECTION('center_axis',(0.,0.,-1.));
#2778=DIRECTION('ref_axis',(-3.88578058618807E-15,-1.,-2.22044604925031E-16));
#2779=DIRECTION('center_axis',(0.,0.,1.));
#2780=DIRECTION('ref_axis',(-3.88578058618807E-15,-1.,-2.22044604925031E-16));
#2781=DIRECTION('',(0.,-2.22044604925031E-16,1.));
#2782=DIRECTION('',(0.,2.22044604925031E-16,-1.));
#2783=DIRECTION('center_axis',(0.,0.,1.));
#2784=DIRECTION('ref_axis',(-3.88578058618807E-15,-1.,-2.22044604925031E-16));
#2785=DIRECTION('center_axis',(4.33996273262559E-16,-1.,0.));
#2786=DIRECTION('ref_axis',(-1.,-4.33996273262559E-16,4.33680868994218E-17));
#2787=DIRECTION('',(-1.,-4.33996273262559E-16,0.));
#2788=DIRECTION('',(0.,0.,-1.));
#2789=DIRECTION('',(1.,4.33996273262559E-16,0.));
#2790=DIRECTION('',(0.,0.,-1.));
#2791=DIRECTION('center_axis',(0.,0.,-1.));
#2792=DIRECTION('ref_axis',(-5.55111512312576E-16,1.,0.));
#2793=DIRECTION('center_axis',(0.,0.,-1.));
#2794=DIRECTION('ref_axis',(-5.55111512312576E-16,1.,0.));
#2795=DIRECTION('center_axis',(0.,0.,1.));
#2796=DIRECTION('ref_axis',(-5.55111512312576E-16,1.,0.));
#2797=DIRECTION('',(0.,0.,-1.));
#2798=DIRECTION('center_axis',(4.33680868994216E-17,2.81025203108244E-16,
1.));
#2799=DIRECTION('ref_axis',(1.,5.55111512312576E-16,-4.33680868994218E-17));
#2800=DIRECTION('',(0.,1.,-2.81025203108244E-16));
#2801=DIRECTION('center_axis',(-4.33680868994216E-17,-2.81025203108244E-16,
-1.));
#2802=DIRECTION('ref_axis',(-3.88578058618807E-15,-1.,2.81025203108244E-16));
#2803=DIRECTION('center_axis',(-3.53252780562548E-16,1.,0.));
#2804=DIRECTION('ref_axis',(1.,3.53252780562548E-16,-4.33680868994217E-17));
#2805=DIRECTION('',(1.,3.53252780562548E-16,0.));
#2806=DIRECTION('',(-1.,-3.53252780562548E-16,0.));
#2807=DIRECTION('',(0.,0.,-1.));
#2808=DIRECTION('center_axis',(0.,0.,-1.));
#2809=DIRECTION('ref_axis',(-3.88578058618807E-15,-1.,0.));
#2810=DIRECTION('center_axis',(0.,0.,-1.));
#2811=DIRECTION('ref_axis',(-3.88578058618807E-15,-1.,0.));
#2812=DIRECTION('center_axis',(0.,0.,1.));
#2813=DIRECTION('ref_axis',(-3.88578058618807E-15,-1.,0.));
#2814=DIRECTION('',(0.,0.,1.));
#2815=DIRECTION('',(0.,0.,-1.));
#2816=DIRECTION('center_axis',(0.,0.,1.));
#2817=DIRECTION('ref_axis',(-3.88578058618807E-15,-1.,0.));
#2818=DIRECTION('center_axis',(4.33996273262559E-16,-1.,-2.22044604925031E-16));
#2819=DIRECTION('ref_axis',(-1.,-4.33996273262559E-16,4.33680868994218E-17));
#2820=DIRECTION('',(-1.,-4.33996273262559E-16,0.));
#2821=DIRECTION('',(0.,2.22044604925031E-16,-1.));
#2822=DIRECTION('',(1.,4.33996273262559E-16,0.));
#2823=DIRECTION('',(0.,2.22044604925031E-16,-1.));
#2824=DIRECTION('center_axis',(0.,2.22044604925031E-16,-1.));
#2825=DIRECTION('ref_axis',(-5.55111512312576E-16,1.,2.22044604925031E-16));
#2826=DIRECTION('center_axis',(0.,0.,-1.));
#2827=DIRECTION('ref_axis',(-5.55111512312576E-16,1.,2.22044604925031E-16));
#2828=DIRECTION('center_axis',(0.,0.,1.));
#2829=DIRECTION('ref_axis',(-5.55111512312576E-16,1.,2.22044604925031E-16));
#2830=DIRECTION('',(0.,2.22044604925031E-16,-1.));
#2831=DIRECTION('center_axis',(4.33680868994216E-17,2.81025203108244E-16,
1.));
#2832=DIRECTION('ref_axis',(1.,5.55111512312576E-16,-4.33680868994218E-17));
#2833=DIRECTION('',(0.,1.,-2.81025203108244E-16));
#2834=DIRECTION('center_axis',(-4.33680868994216E-17,-2.81025203108244E-16,
-1.));
#2835=DIRECTION('ref_axis',(-3.88578058618807E-15,-1.,2.81025203108244E-16));
#2836=DIRECTION('center_axis',(-3.53252780562548E-16,1.,2.22044604925031E-16));
#2837=DIRECTION('ref_axis',(1.,3.53252780562548E-16,-4.33680868994217E-17));
#2838=DIRECTION('',(1.,3.53252780562548E-16,0.));
#2839=DIRECTION('',(-1.,-3.53252780562548E-16,0.));
#2840=DIRECTION('',(0.,2.22044604925031E-16,-1.));
#2841=DIRECTION('center_axis',(0.,2.22044604925031E-16,-1.));
#2842=DIRECTION('ref_axis',(-3.88578058618807E-15,-1.,-2.22044604925031E-16));
#2843=DIRECTION('center_axis',(0.,0.,-1.));
#2844=DIRECTION('ref_axis',(-3.88578058618807E-15,-1.,-2.22044604925031E-16));
#2845=DIRECTION('center_axis',(0.,0.,1.));
#2846=DIRECTION('ref_axis',(-3.88578058618807E-15,-1.,-2.22044604925031E-16));
#2847=DIRECTION('',(0.,-2.22044604925031E-16,1.));
#2848=DIRECTION('',(0.,2.22044604925031E-16,-1.));
#2849=DIRECTION('center_axis',(0.,0.,1.));
#2850=DIRECTION('ref_axis',(-3.88578058618807E-15,-1.,-2.22044604925031E-16));
#2851=DIRECTION('center_axis',(4.33996273262559E-16,-1.,0.));
#2852=DIRECTION('ref_axis',(-1.,-4.33996273262559E-16,4.33680868994218E-17));
#2853=DIRECTION('',(-1.,-4.33996273262559E-16,0.));
#2854=DIRECTION('',(0.,0.,-1.));
#2855=DIRECTION('',(1.,4.33996273262559E-16,0.));
#2856=DIRECTION('',(0.,0.,-1.));
#2857=DIRECTION('center_axis',(0.,0.,-1.));
#2858=DIRECTION('ref_axis',(-5.55111512312576E-16,1.,0.));
#2859=DIRECTION('center_axis',(0.,0.,-1.));
#2860=DIRECTION('ref_axis',(-5.55111512312576E-16,1.,0.));
#2861=DIRECTION('center_axis',(0.,0.,1.));
#2862=DIRECTION('ref_axis',(-5.55111512312576E-16,1.,0.));
#2863=DIRECTION('',(0.,0.,-1.));
#2864=DIRECTION('center_axis',(4.33680868994216E-17,2.81025203108244E-16,
1.));
#2865=DIRECTION('ref_axis',(1.,5.55111512312576E-16,-4.33680868994218E-17));
#2866=DIRECTION('',(0.,1.,-2.81025203108244E-16));
#2867=DIRECTION('center_axis',(-4.33680868994216E-17,-2.81025203108244E-16,
-1.));
#2868=DIRECTION('ref_axis',(-3.88578058618807E-15,-1.,2.81025203108244E-16));
#2869=DIRECTION('center_axis',(-3.53252780562548E-16,1.,0.));
#2870=DIRECTION('ref_axis',(1.,3.53252780562548E-16,-4.33680868994217E-17));
#2871=DIRECTION('',(1.,3.53252780562548E-16,0.));
#2872=DIRECTION('',(-1.,-3.53252780562548E-16,0.));
#2873=DIRECTION('',(0.,0.,-1.));
#2874=DIRECTION('center_axis',(0.,0.,-1.));
#2875=DIRECTION('ref_axis',(-3.88578058618807E-15,-1.,0.));
#2876=DIRECTION('center_axis',(0.,0.,-1.));
#2877=DIRECTION('ref_axis',(-3.88578058618807E-15,-1.,0.));
#2878=DIRECTION('center_axis',(0.,0.,1.));
#2879=DIRECTION('ref_axis',(-3.88578058618807E-15,-1.,0.));
#2880=DIRECTION('',(0.,0.,1.));
#2881=DIRECTION('',(0.,0.,-1.));
#2882=DIRECTION('center_axis',(0.,0.,1.));
#2883=DIRECTION('ref_axis',(-3.88578058618807E-15,-1.,0.));
#2884=DIRECTION('center_axis',(4.33996273262559E-16,-1.,-2.22044604925031E-16));
#2885=DIRECTION('ref_axis',(-1.,-4.33996273262559E-16,4.33680868994218E-17));
#2886=DIRECTION('',(-1.,-4.33996273262559E-16,0.));
#2887=DIRECTION('',(0.,2.22044604925031E-16,-1.));
#2888=DIRECTION('',(1.,4.33996273262559E-16,0.));
#2889=DIRECTION('',(0.,2.22044604925031E-16,-1.));
#2890=DIRECTION('center_axis',(0.,2.22044604925031E-16,-1.));
#2891=DIRECTION('ref_axis',(-5.55111512312576E-16,1.,2.22044604925031E-16));
#2892=DIRECTION('center_axis',(0.,0.,-1.));
#2893=DIRECTION('ref_axis',(-5.55111512312576E-16,1.,2.22044604925031E-16));
#2894=DIRECTION('center_axis',(0.,0.,1.));
#2895=DIRECTION('ref_axis',(-5.55111512312576E-16,1.,2.22044604925031E-16));
#2896=DIRECTION('',(0.,2.22044604925031E-16,-1.));
#2897=DIRECTION('center_axis',(4.33680868994216E-17,2.81025203108244E-16,
1.));
#2898=DIRECTION('ref_axis',(1.,5.55111512312576E-16,-4.33680868994218E-17));
#2899=DIRECTION('',(0.,1.,-2.81025203108244E-16));
#2900=DIRECTION('center_axis',(-4.33680868994216E-17,-2.81025203108244E-16,
-1.));
#2901=DIRECTION('ref_axis',(-3.88578058618807E-15,-1.,2.81025203108244E-16));
#2902=DIRECTION('center_axis',(-3.53252780562548E-16,1.,2.22044604925031E-16));
#2903=DIRECTION('ref_axis',(1.,3.53252780562548E-16,-4.33680868994217E-17));
#2904=DIRECTION('',(1.,3.53252780562548E-16,0.));
#2905=DIRECTION('',(-1.,-3.53252780562548E-16,0.));
#2906=DIRECTION('',(0.,2.22044604925031E-16,-1.));
#2907=DIRECTION('center_axis',(0.,2.22044604925031E-16,-1.));
#2908=DIRECTION('ref_axis',(-3.88578058618807E-15,-1.,-2.22044604925031E-16));
#2909=DIRECTION('center_axis',(0.,0.,-1.));
#2910=DIRECTION('ref_axis',(-3.88578058618807E-15,-1.,-2.22044604925031E-16));
#2911=DIRECTION('center_axis',(0.,0.,1.));
#2912=DIRECTION('ref_axis',(-3.88578058618807E-15,-1.,-2.22044604925031E-16));
#2913=DIRECTION('',(0.,-2.22044604925031E-16,1.));
#2914=DIRECTION('',(0.,2.22044604925031E-16,-1.));
#2915=DIRECTION('center_axis',(0.,0.,1.));
#2916=DIRECTION('ref_axis',(-3.88578058618807E-15,-1.,-2.22044604925031E-16));
#2917=DIRECTION('center_axis',(4.33996273262559E-16,-1.,0.));
#2918=DIRECTION('ref_axis',(-1.,-4.33996273262559E-16,4.33680868994218E-17));
#2919=DIRECTION('',(-1.,-4.33996273262559E-16,0.));
#2920=DIRECTION('',(0.,0.,-1.));
#2921=DIRECTION('',(1.,4.33996273262559E-16,0.));
#2922=DIRECTION('',(0.,0.,-1.));
#2923=DIRECTION('center_axis',(0.,0.,-1.));
#2924=DIRECTION('ref_axis',(-5.55111512312576E-16,1.,0.));
#2925=DIRECTION('center_axis',(0.,0.,-1.));
#2926=DIRECTION('ref_axis',(-5.55111512312576E-16,1.,0.));
#2927=DIRECTION('center_axis',(0.,0.,1.));
#2928=DIRECTION('ref_axis',(-5.55111512312576E-16,1.,0.));
#2929=DIRECTION('',(0.,0.,-1.));
#2930=DIRECTION('center_axis',(4.33680868994216E-17,2.81025203108244E-16,
1.));
#2931=DIRECTION('ref_axis',(1.,5.55111512312576E-16,-4.33680868994218E-17));
#2932=DIRECTION('',(0.,1.,-2.81025203108244E-16));
#2933=DIRECTION('center_axis',(-4.33680868994216E-17,-2.81025203108244E-16,
-1.));
#2934=DIRECTION('ref_axis',(-3.88578058618807E-15,-1.,2.81025203108244E-16));
#2935=DIRECTION('center_axis',(-3.53252780562548E-16,1.,0.));
#2936=DIRECTION('ref_axis',(1.,3.53252780562548E-16,-4.33680868994217E-17));
#2937=DIRECTION('',(1.,3.53252780562548E-16,0.));
#2938=DIRECTION('',(-1.,-3.53252780562548E-16,0.));
#2939=DIRECTION('',(0.,0.,-1.));
#2940=DIRECTION('center_axis',(0.,0.,-1.));
#2941=DIRECTION('ref_axis',(-3.88578058618807E-15,-1.,0.));
#2942=DIRECTION('center_axis',(0.,0.,-1.));
#2943=DIRECTION('ref_axis',(-3.88578058618807E-15,-1.,0.));
#2944=DIRECTION('center_axis',(0.,0.,1.));
#2945=DIRECTION('ref_axis',(-3.88578058618807E-15,-1.,0.));
#2946=DIRECTION('',(0.,0.,1.));
#2947=DIRECTION('',(0.,0.,-1.));
#2948=DIRECTION('center_axis',(0.,0.,1.));
#2949=DIRECTION('ref_axis',(-3.88578058618807E-15,-1.,0.));
#2950=DIRECTION('center_axis',(0.,1.66533453693773E-16,-1.));
#2951=DIRECTION('ref_axis',(-5.55111512312576E-16,1.,1.66533453693773E-16));
#2952=DIRECTION('center_axis',(0.,0.,-1.));
#2953=DIRECTION('ref_axis',(-5.55111512312576E-16,1.,1.66533453693773E-16));
#2954=DIRECTION('',(0.,1.66533453693773E-16,-1.));
#2955=DIRECTION('center_axis',(0.,0.,1.));
#2956=DIRECTION('ref_axis',(-5.55111512312576E-16,1.,1.66533453693773E-16));
#2957=DIRECTION('',(0.,1.66533453693773E-16,-1.));
#2958=DIRECTION('center_axis',(4.33996273262559E-16,-1.,-1.66533453693773E-16));
#2959=DIRECTION('ref_axis',(-1.,-4.33996273262559E-16,4.33680868994218E-17));
#2960=DIRECTION('',(-1.,-4.33996273262559E-16,0.));
#2961=DIRECTION('',(0.,1.66533453693773E-16,-1.));
#2962=DIRECTION('',(1.,4.33996273262559E-16,0.));
#2963=DIRECTION('center_axis',(-3.53252780562548E-16,1.,1.66533453693773E-16));
#2964=DIRECTION('ref_axis',(1.,3.53252780562548E-16,-4.33680868994217E-17));
#2965=DIRECTION('',(1.,3.53252780562548E-16,0.));
#2966=DIRECTION('',(-1.,-3.53252780562548E-16,0.));
#2967=DIRECTION('',(0.,1.66533453693773E-16,-1.));
#2968=DIRECTION('center_axis',(0.,1.66533453693773E-16,-1.));
#2969=DIRECTION('ref_axis',(-3.88578058618807E-15,-1.,-1.66533453693773E-16));
#2970=DIRECTION('center_axis',(0.,0.,-1.));
#2971=DIRECTION('ref_axis',(-3.88578058618807E-15,-1.,-1.66533453693773E-16));
#2972=DIRECTION('center_axis',(0.,0.,1.));
#2973=DIRECTION('ref_axis',(-3.88578058618807E-15,-1.,-1.66533453693773E-16));
#2974=DIRECTION('',(0.,-1.66533453693773E-16,1.));
#2975=DIRECTION('center_axis',(-4.33680868994216E-17,-2.81025203108244E-16,
-1.));
#2976=DIRECTION('ref_axis',(-3.88578058618807E-15,-1.,2.81025203108244E-16));
#2977=DIRECTION('',(0.,1.66533453693773E-16,-1.));
#2978=DIRECTION('center_axis',(0.,0.,1.));
#2979=DIRECTION('ref_axis',(-3.88578058618807E-15,-1.,-1.66533453693773E-16));
#2980=DIRECTION('center_axis',(4.33680868994216E-17,2.81025203108244E-16,
1.));
#2981=DIRECTION('ref_axis',(1.,5.55111512312576E-16,-4.33680868994218E-17));
#2982=DIRECTION('',(0.,1.,-2.81025203108244E-16));
#2983=DIRECTION('center_axis',(4.33680868994216E-17,2.81025203108244E-16,
1.));
#2984=DIRECTION('ref_axis',(0.,-1.,0.));
#2985=DIRECTION('center_axis',(0.,0.,1.));
#2986=DIRECTION('ref_axis',(-1.,1.11022302462516E-15,0.));
#2987=DIRECTION('center_axis',(0.,0.,1.));
#2988=DIRECTION('ref_axis',(-1.,1.11022302462516E-15,0.));
#2989=DIRECTION('',(0.,0.,1.));
#2990=DIRECTION('center_axis',(0.,0.,1.));
#2991=DIRECTION('ref_axis',(-1.,1.11022302462516E-15,0.));
#2992=DIRECTION('',(0.,0.,1.));
#2993=DIRECTION('center_axis',(0.,0.,1.));
#2994=DIRECTION('ref_axis',(-1.,1.11022302462516E-15,0.));
#2995=DIRECTION('center_axis',(0.,0.,1.));
#2996=DIRECTION('ref_axis',(1.,0.,0.));
#2997=DIRECTION('center_axis',(0.,0.,1.));
#2998=DIRECTION('ref_axis',(0.,-1.,0.));
#2999=DIRECTION('',(1.,0.,0.));
#3000=DIRECTION('center_axis',(0.,0.,1.));
#3001=DIRECTION('ref_axis',(1.,0.,0.));
#3002=DIRECTION('',(0.,1.,0.));
#3003=DIRECTION('',(0.,1.,0.));
#3004=DIRECTION('',(0.,1.,0.));
#3005=DIRECTION('',(0.,1.,0.));
#3006=DIRECTION('',(0.,1.,0.));
#3007=DIRECTION('center_axis',(0.,0.,1.));
#3008=DIRECTION('ref_axis',(0.,-1.,0.));
#3009=DIRECTION('',(9.65411325761006E-18,-1.,0.));
#3010=DIRECTION('center_axis',(0.,0.,1.));
#3011=DIRECTION('ref_axis',(1.,-3.1720657846433E-16,0.));
#3012=DIRECTION('center_axis',(0.,0.,1.));
#3013=DIRECTION('ref_axis',(1.,0.,0.));
#3014=DIRECTION('center_axis',(0.,0.,1.));
#3015=DIRECTION('ref_axis',(1.,0.,0.));
#3016=DIRECTION('center_axis',(0.,0.,1.));
#3017=DIRECTION('ref_axis',(1.,-3.1720657846433E-16,0.));
#3018=DIRECTION('',(-0.0248431655990654,0.999691360932472,0.));
#3019=DIRECTION('',(0.,1.,0.));
#3020=DIRECTION('',(0.,1.,0.));
#3021=DIRECTION('',(0.,1.,0.));
#3022=DIRECTION('',(0.,1.,0.));
#3023=DIRECTION('',(0.,1.,0.));
#3024=DIRECTION('',(0.,1.,0.));
#3025=DIRECTION('',(0.,1.,0.));
#3026=DIRECTION('',(1.,5.55111512312576E-16,0.));
#3027=DIRECTION('center_axis',(0.,0.,1.));
#3028=DIRECTION('ref_axis',(5.55111512312576E-16,-1.,-3.52170046973666E-32));
#3029=DIRECTION('',(-1.,-5.55111512312576E-16,0.));
#3030=DIRECTION('center_axis',(0.,0.,1.));
#3031=DIRECTION('ref_axis',(-5.55111512312576E-16,1.,3.52170046973666E-32));
#3032=DIRECTION('center_axis',(1.,0.,0.));
#3033=DIRECTION('ref_axis',(0.,1.,0.));
#3034=DIRECTION('',(0.,0.,1.));
#3035=DIRECTION('',(0.,1.,0.));
#3036=DIRECTION('',(0.,0.,1.));
#3037=DIRECTION('center_axis',(-5.55111512312576E-16,1.,3.08148791101957E-32));
#3038=DIRECTION('ref_axis',(1.,5.55111512312576E-16,-4.33680868994218E-17));
#3039=DIRECTION('',(-5.55111512312578E-17,0.,-1.));
#3040=DIRECTION('',(1.,5.55111512312576E-16,0.));
#3041=DIRECTION('',(-5.55111512312578E-17,0.,-1.));
#3042=DIRECTION('center_axis',(-5.55111512312578E-17,0.,-1.));
#3043=DIRECTION('ref_axis',(-5.55111512312576E-16,1.,3.52170046973666E-32));
#3044=DIRECTION('center_axis',(0.,0.,-1.));
#3045=DIRECTION('ref_axis',(-5.55111512312576E-16,1.,3.52170046973666E-32));
#3046=DIRECTION('',(-5.55111512312578E-17,0.,-1.));
#3047=DIRECTION('center_axis',(5.55111512312576E-16,-1.,-3.08148791101957E-32));
#3048=DIRECTION('ref_axis',(-1.,-5.55111512312576E-16,4.33680868994218E-17));
#3049=DIRECTION('',(-1.,-5.55111512312576E-16,0.));
#3050=DIRECTION('',(-5.55111512312578E-17,0.,-1.));
#3051=DIRECTION('center_axis',(-5.55111512312578E-17,0.,-1.));
#3052=DIRECTION('ref_axis',(5.55111512312576E-16,-1.,-3.52170046973666E-32));
#3053=DIRECTION('center_axis',(0.,0.,-1.));
#3054=DIRECTION('ref_axis',(5.55111512312576E-16,-1.,-3.52170046973666E-32));
#3055=DIRECTION('center_axis',(0.,0.,-1.));
#3056=DIRECTION('ref_axis',(1.,0.,0.));
#3057=DIRECTION('center_axis',(0.,0.,1.));
#3058=DIRECTION('ref_axis',(1.,-3.1720657846433E-16,0.));
#3059=DIRECTION('center_axis',(0.,0.,-1.));
#3060=DIRECTION('ref_axis',(1.,0.,0.));
#3061=DIRECTION('center_axis',(0.,0.,-1.));
#3062=DIRECTION('ref_axis',(1.,0.,0.));
#3063=DIRECTION('center_axis',(0.,0.,-1.));
#3064=DIRECTION('ref_axis',(1.,0.,0.));
#3065=DIRECTION('',(0.,0.,-1.));
#3066=DIRECTION('',(0.,0.,1.));
#3067=DIRECTION('',(0.,0.,-1.));
#3068=DIRECTION('center_axis',(0.,0.,1.));
#3069=DIRECTION('ref_axis',(1.,-3.1720657846433E-16,0.));
#3070=DIRECTION('',(0.,0.,1.));
#3071=DIRECTION('center_axis',(0.,0.,1.));
#3072=DIRECTION('ref_axis',(1.,-3.1720657846433E-16,0.));
#3073=DIRECTION('',(0.,0.,1.));
#3074=DIRECTION('center_axis',(0.999691360932472,0.0248431655990654,0.));
#3075=DIRECTION('ref_axis',(-0.0248431655990654,0.999691360932472,0.));
#3076=DIRECTION('',(-0.0248431655990654,0.999691360932472,0.));
#3077=DIRECTION('center_axis',(0.,0.,1.));
#3078=DIRECTION('ref_axis',(0.,-1.,0.));
#3079=DIRECTION('center_axis',(0.,0.,1.));
#3080=DIRECTION('ref_axis',(0.,-1.,0.));
#3081=DIRECTION('',(0.,0.,1.));
#3082=DIRECTION('center_axis',(0.,-1.,0.));
#3083=DIRECTION('ref_axis',(1.,0.,0.));
#3084=DIRECTION('',(1.,0.,0.));
#3085=DIRECTION('center_axis',(-1.,-9.65411325761006E-18,0.));
#3086=DIRECTION('ref_axis',(9.65411325761006E-18,-1.,0.));
#3087=DIRECTION('',(9.65411325761006E-18,-1.,0.));
#3088=DIRECTION('center_axis',(0.,0.,1.));
#3089=DIRECTION('ref_axis',(-1.,6.66133814775095E-16,0.));
#3090=DIRECTION('center_axis',(0.,0.,1.));
#3091=DIRECTION('ref_axis',(-1.,6.66133814775095E-16,0.));
#3092=DIRECTION('',(0.,0.,1.));
#3093=DIRECTION('center_axis',(0.,0.,1.));
#3094=DIRECTION('ref_axis',(-1.,6.66133814775095E-16,0.));
#3095=DIRECTION('',(0.,0.,1.));
#3096=DIRECTION('center_axis',(-1.,0.,0.));
#3097=DIRECTION('ref_axis',(0.,-1.,0.));
#3098=DIRECTION('',(0.,1.,0.));
#3099=DIRECTION('',(0.,-1.,0.));
#3100=DIRECTION('',(0.,0.,1.));
#3101=DIRECTION('center_axis',(0.,0.,1.));
#3102=DIRECTION('ref_axis',(1.51209348353946E-8,1.,0.));
#3103=DIRECTION('center_axis',(0.,0.,1.));
#3104=DIRECTION('ref_axis',(0.999999999999999,-3.17809392612413E-8,0.));
#3105=DIRECTION('center_axis',(0.,0.,1.));
#3106=DIRECTION('ref_axis',(0.999999999999999,-3.17809392612413E-8,0.));
#3107=DIRECTION('',(0.,0.,1.));
#3108=DIRECTION('center_axis',(1.,0.,0.));
#3109=DIRECTION('ref_axis',(0.,1.,0.));
#3110=DIRECTION('',(0.,1.,0.));
#3111=DIRECTION('',(0.,1.,0.));
#3112=DIRECTION('',(0.,0.,1.));
#3113=DIRECTION('center_axis',(0.,0.,1.));
#3114=DIRECTION('ref_axis',(-3.55271367880051E-15,-1.,0.));
#3115=DIRECTION('center_axis',(0.,0.,1.));
#3116=DIRECTION('ref_axis',(-3.55271367880051E-15,-1.,0.));
#3117=DIRECTION('center_axis',(0.,0.,1.));
#3118=DIRECTION('ref_axis',(-3.55271367880051E-15,-1.,0.));
#3119=DIRECTION('',(0.,0.,1.));
#3120=DIRECTION('center_axis',(0.,-1.,0.));
#3121=DIRECTION('ref_axis',(1.,0.,0.));
#3122=DIRECTION('',(1.,0.,0.));
#3123=DIRECTION('',(1.,0.,0.));
#3124=DIRECTION('center_axis',(0.,0.,1.));
#3125=DIRECTION('ref_axis',(1.,0.,0.));
#3126=DIRECTION('center_axis',(0.,0.,1.));
#3127=DIRECTION('ref_axis',(1.,0.,0.));
#3128=CARTESIAN_POINT('',(0.,0.,0.));
#3129=CARTESIAN_POINT('Origin',(35.,-10.,7.));
#3130=CARTESIAN_POINT('',(15.,0.,7.));
#3131=CARTESIAN_POINT('',(35.,0.,7.));
#3132=CARTESIAN_POINT('',(22.5,0.,7.));
#3133=CARTESIAN_POINT('',(15.,-5.00000007450581,7.));
#3134=CARTESIAN_POINT('',(15.,-10.,7.));
#3135=CARTESIAN_POINT('',(35.,-5.00000007450581,7.));
#3136=CARTESIAN_POINT('',(19.9999999627471,-5.00000007450581,7.));
#3137=CARTESIAN_POINT('',(35.,-10.,7.));
#3138=CARTESIAN_POINT('Origin',(35.,-10.,20.));
#3139=CARTESIAN_POINT('',(35.,0.,20.));
#3140=CARTESIAN_POINT('',(35.,0.,10.));
#3141=CARTESIAN_POINT('',(35.,-5.00000007450581,20.));
#3142=CARTESIAN_POINT('',(35.,-5.00000007450581,10.));
#3143=CARTESIAN_POINT('',(35.,-10.,20.));
#3144=CARTESIAN_POINT('Origin',(15.,-10.,20.));
#3145=CARTESIAN_POINT('',(15.,0.,20.));
#3146=CARTESIAN_POINT('',(12.5,0.,20.));
#3147=CARTESIAN_POINT('',(15.,-5.00000007450581,20.));
#3148=CARTESIAN_POINT('',(9.9999999627471,-5.00000007450581,20.));
#3149=CARTESIAN_POINT('',(15.,-10.,20.));
#3150=CARTESIAN_POINT('Origin',(15.,-10.,7.));
#3151=CARTESIAN_POINT('',(15.,0.,3.5));
#3152=CARTESIAN_POINT('',(15.,-5.00000007450581,3.5));
#3153=CARTESIAN_POINT('Origin',(71.7961513348992,-10.,7.45674127321104));
#3154=CARTESIAN_POINT('',(58.7961513348992,0.,7.45674127321104));
#3155=CARTESIAN_POINT('',(71.7961513348992,0.,7.45674127321104));
#3156=CARTESIAN_POINT('',(40.8980756674496,0.,7.45674127321104));
#3157=CARTESIAN_POINT('',(58.7961513348992,-5.00000007450581,7.45674127321104));
#3158=CARTESIAN_POINT('',(58.7961513348992,-10.,7.45674127321104));
#3159=CARTESIAN_POINT('',(71.7961513348992,-5.00000007450581,7.45674127321104));
#3160=CARTESIAN_POINT('',(38.3980756301967,-5.00000007450581,7.45674127321104));
#3161=CARTESIAN_POINT('',(71.7961513348992,-10.,7.45674127321104));
#3162=CARTESIAN_POINT('Origin',(71.7961513348992,-10.,17.456741273211));
#3163=CARTESIAN_POINT('',(71.7961513348992,0.,17.456741273211));
#3164=CARTESIAN_POINT('',(71.7961513348992,0.,8.72837063660552));
#3165=CARTESIAN_POINT('',(71.7961513348992,-5.00000007450581,17.456741273211));
#3166=CARTESIAN_POINT('',(71.7961513348992,-5.00000007450581,8.72837063660552));
#3167=CARTESIAN_POINT('',(71.7961513348992,-10.,17.456741273211));
#3168=CARTESIAN_POINT('Origin',(58.7961513348992,-10.,17.456741273211));
#3169=CARTESIAN_POINT('',(58.7961513348992,0.,17.456741273211));
#3170=CARTESIAN_POINT('',(34.3980756674496,0.,17.456741273211));
#3171=CARTESIAN_POINT('',(58.7961513348992,-5.00000007450581,17.456741273211));
#3172=CARTESIAN_POINT('',(31.8980756301967,-5.00000007450581,17.456741273211));
#3173=CARTESIAN_POINT('',(58.7961513348992,-10.,17.456741273211));
#3174=CARTESIAN_POINT('Origin',(58.7961513348992,-10.,7.45674127321104));
#3175=CARTESIAN_POINT('',(58.7961513348992,0.,3.72837063660552));
#3176=CARTESIAN_POINT('',(58.7961513348992,-5.00000007450581,3.72837063660552));
#3177=CARTESIAN_POINT('Origin',(98.0130296528487,-10.,17.456741273211));
#3178=CARTESIAN_POINT('',(98.0130296528487,0.,7.45674127321104));
#3179=CARTESIAN_POINT('',(98.0130296528487,0.,17.456741273211));
#3180=CARTESIAN_POINT('',(98.0130296528487,0.,8.72837063660552));
#3181=CARTESIAN_POINT('',(98.0130296528487,-5.00000007450581,7.45674127321104));
#3182=CARTESIAN_POINT('',(98.0130296528487,-10.,7.45674127321104));
#3183=CARTESIAN_POINT('',(98.0130296528487,-5.00000007450581,17.456741273211));
#3184=CARTESIAN_POINT('',(98.0130296528487,-5.00000007450581,8.72837063660552));
#3185=CARTESIAN_POINT('',(98.0130296528487,-10.,17.456741273211));
#3186=CARTESIAN_POINT('Origin',(89.0130296528487,-10.,17.456741273211));
#3187=CARTESIAN_POINT('',(89.0130296528487,0.,17.456741273211));
#3188=CARTESIAN_POINT('',(49.5065148264244,0.,17.456741273211));
#3189=CARTESIAN_POINT('',(89.0130296528487,-5.00000007450581,17.456741273211));
#3190=CARTESIAN_POINT('',(47.0065147891715,-5.00000007450581,17.456741273211));
#3191=CARTESIAN_POINT('',(89.0130296528487,-10.,17.456741273211));
#3192=CARTESIAN_POINT('Origin',(89.0130296528487,-10.,7.45674127321104));
#3193=CARTESIAN_POINT('',(89.0130296528487,0.,7.45674127321104));
#3194=CARTESIAN_POINT('',(89.0130296528487,0.,3.72837063660552));
#3195=CARTESIAN_POINT('',(89.0130296528487,-5.00000007450581,7.45674127321104));
#3196=CARTESIAN_POINT('',(89.0130296528487,-5.00000007450581,3.72837063660552));
#3197=CARTESIAN_POINT('',(89.0130296528487,-10.,7.45674127321104));
#3198=CARTESIAN_POINT('Origin',(98.0130296528487,-10.,7.45674127321104));
#3199=CARTESIAN_POINT('',(54.0065148264244,0.,7.45674127321104));
#3200=CARTESIAN_POINT('',(51.5065147891715,-5.00000007450581,7.45674127321104));
#3201=CARTESIAN_POINT('Origin',(111.602490367904,33.1791705917686,74.9598113122749));
#3202=CARTESIAN_POINT('',(111.602490367904,33.1791705917686,70.));
#3203=CARTESIAN_POINT('',(1.6024903679036,33.1791705917686,70.));
#3204=CARTESIAN_POINT('',(83.7778610087521,33.1791705917686,70.));
#3205=CARTESIAN_POINT('',(111.602490367904,33.1791705917686,65.));
#3206=CARTESIAN_POINT('',(111.602490367904,33.1791705917686,74.9598113122749));
#3207=CARTESIAN_POINT('',(1.6024903679036,33.1791705917686,65.));
#3208=CARTESIAN_POINT('',(83.832308728374,33.1791705917686,65.));
#3209=CARTESIAN_POINT('',(1.6024903679036,33.1791705917686,74.9598113122749));
#3210=CARTESIAN_POINT('Origin',(1.6024903679036,34.6791705917686,74.9598113122749));
#3211=CARTESIAN_POINT('',(1.6024903679036,36.1791705917686,70.));
#3212=CARTESIAN_POINT('Origin',(1.6024903679036,34.6791705917686,70.));
#3213=CARTESIAN_POINT('',(1.6024903679036,36.1791705917686,65.));
#3214=CARTESIAN_POINT('Origin',(1.6024903679036,34.6791705917686,65.));
#3215=CARTESIAN_POINT('',(1.6024903679036,36.1791705917686,74.9598113122749));
#3216=CARTESIAN_POINT('Origin',(56.6024903679036,34.6791705917686,54.9598113122749));
#3217=CARTESIAN_POINT('',(112.124254177689,33.2728411400404,54.9598113122749));
#3218=CARTESIAN_POINT('',(112.124254177689,36.0855000434969,54.9598113122749));
#3219=CARTESIAN_POINT('',(112.124254177689,22.3395852958843,54.9598113122749));
#3220=CARTESIAN_POINT('Origin',(111.602490367904,34.6791705917686,54.9598113122749));
#3221=CARTESIAN_POINT('Origin',(1.6024903679036,36.1791705917686,74.9598113122749));
#3222=CARTESIAN_POINT('',(111.602490367904,36.1791705917686,70.));
#3223=CARTESIAN_POINT('',(28.7778610087521,36.1791705917686,70.));
#3224=CARTESIAN_POINT('',(111.602490367904,36.1791705917686,65.));
#3225=CARTESIAN_POINT('',(28.832308728374,36.1791705917686,65.));
#3226=CARTESIAN_POINT('',(111.602490367904,36.1791705917686,74.9598113122749));
#3227=CARTESIAN_POINT('Origin',(111.602490367904,34.6791705917686,74.9598113122749));
#3228=CARTESIAN_POINT('Origin',(111.602490367904,34.6791705917686,70.));
#3229=CARTESIAN_POINT('',(112.124254177689,36.0855000434969,65.));
#3230=CARTESIAN_POINT('Origin',(111.602490367904,34.6791705917686,65.));
#3231=CARTESIAN_POINT('',(112.124254177689,36.0855000434969,74.9598113122749));
#3232=CARTESIAN_POINT('',(112.124254177689,33.2728411400404,65.));
#3233=CARTESIAN_POINT('',(112.124254177689,33.2728411400404,74.9598113122749));
#3234=CARTESIAN_POINT('Origin',(111.602490367904,34.6791705917686,65.));
#3235=CARTESIAN_POINT('Origin',(111.602490367904,13.1791705917686,74.9598113122749));
#3236=CARTESIAN_POINT('',(111.602490367904,13.1791705917686,70.));
#3237=CARTESIAN_POINT('',(1.60249036790354,13.1791705917686,70.));
#3238=CARTESIAN_POINT('',(83.7778610087521,13.1791705917686,70.));
#3239=CARTESIAN_POINT('',(111.602490367904,13.1791705917686,65.));
#3240=CARTESIAN_POINT('',(111.602490367904,13.1791705917686,74.9598113122749));
#3241=CARTESIAN_POINT('',(1.60249036790354,13.1791705917686,65.));
#3242=CARTESIAN_POINT('',(83.832308728374,13.1791705917686,65.));
#3243=CARTESIAN_POINT('',(1.60249036790354,13.1791705917686,74.9598113122749));
#3244=CARTESIAN_POINT('Origin',(1.60249036790354,14.6791705917686,74.9598113122749));
#3245=CARTESIAN_POINT('',(1.60249036790354,16.1791705917686,70.));
#3246=CARTESIAN_POINT('Origin',(1.60249036790354,14.6791705917686,70.));
#3247=CARTESIAN_POINT('',(1.60249036790354,16.1791705917686,65.));
#3248=CARTESIAN_POINT('Origin',(1.60249036790354,14.6791705917686,65.));
#3249=CARTESIAN_POINT('',(1.60249036790354,16.1791705917686,74.9598113122749));
#3250=CARTESIAN_POINT('Origin',(56.6024903679035,14.6791705917686,54.9598113122749));
#3251=CARTESIAN_POINT('',(112.124254177689,13.2728411400404,54.9598113122749));
#3252=CARTESIAN_POINT('',(112.124254177689,16.0855000434969,54.9598113122749));
#3253=CARTESIAN_POINT('',(112.124254177689,12.3395852958843,54.9598113122749));
#3254=CARTESIAN_POINT('Origin',(111.602490367904,14.6791705917686,54.9598113122749));
#3255=CARTESIAN_POINT('Origin',(1.60249036790354,16.1791705917686,74.9598113122749));
#3256=CARTESIAN_POINT('',(111.602490367904,16.1791705917686,70.));
#3257=CARTESIAN_POINT('',(28.7778610087521,16.1791705917686,70.));
#3258=CARTESIAN_POINT('',(111.602490367904,16.1791705917686,65.));
#3259=CARTESIAN_POINT('',(28.832308728374,16.1791705917686,65.));
#3260=CARTESIAN_POINT('',(111.602490367904,16.1791705917686,74.9598113122749));
#3261=CARTESIAN_POINT('Origin',(111.602490367904,14.6791705917686,74.9598113122749));
#3262=CARTESIAN_POINT('Origin',(111.602490367904,14.6791705917686,70.));
#3263=CARTESIAN_POINT('',(112.124254177689,16.0855000434969,65.));
#3264=CARTESIAN_POINT('Origin',(111.602490367904,14.6791705917686,65.));
#3265=CARTESIAN_POINT('',(112.124254177689,16.0855000434969,74.9598113122749));
#3266=CARTESIAN_POINT('',(112.124254177689,13.2728411400404,65.));
#3267=CARTESIAN_POINT('',(112.124254177689,13.2728411400404,74.9598113122749));
#3268=CARTESIAN_POINT('Origin',(111.602490367904,14.6791705917686,65.));
#3269=CARTESIAN_POINT('Origin',(111.602490367904,53.1791705917686,74.9598113122749));
#3270=CARTESIAN_POINT('',(111.602490367904,53.1791705917686,70.));
#3271=CARTESIAN_POINT('',(1.60249036790365,53.1791705917686,70.));
#3272=CARTESIAN_POINT('',(83.7778610087521,53.1791705917686,70.));
#3273=CARTESIAN_POINT('',(111.602490367904,53.1791705917686,65.));
#3274=CARTESIAN_POINT('',(111.602490367904,53.1791705917686,74.9598113122749));
#3275=CARTESIAN_POINT('',(1.60249036790365,53.1791705917686,65.));
#3276=CARTESIAN_POINT('',(83.832308728374,53.1791705917686,65.));
#3277=CARTESIAN_POINT('',(1.60249036790365,53.1791705917686,74.9598113122749));
#3278=CARTESIAN_POINT('Origin',(1.60249036790365,54.6791705917686,74.9598113122749));
#3279=CARTESIAN_POINT('',(1.60249036790365,56.1791705917686,70.));
#3280=CARTESIAN_POINT('Origin',(1.60249036790365,54.6791705917686,70.));
#3281=CARTESIAN_POINT('',(1.60249036790365,56.1791705917686,65.));
#3282=CARTESIAN_POINT('Origin',(1.60249036790365,54.6791705917686,65.));
#3283=CARTESIAN_POINT('',(1.60249036790365,56.1791705917686,74.9598113122749));
#3284=CARTESIAN_POINT('Origin',(56.6024903679037,54.6791705917686,54.9598113122749));
#3285=CARTESIAN_POINT('',(112.124254177689,53.2728411400403,54.9598113122749));
#3286=CARTESIAN_POINT('',(112.124254177689,56.0855000434969,54.9598113122749));
#3287=CARTESIAN_POINT('',(112.124254177689,32.3395852958843,54.9598113122749));
#3288=CARTESIAN_POINT('Origin',(111.602490367904,54.6791705917686,54.9598113122749));
#3289=CARTESIAN_POINT('Origin',(1.60249036790365,56.1791705917686,74.9598113122749));
#3290=CARTESIAN_POINT('',(111.602490367904,56.1791705917686,70.));
#3291=CARTESIAN_POINT('',(28.7778610087521,56.1791705917686,70.));
#3292=CARTESIAN_POINT('',(111.602490367904,56.1791705917686,65.));
#3293=CARTESIAN_POINT('',(28.832308728374,56.1791705917686,65.));
#3294=CARTESIAN_POINT('',(111.602490367904,56.1791705917686,74.9598113122749));
#3295=CARTESIAN_POINT('Origin',(111.602490367904,54.6791705917686,74.9598113122749));
#3296=CARTESIAN_POINT('Origin',(111.602490367904,54.6791705917686,70.));
#3297=CARTESIAN_POINT('',(112.124254177689,56.0855000434969,65.));
#3298=CARTESIAN_POINT('Origin',(111.602490367904,54.6791705917686,65.));
#3299=CARTESIAN_POINT('',(112.124254177689,56.0855000434969,74.9598113122749));
#3300=CARTESIAN_POINT('',(112.124254177689,53.2728411400403,65.));
#3301=CARTESIAN_POINT('',(112.124254177689,53.2728411400403,74.9598113122749));
#3302=CARTESIAN_POINT('Origin',(111.602490367904,54.6791705917686,65.));
#3303=CARTESIAN_POINT('Origin',(111.602490367904,48.1791705917686,74.9598113122749));
#3304=CARTESIAN_POINT('',(111.602490367904,48.1791705917686,70.));
#3305=CARTESIAN_POINT('',(1.60249036790363,48.1791705917686,70.));
#3306=CARTESIAN_POINT('',(83.7778610087521,48.1791705917686,70.));
#3307=CARTESIAN_POINT('',(111.602490367904,48.1791705917686,65.));
#3308=CARTESIAN_POINT('',(111.602490367904,48.1791705917686,74.9598113122749));
#3309=CARTESIAN_POINT('',(1.60249036790363,48.1791705917686,65.));
#3310=CARTESIAN_POINT('',(83.832308728374,48.1791705917686,65.));
#3311=CARTESIAN_POINT('',(1.60249036790363,48.1791705917686,74.9598113122749));
#3312=CARTESIAN_POINT('Origin',(1.60249036790363,49.6791705917686,74.9598113122749));
#3313=CARTESIAN_POINT('',(1.60249036790363,51.1791705917686,70.));
#3314=CARTESIAN_POINT('Origin',(1.60249036790363,49.6791705917686,70.));
#3315=CARTESIAN_POINT('',(1.60249036790363,51.1791705917686,65.));
#3316=CARTESIAN_POINT('Origin',(1.60249036790363,49.6791705917686,65.));
#3317=CARTESIAN_POINT('',(1.60249036790363,51.1791705917686,74.9598113122749));
#3318=CARTESIAN_POINT('Origin',(56.6024903679036,49.6791705917686,54.9598113122749));
#3319=CARTESIAN_POINT('',(112.124254177689,48.2728411400403,54.9598113122749));
#3320=CARTESIAN_POINT('',(112.124254177689,51.0855000434969,54.9598113122749));
#3321=CARTESIAN_POINT('',(112.124254177689,29.8395852958843,54.9598113122749));
#3322=CARTESIAN_POINT('Origin',(111.602490367904,49.6791705917686,54.9598113122749));
#3323=CARTESIAN_POINT('Origin',(1.60249036790363,51.1791705917686,74.9598113122749));
#3324=CARTESIAN_POINT('',(111.602490367904,51.1791705917686,70.));
#3325=CARTESIAN_POINT('',(28.7778610087521,51.1791705917686,70.));
#3326=CARTESIAN_POINT('',(111.602490367904,51.1791705917686,65.));
#3327=CARTESIAN_POINT('',(28.832308728374,51.1791705917686,65.));
#3328=CARTESIAN_POINT('',(111.602490367904,51.1791705917686,74.9598113122749));
#3329=CARTESIAN_POINT('Origin',(111.602490367904,49.6791705917686,74.9598113122749));
#3330=CARTESIAN_POINT('Origin',(111.602490367904,49.6791705917686,70.));
#3331=CARTESIAN_POINT('',(112.124254177689,51.0855000434969,65.));
#3332=CARTESIAN_POINT('Origin',(111.602490367904,49.6791705917686,65.));
#3333=CARTESIAN_POINT('',(112.124254177689,51.0855000434969,74.9598113122749));
#3334=CARTESIAN_POINT('',(112.124254177689,48.2728411400403,65.));
#3335=CARTESIAN_POINT('',(112.124254177689,48.2728411400403,74.9598113122749));
#3336=CARTESIAN_POINT('Origin',(111.602490367904,49.6791705917686,65.));
#3337=CARTESIAN_POINT('Origin',(1.60249036790352,4.67917059176859,74.9598113122749));
#3338=CARTESIAN_POINT('',(1.60249036790352,3.17917059176859,70.));
#3339=CARTESIAN_POINT('',(1.60249036790352,6.17917059176859,70.));
#3340=CARTESIAN_POINT('Origin',(1.60249036790352,4.67917059176859,70.));
#3341=CARTESIAN_POINT('',(1.60249036790352,3.17917059176859,54.9598113122749));
#3342=CARTESIAN_POINT('',(1.60249036790352,3.17917059176859,74.9598113122749));
#3343=CARTESIAN_POINT('',(0.846036980440617,5.97446139795688,54.9598113122749));
#3344=CARTESIAN_POINT('Origin',(1.60249036790352,4.67917059176859,54.9598113122749));
#3345=CARTESIAN_POINT('',(0.846036980440618,5.97446139795687,65.));
#3346=CARTESIAN_POINT('',(0.846036980440619,5.97446139795687,74.9598113122749));
#3347=CARTESIAN_POINT('',(1.60249036790352,6.17917059176859,65.));
#3348=CARTESIAN_POINT('Origin',(1.60249036790352,4.67917059176859,65.));
#3349=CARTESIAN_POINT('',(1.60249036790352,6.17917059176859,74.9598113122749));
#3350=CARTESIAN_POINT('Origin',(111.602490367904,3.17917059176863,74.9598113122749));
#3351=CARTESIAN_POINT('',(111.602490367904,3.17917059176863,70.));
#3352=CARTESIAN_POINT('',(83.7778610087521,3.17917059176863,70.));
#3353=CARTESIAN_POINT('',(111.602490367904,3.17917059176864,54.9598113122749));
#3354=CARTESIAN_POINT('',(111.602490367904,3.17917059176863,74.9598113122749));
#3355=CARTESIAN_POINT('',(109.437002374079,3.17917059176864,54.9598113122749));
#3356=CARTESIAN_POINT('',(1.60249036790352,3.17917059176859,54.9598113122749));
#3357=CARTESIAN_POINT('',(109.437002374079,3.17917059176863,65.));
#3358=CARTESIAN_POINT('',(109.437002374079,3.17917059176864,0.));
#3359=CARTESIAN_POINT('',(2.68725180360997,3.17917059176859,65.));
#3360=CARTESIAN_POINT('',(83.832308728374,3.17917059176863,65.));
#3361=CARTESIAN_POINT('',(2.68725180360997,3.17917059176859,54.9598113122749));
#3362=CARTESIAN_POINT('',(2.68725180360996,3.1791705917686,0.));
#3363=CARTESIAN_POINT('',(1.60249036790352,3.17917059176859,54.9598113122749));
#3364=CARTESIAN_POINT('Origin',(56.6024903679035,4.67917059176861,54.9598113122749));
#3365=CARTESIAN_POINT('Origin',(9.99999999999999,9.99999999999999,54.9598113122749));
#3366=CARTESIAN_POINT('Origin',(1.60249036790352,6.17917059176859,74.9598113122749));
#3367=CARTESIAN_POINT('',(111.602490367904,6.17917059176862,70.));
#3368=CARTESIAN_POINT('',(28.7778610087521,6.1791705917686,70.));
#3369=CARTESIAN_POINT('',(111.365534534501,6.17917059176863,65.));
#3370=CARTESIAN_POINT('',(28.832308728374,6.1791705917686,65.));
#3371=CARTESIAN_POINT('',(111.365534534501,6.17917059176863,54.9598113122749));
#3372=CARTESIAN_POINT('',(111.365534534501,6.17917059176864,0.));
#3373=CARTESIAN_POINT('',(111.602490367904,6.17917059176863,54.9598113122749));
#3374=CARTESIAN_POINT('',(1.60249036790352,6.17917059176859,54.9598113122749));
#3375=CARTESIAN_POINT('',(111.602490367904,6.17917059176862,74.9598113122749));
#3376=CARTESIAN_POINT('Origin',(111.602490367904,4.67917059176863,74.9598113122749));
#3377=CARTESIAN_POINT('Origin',(111.602490367904,4.67917059176863,70.));
#3378=CARTESIAN_POINT('Origin',(111.602490367904,4.67917059176863,54.9598113122749));
#3379=CARTESIAN_POINT('Origin',(56.6024903679035,4.67917059176861,54.9598113122749));
#3380=CARTESIAN_POINT('Origin',(102.124254177689,9.99999999999999,54.9598113122749));
#3381=CARTESIAN_POINT('Origin',(111.602490367904,38.1791705917686,74.9598113122749));
#3382=CARTESIAN_POINT('',(111.602490367904,38.1791705917686,70.));
#3383=CARTESIAN_POINT('',(1.6024903679036,38.1791705917686,70.));
#3384=CARTESIAN_POINT('',(83.7778610087521,38.1791705917686,70.));
#3385=CARTESIAN_POINT('',(111.602490367904,38.1791705917686,65.));
#3386=CARTESIAN_POINT('',(111.602490367904,38.1791705917686,74.9598113122749));
#3387=CARTESIAN_POINT('',(1.6024903679036,38.1791705917686,65.));
#3388=CARTESIAN_POINT('',(83.832308728374,38.1791705917686,65.));
#3389=CARTESIAN_POINT('',(1.6024903679036,38.1791705917686,74.9598113122749));
#3390=CARTESIAN_POINT('Origin',(1.6024903679036,39.6791705917686,74.9598113122749));
#3391=CARTESIAN_POINT('',(1.6024903679036,41.1791705917686,70.));
#3392=CARTESIAN_POINT('Origin',(1.6024903679036,39.6791705917686,70.));
#3393=CARTESIAN_POINT('',(1.6024903679036,41.1791705917686,65.));
#3394=CARTESIAN_POINT('Origin',(1.6024903679036,39.6791705917686,65.));
#3395=CARTESIAN_POINT('',(1.6024903679036,41.1791705917686,74.9598113122749));
#3396=CARTESIAN_POINT('Origin',(56.6024903679036,39.6791705917686,54.9598113122749));
#3397=CARTESIAN_POINT('',(112.124254177689,38.2728411400404,54.9598113122749));
#3398=CARTESIAN_POINT('',(112.124254177689,41.0855000434969,54.9598113122749));
#3399=CARTESIAN_POINT('',(112.124254177689,24.8395852958843,54.9598113122749));
#3400=CARTESIAN_POINT('Origin',(111.602490367904,39.6791705917686,54.9598113122749));
#3401=CARTESIAN_POINT('Origin',(1.6024903679036,41.1791705917686,74.9598113122749));
#3402=CARTESIAN_POINT('',(111.602490367904,41.1791705917686,70.));
#3403=CARTESIAN_POINT('',(28.7778610087521,41.1791705917686,70.));
#3404=CARTESIAN_POINT('',(111.602490367904,41.1791705917686,65.));
#3405=CARTESIAN_POINT('',(28.832308728374,41.1791705917686,65.));
#3406=CARTESIAN_POINT('',(111.602490367904,41.1791705917686,74.9598113122749));
#3407=CARTESIAN_POINT('Origin',(111.602490367904,39.6791705917686,74.9598113122749));
#3408=CARTESIAN_POINT('Origin',(111.602490367904,39.6791705917686,70.));
#3409=CARTESIAN_POINT('',(112.124254177689,41.0855000434969,65.));
#3410=CARTESIAN_POINT('Origin',(111.602490367904,39.6791705917686,65.));
#3411=CARTESIAN_POINT('',(112.124254177689,41.0855000434969,74.9598113122749));
#3412=CARTESIAN_POINT('',(112.124254177689,38.2728411400404,65.));
#3413=CARTESIAN_POINT('',(112.124254177689,38.2728411400404,74.9598113122749));
#3414=CARTESIAN_POINT('Origin',(111.602490367904,39.6791705917686,65.));
#3415=CARTESIAN_POINT('Origin',(111.602490367904,28.1791705917686,74.9598113122749));
#3416=CARTESIAN_POINT('',(111.602490367904,28.1791705917686,70.));
#3417=CARTESIAN_POINT('',(1.60249036790358,28.1791705917686,70.));
#3418=CARTESIAN_POINT('',(83.7778610087521,28.1791705917686,70.));
#3419=CARTESIAN_POINT('',(111.602490367904,28.1791705917686,65.));
#3420=CARTESIAN_POINT('',(111.602490367904,28.1791705917686,74.9598113122749));
#3421=CARTESIAN_POINT('',(1.60249036790358,28.1791705917686,65.));
#3422=CARTESIAN_POINT('',(83.832308728374,28.1791705917686,65.));
#3423=CARTESIAN_POINT('',(1.60249036790358,28.1791705917686,74.9598113122749));
#3424=CARTESIAN_POINT('Origin',(1.60249036790358,29.6791705917686,74.9598113122749));
#3425=CARTESIAN_POINT('',(1.60249036790358,31.1791705917686,70.));
#3426=CARTESIAN_POINT('Origin',(1.60249036790358,29.6791705917686,70.));
#3427=CARTESIAN_POINT('',(1.60249036790358,31.1791705917686,65.));
#3428=CARTESIAN_POINT('Origin',(1.60249036790358,29.6791705917686,65.));
#3429=CARTESIAN_POINT('',(1.60249036790358,31.1791705917686,74.9598113122749));
#3430=CARTESIAN_POINT('Origin',(56.6024903679036,29.6791705917686,54.9598113122749));
#3431=CARTESIAN_POINT('',(112.124254177689,28.2728411400404,54.9598113122749));
#3432=CARTESIAN_POINT('',(112.124254177689,31.0855000434969,54.9598113122749));
#3433=CARTESIAN_POINT('',(112.124254177689,19.8395852958843,54.9598113122749));
#3434=CARTESIAN_POINT('Origin',(111.602490367904,29.6791705917686,54.9598113122749));
#3435=CARTESIAN_POINT('Origin',(1.60249036790358,31.1791705917686,74.9598113122749));
#3436=CARTESIAN_POINT('',(111.602490367904,31.1791705917686,70.));
#3437=CARTESIAN_POINT('',(28.7778610087521,31.1791705917686,70.));
#3438=CARTESIAN_POINT('',(111.602490367904,31.1791705917686,65.));
#3439=CARTESIAN_POINT('',(28.832308728374,31.1791705917686,65.));
#3440=CARTESIAN_POINT('',(111.602490367904,31.1791705917686,74.9598113122749));
#3441=CARTESIAN_POINT('Origin',(111.602490367904,29.6791705917686,74.9598113122749));
#3442=CARTESIAN_POINT('Origin',(111.602490367904,29.6791705917686,70.));
#3443=CARTESIAN_POINT('',(112.124254177689,31.0855000434969,65.));
#3444=CARTESIAN_POINT('Origin',(111.602490367904,29.6791705917686,65.));
#3445=CARTESIAN_POINT('',(112.124254177689,31.0855000434969,74.9598113122749));
#3446=CARTESIAN_POINT('',(112.124254177689,28.2728411400404,65.));
#3447=CARTESIAN_POINT('',(112.124254177689,28.2728411400404,74.9598113122749));
#3448=CARTESIAN_POINT('Origin',(111.602490367904,29.6791705917686,65.));
#3449=CARTESIAN_POINT('Origin',(111.602490367904,58.1791705917686,74.9598113122749));
#3450=CARTESIAN_POINT('',(111.602490367904,58.1791705917686,70.));
#3451=CARTESIAN_POINT('',(1.60249036790367,58.1791705917686,70.));
#3452=CARTESIAN_POINT('',(83.7778610087521,58.1791705917686,70.));
#3453=CARTESIAN_POINT('',(111.602490367904,58.1791705917686,65.));
#3454=CARTESIAN_POINT('',(111.602490367904,58.1791705917686,74.9598113122749));
#3455=CARTESIAN_POINT('',(1.60249036790367,58.1791705917686,65.));
#3456=CARTESIAN_POINT('',(83.832308728374,58.1791705917686,65.));
#3457=CARTESIAN_POINT('',(1.60249036790367,58.1791705917686,74.9598113122749));
#3458=CARTESIAN_POINT('Origin',(1.60249036790367,59.6791705917686,74.9598113122749));
#3459=CARTESIAN_POINT('',(1.60249036790367,61.1791705917686,70.));
#3460=CARTESIAN_POINT('Origin',(1.60249036790367,59.6791705917686,70.));
#3461=CARTESIAN_POINT('',(1.60249036790367,61.1791705917686,65.));
#3462=CARTESIAN_POINT('Origin',(1.60249036790367,59.6791705917686,65.));
#3463=CARTESIAN_POINT('',(1.60249036790367,61.1791705917686,74.9598113122749));
#3464=CARTESIAN_POINT('Origin',(56.6024903679037,59.6791705917686,54.9598113122749));
#3465=CARTESIAN_POINT('',(112.124254177689,58.2728411400403,54.9598113122749));
#3466=CARTESIAN_POINT('',(112.124254177689,61.0855000434969,54.9598113122749));
#3467=CARTESIAN_POINT('',(112.124254177689,34.8395852958843,54.9598113122749));
#3468=CARTESIAN_POINT('Origin',(111.602490367904,59.6791705917686,54.9598113122749));
#3469=CARTESIAN_POINT('Origin',(1.60249036790367,61.1791705917686,74.9598113122749));
#3470=CARTESIAN_POINT('',(111.602490367904,61.1791705917686,70.));
#3471=CARTESIAN_POINT('',(28.7778610087521,61.1791705917686,70.));
#3472=CARTESIAN_POINT('',(111.602490367904,61.1791705917686,65.));
#3473=CARTESIAN_POINT('',(28.8323087283741,61.1791705917686,65.));
#3474=CARTESIAN_POINT('',(111.602490367904,61.1791705917686,74.9598113122749));
#3475=CARTESIAN_POINT('Origin',(111.602490367904,59.6791705917686,74.9598113122749));
#3476=CARTESIAN_POINT('Origin',(111.602490367904,59.6791705917686,70.));
#3477=CARTESIAN_POINT('',(112.124254177689,61.0855000434969,65.));
#3478=CARTESIAN_POINT('Origin',(111.602490367904,59.6791705917686,65.));
#3479=CARTESIAN_POINT('',(112.124254177689,61.0855000434969,74.9598113122749));
#3480=CARTESIAN_POINT('',(112.124254177689,58.2728411400403,65.));
#3481=CARTESIAN_POINT('',(112.124254177689,58.2728411400403,74.9598113122749));
#3482=CARTESIAN_POINT('Origin',(111.602490367904,59.6791705917686,65.));
#3483=CARTESIAN_POINT('Origin',(111.602490367904,18.1791705917686,74.9598113122749));
#3484=CARTESIAN_POINT('',(111.602490367904,18.1791705917686,70.));
#3485=CARTESIAN_POINT('',(1.60249036790356,18.1791705917686,70.));
#3486=CARTESIAN_POINT('',(83.7778610087521,18.1791705917686,70.));
#3487=CARTESIAN_POINT('',(111.602490367904,18.1791705917686,65.));
#3488=CARTESIAN_POINT('',(111.602490367904,18.1791705917686,74.9598113122749));
#3489=CARTESIAN_POINT('',(1.60249036790356,18.1791705917686,65.));
#3490=CARTESIAN_POINT('',(83.832308728374,18.1791705917686,65.));
#3491=CARTESIAN_POINT('',(1.60249036790356,18.1791705917686,74.9598113122749));
#3492=CARTESIAN_POINT('Origin',(1.60249036790356,19.6791705917686,74.9598113122749));
#3493=CARTESIAN_POINT('',(1.60249036790356,21.1791705917686,70.));
#3494=CARTESIAN_POINT('Origin',(1.60249036790356,19.6791705917686,70.));
#3495=CARTESIAN_POINT('',(1.60249036790356,21.1791705917686,65.));
#3496=CARTESIAN_POINT('Origin',(1.60249036790356,19.6791705917686,65.));
#3497=CARTESIAN_POINT('',(1.60249036790356,21.1791705917686,74.9598113122749));
#3498=CARTESIAN_POINT('Origin',(56.6024903679036,19.6791705917686,54.9598113122749));
#3499=CARTESIAN_POINT('',(112.124254177689,18.2728411400404,54.9598113122749));
#3500=CARTESIAN_POINT('',(112.124254177689,21.0855000434969,54.9598113122749));
#3501=CARTESIAN_POINT('',(112.124254177689,14.8395852958843,54.9598113122749));
#3502=CARTESIAN_POINT('Origin',(111.602490367904,19.6791705917686,54.9598113122749));
#3503=CARTESIAN_POINT('Origin',(1.60249036790356,21.1791705917686,74.9598113122749));
#3504=CARTESIAN_POINT('',(111.602490367904,21.1791705917686,70.));
#3505=CARTESIAN_POINT('',(28.7778610087521,21.1791705917686,70.));
#3506=CARTESIAN_POINT('',(111.602490367904,21.1791705917686,65.));
#3507=CARTESIAN_POINT('',(28.832308728374,21.1791705917686,65.));
#3508=CARTESIAN_POINT('',(111.602490367904,21.1791705917686,74.9598113122749));
#3509=CARTESIAN_POINT('Origin',(111.602490367904,19.6791705917686,74.9598113122749));
#3510=CARTESIAN_POINT('Origin',(111.602490367904,19.6791705917686,70.));
#3511=CARTESIAN_POINT('',(112.124254177689,21.0855000434969,65.));
#3512=CARTESIAN_POINT('Origin',(111.602490367904,19.6791705917686,65.));
#3513=CARTESIAN_POINT('',(112.124254177689,21.0855000434969,74.9598113122749));
#3514=CARTESIAN_POINT('',(112.124254177689,18.2728411400404,65.));
#3515=CARTESIAN_POINT('',(112.124254177689,18.2728411400404,74.9598113122749));
#3516=CARTESIAN_POINT('Origin',(111.602490367904,19.6791705917686,65.));
#3517=CARTESIAN_POINT('Origin',(111.602490367904,63.1791705917686,74.9598113122749));
#3518=CARTESIAN_POINT('',(111.602490367904,63.1791705917686,70.));
#3519=CARTESIAN_POINT('',(1.60249036790368,63.1791705917686,70.));
#3520=CARTESIAN_POINT('',(83.7778610087521,63.1791705917686,70.));
#3521=CARTESIAN_POINT('',(111.602490367904,63.1791705917686,65.));
#3522=CARTESIAN_POINT('',(111.602490367904,63.1791705917686,74.9598113122749));
#3523=CARTESIAN_POINT('',(1.60249036790368,63.1791705917686,65.));
#3524=CARTESIAN_POINT('',(83.832308728374,63.1791705917686,65.));
#3525=CARTESIAN_POINT('',(1.60249036790368,63.1791705917686,74.9598113122749));
#3526=CARTESIAN_POINT('Origin',(1.60249036790368,64.6791705917686,74.9598113122749));
#3527=CARTESIAN_POINT('',(1.60249036790368,66.1791705917686,70.));
#3528=CARTESIAN_POINT('Origin',(1.60249036790368,64.6791705917686,70.));
#3529=CARTESIAN_POINT('',(1.60249036790368,66.1791705917686,65.));
#3530=CARTESIAN_POINT('Origin',(1.60249036790368,64.6791705917686,65.));
#3531=CARTESIAN_POINT('',(1.60249036790368,66.1791705917686,74.9598113122749));
#3532=CARTESIAN_POINT('Origin',(56.6024903679037,64.6791705917686,54.9598113122749));
#3533=CARTESIAN_POINT('',(112.124254177689,63.2728411400403,54.9598113122749));
#3534=CARTESIAN_POINT('',(112.124254177689,66.0855000434969,54.9598113122749));
#3535=CARTESIAN_POINT('',(112.124254177689,37.3395852958843,54.9598113122749));
#3536=CARTESIAN_POINT('Origin',(111.602490367904,64.6791705917686,54.9598113122749));
#3537=CARTESIAN_POINT('Origin',(1.60249036790368,66.1791705917686,74.9598113122749));
#3538=CARTESIAN_POINT('',(111.602490367904,66.1791705917686,70.));
#3539=CARTESIAN_POINT('',(28.7778610087521,66.1791705917686,70.));
#3540=CARTESIAN_POINT('',(111.602490367904,66.1791705917686,65.));
#3541=CARTESIAN_POINT('',(28.8323087283741,66.1791705917686,65.));
#3542=CARTESIAN_POINT('',(111.602490367904,66.1791705917686,74.9598113122749));
#3543=CARTESIAN_POINT('Origin',(111.602490367904,64.6791705917686,74.9598113122749));
#3544=CARTESIAN_POINT('Origin',(111.602490367904,64.6791705917686,70.));
#3545=CARTESIAN_POINT('',(112.124254177689,66.0855000434969,65.));
#3546=CARTESIAN_POINT('Origin',(111.602490367904,64.6791705917686,65.));
#3547=CARTESIAN_POINT('',(112.124254177689,66.0855000434969,74.9598113122749));
#3548=CARTESIAN_POINT('',(112.124254177689,63.2728411400403,65.));
#3549=CARTESIAN_POINT('',(112.124254177689,63.2728411400403,74.9598113122749));
#3550=CARTESIAN_POINT('Origin',(111.602490367904,64.6791705917686,65.));
#3551=CARTESIAN_POINT('Origin',(111.602490367904,23.1791705917686,74.9598113122749));
#3552=CARTESIAN_POINT('',(111.602490367904,23.1791705917686,70.));
#3553=CARTESIAN_POINT('',(1.60249036790356,23.1791705917686,70.));
#3554=CARTESIAN_POINT('',(83.7778610087521,23.1791705917686,70.));
#3555=CARTESIAN_POINT('',(111.602490367904,23.1791705917686,65.));
#3556=CARTESIAN_POINT('',(111.602490367904,23.1791705917686,74.9598113122749));
#3557=CARTESIAN_POINT('',(1.60249036790356,23.1791705917686,65.));
#3558=CARTESIAN_POINT('',(83.832308728374,23.1791705917686,65.));
#3559=CARTESIAN_POINT('',(1.60249036790356,23.1791705917686,74.9598113122749));
#3560=CARTESIAN_POINT('Origin',(1.60249036790356,24.6791705917686,74.9598113122749));
#3561=CARTESIAN_POINT('',(1.60249036790356,26.1791705917686,70.));
#3562=CARTESIAN_POINT('Origin',(1.60249036790356,24.6791705917686,70.));
#3563=CARTESIAN_POINT('',(1.60249036790356,26.1791705917686,65.));
#3564=CARTESIAN_POINT('Origin',(1.60249036790356,24.6791705917686,65.));
#3565=CARTESIAN_POINT('',(1.60249036790356,26.1791705917686,74.9598113122749));
#3566=CARTESIAN_POINT('Origin',(56.6024903679036,24.6791705917686,54.9598113122749));
#3567=CARTESIAN_POINT('',(112.124254177689,23.2728411400404,54.9598113122749));
#3568=CARTESIAN_POINT('',(112.124254177689,26.0855000434969,54.9598113122749));
#3569=CARTESIAN_POINT('',(112.124254177689,17.3395852958843,54.9598113122749));
#3570=CARTESIAN_POINT('Origin',(111.602490367904,24.6791705917686,54.9598113122749));
#3571=CARTESIAN_POINT('Origin',(1.60249036790356,26.1791705917686,74.9598113122749));
#3572=CARTESIAN_POINT('',(111.602490367904,26.1791705917686,70.));
#3573=CARTESIAN_POINT('',(28.7778610087521,26.1791705917686,70.));
#3574=CARTESIAN_POINT('',(111.602490367904,26.1791705917686,65.));
#3575=CARTESIAN_POINT('',(28.832308728374,26.1791705917686,65.));
#3576=CARTESIAN_POINT('',(111.602490367904,26.1791705917686,74.9598113122749));
#3577=CARTESIAN_POINT('Origin',(111.602490367904,24.6791705917686,74.9598113122749));
#3578=CARTESIAN_POINT('Origin',(111.602490367904,24.6791705917686,70.));
#3579=CARTESIAN_POINT('',(112.124254177689,26.0855000434969,65.));
#3580=CARTESIAN_POINT('Origin',(111.602490367904,24.6791705917686,65.));
#3581=CARTESIAN_POINT('',(112.124254177689,26.0855000434969,74.9598113122749));
#3582=CARTESIAN_POINT('',(112.124254177689,23.2728411400404,65.));
#3583=CARTESIAN_POINT('',(112.124254177689,23.2728411400404,74.9598113122749));
#3584=CARTESIAN_POINT('Origin',(111.602490367904,24.6791705917686,65.));
#3585=CARTESIAN_POINT('Origin',(111.602490367904,43.1791705917686,74.9598113122749));
#3586=CARTESIAN_POINT('',(111.602490367904,43.1791705917686,70.));
#3587=CARTESIAN_POINT('',(1.60249036790361,43.1791705917686,70.));
#3588=CARTESIAN_POINT('',(83.7778610087521,43.1791705917686,70.));
#3589=CARTESIAN_POINT('',(111.602490367904,43.1791705917686,65.));
#3590=CARTESIAN_POINT('',(111.602490367904,43.1791705917686,74.9598113122749));
#3591=CARTESIAN_POINT('',(1.60249036790361,43.1791705917686,65.));
#3592=CARTESIAN_POINT('',(83.832308728374,43.1791705917686,65.));
#3593=CARTESIAN_POINT('',(1.60249036790361,43.1791705917686,74.9598113122749));
#3594=CARTESIAN_POINT('Origin',(1.60249036790361,44.6791705917686,74.9598113122749));
#3595=CARTESIAN_POINT('',(1.60249036790361,46.1791705917686,70.));
#3596=CARTESIAN_POINT('Origin',(1.60249036790361,44.6791705917686,70.));
#3597=CARTESIAN_POINT('',(1.60249036790361,46.1791705917686,65.));
#3598=CARTESIAN_POINT('Origin',(1.60249036790361,44.6791705917686,65.));
#3599=CARTESIAN_POINT('',(1.60249036790361,46.1791705917686,74.9598113122749));
#3600=CARTESIAN_POINT('Origin',(56.6024903679036,44.6791705917686,54.9598113122749));
#3601=CARTESIAN_POINT('',(112.124254177689,43.2728411400404,54.9598113122749));
#3602=CARTESIAN_POINT('',(112.124254177689,46.0855000434969,54.9598113122749));
#3603=CARTESIAN_POINT('',(112.124254177689,27.3395852958843,54.9598113122749));
#3604=CARTESIAN_POINT('Origin',(111.602490367904,44.6791705917686,54.9598113122749));
#3605=CARTESIAN_POINT('Origin',(1.60249036790361,46.1791705917686,74.9598113122749));
#3606=CARTESIAN_POINT('',(111.602490367904,46.1791705917686,70.));
#3607=CARTESIAN_POINT('',(28.7778610087521,46.1791705917686,70.));
#3608=CARTESIAN_POINT('',(111.602490367904,46.1791705917686,65.));
#3609=CARTESIAN_POINT('',(28.832308728374,46.1791705917686,65.));
#3610=CARTESIAN_POINT('',(111.602490367904,46.1791705917686,74.9598113122749));
#3611=CARTESIAN_POINT('Origin',(111.602490367904,44.6791705917686,74.9598113122749));
#3612=CARTESIAN_POINT('Origin',(111.602490367904,44.6791705917686,70.));
#3613=CARTESIAN_POINT('',(112.124254177689,46.0855000434969,65.));
#3614=CARTESIAN_POINT('Origin',(111.602490367904,44.6791705917686,65.));
#3615=CARTESIAN_POINT('',(112.124254177689,46.0855000434969,74.9598113122749));
#3616=CARTESIAN_POINT('',(112.124254177689,43.2728411400404,65.));
#3617=CARTESIAN_POINT('',(112.124254177689,43.2728411400404,74.9598113122749));
#3618=CARTESIAN_POINT('Origin',(111.602490367904,44.6791705917686,65.));
#3619=CARTESIAN_POINT('Origin',(1.60249036790352,9.67917059176859,74.9598113122749));
#3620=CARTESIAN_POINT('',(1.60249036790352,8.17917059176859,70.));
#3621=CARTESIAN_POINT('',(1.60249036790352,11.1791705917686,70.));
#3622=CARTESIAN_POINT('Origin',(1.60249036790352,9.67917059176859,70.));
#3623=CARTESIAN_POINT('',(1.60249036790352,8.17917059176859,65.));
#3624=CARTESIAN_POINT('',(1.60249036790352,8.17917059176859,74.9598113122749));
#3625=CARTESIAN_POINT('',(1.60249036790352,11.1791705917686,65.));
#3626=CARTESIAN_POINT('Origin',(1.60249036790352,9.67917059176859,65.));
#3627=CARTESIAN_POINT('',(1.60249036790352,11.1791705917686,74.9598113122749));
#3628=CARTESIAN_POINT('Origin',(111.602490367904,8.17917059176863,74.9598113122749));
#3629=CARTESIAN_POINT('',(111.602490367904,8.17917059176863,70.));
#3630=CARTESIAN_POINT('',(83.7778610087521,8.17917059176863,70.));
#3631=CARTESIAN_POINT('',(111.602490367904,8.17917059176863,65.));
#3632=CARTESIAN_POINT('',(111.602490367904,8.17917059176863,74.9598113122749));
#3633=CARTESIAN_POINT('',(83.832308728374,8.17917059176863,65.));
#3634=CARTESIAN_POINT('Origin',(1.60249036790352,11.1791705917686,74.9598113122749));
#3635=CARTESIAN_POINT('',(111.602490367904,11.1791705917686,70.));
#3636=CARTESIAN_POINT('',(28.7778610087521,11.1791705917686,70.));
#3637=CARTESIAN_POINT('',(111.602490367904,11.1791705917686,65.));
#3638=CARTESIAN_POINT('',(28.832308728374,11.1791705917686,65.));
#3639=CARTESIAN_POINT('',(111.602490367904,11.1791705917686,74.9598113122749));
#3640=CARTESIAN_POINT('Origin',(111.602490367904,9.67917059176863,74.9598113122749));
#3641=CARTESIAN_POINT('Origin',(111.602490367904,9.67917059176863,70.));
#3642=CARTESIAN_POINT('',(112.124254177689,11.0855000434969,65.));
#3643=CARTESIAN_POINT('Origin',(111.602490367904,9.67917059176863,65.));
#3644=CARTESIAN_POINT('',(112.124254177689,11.0855000434969,54.9598113122749));
#3645=CARTESIAN_POINT('',(112.124254177689,11.0855000434969,74.9598113122749));
#3646=CARTESIAN_POINT('',(111.965225865122,8.22369027274768,54.9598113122749));
#3647=CARTESIAN_POINT('Origin',(111.602490367904,9.67917059176863,54.9598113122749));
#3648=CARTESIAN_POINT('',(111.965225865122,8.22369027274767,65.));
#3649=CARTESIAN_POINT('',(111.965225865122,8.22369027274767,74.9598113122749));
#3650=CARTESIAN_POINT('Origin',(111.602490367904,9.67917059176863,65.));
#3651=CARTESIAN_POINT('Origin',(56.6024903679035,9.67917059176861,54.9598113122749));
#3652=CARTESIAN_POINT('',(112.124254177689,10.,54.9598113122749));
#3653=CARTESIAN_POINT('',(112.124254177689,9.83958529588431,54.9598113122749));
#3654=CARTESIAN_POINT('Origin',(102.124254177689,9.99999999999999,54.9598113122749));
#3655=CARTESIAN_POINT('Origin',(9.99999999999999,9.99999999999999,0.));
#3656=CARTESIAN_POINT('',(10.,0.,65.));
#3657=CARTESIAN_POINT('Origin',(9.99999999999999,9.99999999999999,65.));
#3658=CARTESIAN_POINT('',(10.,1.11022302462516E-15,0.));
#3659=CARTESIAN_POINT('',(10.,1.11022302462516E-15,0.));
#3660=CARTESIAN_POINT('',(1.11022302462516E-15,10.,0.));
#3661=CARTESIAN_POINT('Origin',(9.99999999999999,9.99999999999999,0.));
#3662=CARTESIAN_POINT('',(1.11022302462516E-15,10.,65.));
#3663=CARTESIAN_POINT('',(1.11022302462516E-15,10.,0.));
#3664=CARTESIAN_POINT('Origin',(9.99999999999999,9.99999999999999,65.));
#3665=CARTESIAN_POINT('Origin',(56.0621270888444,93.,65.));
#3666=CARTESIAN_POINT('',(102.124254177689,0.,65.));
#3667=CARTESIAN_POINT('Origin',(102.124254177689,9.99999999999999,65.));
#3668=CARTESIAN_POINT('',(10.,0.,65.));
#3669=CARTESIAN_POINT('Origin',(56.0621270888444,93.,65.));
#3670=CARTESIAN_POINT('',(112.124254177689,10.,65.));
#3671=CARTESIAN_POINT('',(112.124254177689,10.,65.));
#3672=CARTESIAN_POINT('',(112.124254177689,10.,65.));
#3673=CARTESIAN_POINT('',(112.124254177689,10.,65.));
#3674=CARTESIAN_POINT('',(112.124254177689,10.,65.));
#3675=CARTESIAN_POINT('Origin',(102.124254177689,9.99999999999999,65.));
#3676=CARTESIAN_POINT('',(0.,130.,65.));
#3677=CARTESIAN_POINT('',(0.,125.,65.));
#3678=CARTESIAN_POINT('',(2.23424510028589,145.660255427797,65.));
#3679=CARTESIAN_POINT('Origin',(56.,130.,65.));
#3680=CARTESIAN_POINT('',(0.231881718868676,130.954796820714,65.));
#3681=CARTESIAN_POINT('Origin',(55.2318817188687,130.954796820714,65.));
#3682=CARTESIAN_POINT('',(52.2190625103449,185.872215918999,65.));
#3683=CARTESIAN_POINT('Origin',(55.2318817188687,130.954796820714,65.));
#3684=CARTESIAN_POINT('',(112.,130.,65.));
#3685=CARTESIAN_POINT('Origin',(56.,130.,65.));
#3686=CARTESIAN_POINT('',(112.124254177689,125.,65.));
#3687=CARTESIAN_POINT('',(112.,130.,65.));
#3688=CARTESIAN_POINT('',(112.124254177689,10.,65.));
#3689=CARTESIAN_POINT('',(112.124254177689,10.,65.));
#3690=CARTESIAN_POINT('',(112.124254177689,10.,65.));
#3691=CARTESIAN_POINT('',(112.124254177689,10.,65.));
#3692=CARTESIAN_POINT('',(112.124254177689,10.,65.));
#3693=CARTESIAN_POINT('',(112.124254177689,10.,65.));
#3694=CARTESIAN_POINT('',(112.124254177689,10.,65.));
#3695=CARTESIAN_POINT('',(3.80486863570866,70.2272451325075,65.));
#3696=CARTESIAN_POINT('',(13.8048686357087,70.2272451325075,65.));
#3697=CARTESIAN_POINT('',(32.4334978622766,70.2272451325075,65.));
#3698=CARTESIAN_POINT('',(13.8048686357087,77.2272451325075,65.));
#3699=CARTESIAN_POINT('Origin',(13.8048686357087,73.7272451325075,65.));
#3700=CARTESIAN_POINT('',(3.80486863570866,77.2272451325075,65.));
#3701=CARTESIAN_POINT('',(27.4334978622766,77.2272451325075,65.));
#3702=CARTESIAN_POINT('Origin',(3.80486863570866,73.7272451325075,65.));
#3703=CARTESIAN_POINT('Origin',(112.124254177689,10.,0.));
#3704=CARTESIAN_POINT('',(112.124254177689,125.,0.));
#3705=CARTESIAN_POINT('',(112.124254177689,125.,0.));
#3706=CARTESIAN_POINT('',(112.124254177689,10.,0.));
#3707=CARTESIAN_POINT('',(112.124254177689,51.4883083966879,0.));
#3708=CARTESIAN_POINT('',(112.124254177689,10.,0.));
#3709=CARTESIAN_POINT('Origin',(3.80486863570866,77.2272451325075,74.9598113122749));
#3710=CARTESIAN_POINT('',(13.8048686357087,77.2272451325075,70.));
#3711=CARTESIAN_POINT('',(13.8048686357087,77.2272451325075,74.9598113122749));
#3712=CARTESIAN_POINT('',(3.80486863570866,77.2272451325075,70.));
#3713=CARTESIAN_POINT('',(27.3790501426546,77.2272451325075,70.));
#3714=CARTESIAN_POINT('',(3.80486863570866,77.2272451325075,74.9598113122749));
#3715=CARTESIAN_POINT('Origin',(3.80486863570866,73.7272451325075,74.9598113122749));
#3716=CARTESIAN_POINT('',(3.80486863570866,70.2272451325075,70.));
#3717=CARTESIAN_POINT('Origin',(3.80486863570866,73.7272451325075,70.));
#3718=CARTESIAN_POINT('',(3.80486863570866,70.2272451325075,74.9598113122749));
#3719=CARTESIAN_POINT('Origin',(13.8048686357087,70.2272451325075,74.9598113122749));
#3720=CARTESIAN_POINT('',(13.8048686357087,70.2272451325075,70.));
#3721=CARTESIAN_POINT('',(32.3790501426546,70.2272451325075,70.));
#3722=CARTESIAN_POINT('',(13.8048686357087,70.2272451325075,74.9598113122749));
#3723=CARTESIAN_POINT('Origin',(13.8048686357087,73.7272451325075,74.9598113122749));
#3724=CARTESIAN_POINT('Origin',(13.8048686357087,73.7272451325075,70.));
#3725=CARTESIAN_POINT('Origin',(55.2318817188687,130.954796820714,63.));
#3726=CARTESIAN_POINT('',(52.2190625103449,185.872215918999,63.0000000000001));
#3727=CARTESIAN_POINT('',(2.23424510028589,145.660255427797,63.0000000000001));
#3728=CARTESIAN_POINT('Origin',(56.,130.,63.));
#3729=CARTESIAN_POINT('Origin',(55.2318817188687,130.954796820714,63.));
#3730=CARTESIAN_POINT('Origin',(55.2318817188687,130.954796820714,68.));
#3731=CARTESIAN_POINT('',(0.231881718868676,130.954796820714,70.));
#3732=CARTESIAN_POINT('Origin',(55.2318817188687,130.954796820714,70.));
#3733=CARTESIAN_POINT('',(0.231881718868676,130.954796820714,68.));
#3734=CARTESIAN_POINT('',(2.23424510028589,145.660255427797,68.0000000000001));
#3735=CARTESIAN_POINT('',(52.2190625103449,185.872215918999,68.0000000000001));
#3736=CARTESIAN_POINT('Origin',(56.,130.,0.));
#3737=CARTESIAN_POINT('',(0.,130.,0.));
#3738=CARTESIAN_POINT('',(0.,130.,0.));
#3739=CARTESIAN_POINT('',(112.,130.,0.));
#3740=CARTESIAN_POINT('Origin',(56.,130.,0.));
#3741=CARTESIAN_POINT('',(112.,130.,0.));
#3742=CARTESIAN_POINT('Origin',(112.124254177689,125.,0.));
#3743=CARTESIAN_POINT('',(112.504578616278,109.695708198179,0.));
#3744=CARTESIAN_POINT('Origin',(102.124254177689,9.99999999999999,0.));
#3745=CARTESIAN_POINT('',(102.124254177689,0.,0.));
#3746=CARTESIAN_POINT('Origin',(102.124254177689,9.99999999999999,0.));
#3747=CARTESIAN_POINT('',(102.124254177689,0.,0.));
#3748=CARTESIAN_POINT('Origin',(10.,0.,0.));
#3749=CARTESIAN_POINT('',(32.9766158248003,0.,0.));
#3750=CARTESIAN_POINT('Origin',(-4.82705662880503E-17,130.,0.));
#3751=CARTESIAN_POINT('',(0.,111.488308396688,0.));
#3752=CARTESIAN_POINT('Origin',(4.99999992549418,4.99999992549418,0.));
#3753=CARTESIAN_POINT('',(-5.00000007450581,4.99999992549419,0.));
#3754=CARTESIAN_POINT('',(4.99999992549419,-5.00000007450581,0.));
#3755=CARTESIAN_POINT('Origin',(4.99999992549418,4.99999992549418,0.));
#3756=CARTESIAN_POINT('',(4.99999992549419,-5.00000007450581,70.));
#3757=CARTESIAN_POINT('',(4.99999992549419,-5.00000007450581,0.));
#3758=CARTESIAN_POINT('',(-5.00000007450581,4.99999992549419,70.));
#3759=CARTESIAN_POINT('Origin',(4.99999992549418,4.99999992549418,70.));
#3760=CARTESIAN_POINT('',(-5.00000007450581,4.99999992549419,0.));
#3761=CARTESIAN_POINT('Origin',(-5.00000007450581,130.00000184334,0.));
#3762=CARTESIAN_POINT('',(-5.00000007450582,130.00000184334,0.));
#3763=CARTESIAN_POINT('',(-5.00000007450581,4.99999992549419,0.));
#3764=CARTESIAN_POINT('',(-5.00000007450582,130.00000184334,70.));
#3765=CARTESIAN_POINT('',(-5.00000007450581,4.99999992549419,70.));
#3766=CARTESIAN_POINT('',(-5.00000007450582,130.00000184334,0.));
#3767=CARTESIAN_POINT('Origin',(55.9532316496006,130.000001937151,0.));
#3768=CARTESIAN_POINT('',(116.906463373707,130.,0.));
#3769=CARTESIAN_POINT('Origin',(55.9532316496006,130.000001937151,0.));
#3770=CARTESIAN_POINT('',(116.906463373707,130.,70.));
#3771=CARTESIAN_POINT('Origin',(55.9532316496006,130.000001937151,70.));
#3772=CARTESIAN_POINT('',(116.906463373707,130.,0.));
#3773=CARTESIAN_POINT('Origin',(116.906463373707,4.99999992549419,0.));
#3774=CARTESIAN_POINT('',(116.906463373707,4.99999992549419,0.));
#3775=CARTESIAN_POINT('',(116.906463373707,4.99999992549419,0.));
#3776=CARTESIAN_POINT('',(116.906463373707,4.99999992549419,70.));
#3777=CARTESIAN_POINT('',(116.906463373707,4.99999992549419,70.));
#3778=CARTESIAN_POINT('',(116.906463373707,4.99999992549419,0.));
#3779=CARTESIAN_POINT('Origin',(106.906463373707,4.99999992549418,0.));
#3780=CARTESIAN_POINT('',(106.906463373707,-5.00000007450581,0.));
#3781=CARTESIAN_POINT('Origin',(106.906463373707,4.99999992549418,0.));
#3782=CARTESIAN_POINT('',(106.906463373707,-5.00000007450581,70.));
#3783=CARTESIAN_POINT('Origin',(106.906463373707,4.99999992549418,70.));
#3784=CARTESIAN_POINT('',(106.906463373707,-5.00000007450581,0.));
#3785=CARTESIAN_POINT('Origin',(4.99999992549419,-5.00000007450581,0.));
#3786=CARTESIAN_POINT('',(10.0000001490116,-5.00000007450581,0.));
#3787=CARTESIAN_POINT('',(10.0000001490116,-5.00000007450581,70.));
#3788=CARTESIAN_POINT('Origin',(55.9532316496006,92.9766167933758,70.));
#3789=CARTESIAN_POINT('Origin',(55.9532316496006,92.9766167933758,0.));
#3790=UNCERTAINTY_MEASURE_WITH_UNIT(LENGTH_MEASURE(0.01),#3794,
'DISTANCE_ACCURACY_VALUE',
'Maximum model space distance between geometric entities at asserted c
onnectivities');
#3791=UNCERTAINTY_MEASURE_WITH_UNIT(LENGTH_MEASURE(0.01),#3794,
'DISTANCE_ACCURACY_VALUE',
'Maximum model space distance between geometric entities at asserted c
onnectivities');
#3792=(
GEOMETRIC_REPRESENTATION_CONTEXT(3)
GLOBAL_UNCERTAINTY_ASSIGNED_CONTEXT((#3790))
GLOBAL_UNIT_ASSIGNED_CONTEXT((#3794,#3796,#3797))
REPRESENTATION_CONTEXT('','3D')
);
#3793=(
GEOMETRIC_REPRESENTATION_CONTEXT(3)
GLOBAL_UNCERTAINTY_ASSIGNED_CONTEXT((#3791))
GLOBAL_UNIT_ASSIGNED_CONTEXT((#3794,#3796,#3797))
REPRESENTATION_CONTEXT('','3D')
);
#3794=(
LENGTH_UNIT()
NAMED_UNIT(*)
SI_UNIT(.MILLI.,.METRE.)
);
#3795=(
LENGTH_UNIT()
NAMED_UNIT(*)
SI_UNIT($,.METRE.)
);
#3796=(
NAMED_UNIT(*)
PLANE_ANGLE_UNIT()
SI_UNIT($,.RADIAN.)
);
#3797=(
NAMED_UNIT(*)
SI_UNIT($,.STERADIAN.)
SOLID_ANGLE_UNIT()
);
#3798=SHAPE_DEFINITION_REPRESENTATION(#3799,#3800);
#3799=PRODUCT_DEFINITION_SHAPE('',$,#3802);
#3800=SHAPE_REPRESENTATION('',(#2278),#3792);
#3801=PRODUCT_DEFINITION_CONTEXT('part definition',#3806,'design');
#3802=PRODUCT_DEFINITION('base_top','base_top',#3803,#3801);
#3803=PRODUCT_DEFINITION_FORMATION('',$,#3808);
#3804=PRODUCT_RELATED_PRODUCT_CATEGORY('base_top','base_top',(#3808));
#3805=APPLICATION_PROTOCOL_DEFINITION('international standard',
'automotive_design',2009,#3806);
#3806=APPLICATION_CONTEXT(
'Core Data for Automotive Mechanical Design Process');
#3807=PRODUCT_CONTEXT('part definition',#3806,'mechanical');
#3808=PRODUCT('base_top','base_top',$,(#3807));
#3809=PRESENTATION_STYLE_ASSIGNMENT((#3810));
#3810=SURFACE_STYLE_USAGE(.BOTH.,#3811);
#3811=SURFACE_SIDE_STYLE('',(#3812));
#3812=SURFACE_STYLE_FILL_AREA(#3813);
#3813=FILL_AREA_STYLE('Steel - Satin',(#3814));
#3814=FILL_AREA_STYLE_COLOUR('Steel - Satin',#3815);
#3815=COLOUR_RGB('Steel - Satin',0.627450980392157,0.627450980392157,0.627450980392157);
ENDSEC;
END-ISO-10303-21;
